Release Date,Process Size (nm),TDP (W),Die Size (mm^2),Transistors (million),Freq (MHz),FP16 GFLOPS,FP32 GFLOPS,FP64 GFLOPS,Release Year,Release Month,Release Quarter,Power Density (W/mm2),Type_encoded,Vendor_ATI,Vendor_Intel,Vendor_NVIDIA,Vendor_Other,Foundry_Intel,Foundry_Other,Foundry_TSMC,Foundry_UMC,Foundry_Unknown
2007-02-20,65.0,45.0,77.0,122.0,2200.0,,,,2007.0,2.0,1.0,0.5844155844155844,0,False,False,False,False,False,False,False,False,True
2018-09-06,14.0,35.0,192.0,4800.0,3200.0,,,,2018.0,9.0,3.0,0.18229166666666666,0,False,False,False,False,False,False,False,False,True
2020-09-02,10.0,28.0,,,2600.0,,,,2020.0,9.0,3.0,,0,False,True,False,False,True,False,False,False,False
2013-09-01,22.0,80.0,160.0,1400.0,1800.0,,,,2013.0,9.0,3.0,0.5,0,False,True,False,False,True,False,False,False,False
2011-05-03,45.0,125.0,258.0,758.0,3700.0,,,,2011.0,5.0,2.0,0.4844961240310077,0,False,False,False,False,False,False,False,False,True
2013-09-01,22.0,95.0,160.0,1400.0,2400.0,,,,2013.0,9.0,3.0,0.59375,0,False,True,False,False,True,False,False,False,False
2008-03-27,65.0,125.0,285.0,450.0,2400.0,,,,2008.0,3.0,1.0,0.43859649122807015,0,False,False,False,False,False,False,False,False,True
2006-01-16,65.0,130.0,140.0,376.0,3000.0,,,,2006.0,1.0,1.0,0.9285714285714286,0,False,True,False,False,True,False,False,False,False
2020-09-02,10.0,28.0,,,2000.0,,,,2020.0,9.0,3.0,,0,False,True,False,False,True,False,False,False,False
2006-05-23,90.0,89.0,156.0,154.0,2200.0,,,,2006.0,5.0,2.0,0.5705128205128205,0,False,False,False,False,False,False,False,False,True
2004-08-01,130.0,62.0,80.0,37.0,1992.0,,,,2004.0,8.0,3.0,0.775,0,False,False,False,False,False,False,False,False,True
2012-10-19,22.0,35.0,160.0,1480.0,2200.0,,,,2012.0,10.0,4.0,0.21875,0,False,True,False,False,True,False,False,False,False
2012-09-01,40.0,9.0,75.0,,1000.0,,,,2012.0,9.0,3.0,0.12,0,False,False,False,False,False,False,False,False,True
2018-04-05,14.0,28.0,123.0,,2600.0,,,,2018.0,4.0,2.0,0.22764227642276422,0,False,True,False,False,True,False,False,False,False
2007-12-19,65.0,95.0,285.0,450.0,2300.0,,,,2007.0,12.0,4.0,0.3333333333333333,0,False,False,False,False,False,False,False,False,True
2013-09-01,22.0,12.0,118.0,1400.0,1200.0,,,,2013.0,9.0,3.0,0.1016949152542373,0,False,True,False,False,True,False,False,False,False
2008-09-01,65.0,35.0,,,2300.0,,,,2008.0,9.0,3.0,,0,False,False,False,False,False,False,False,False,True
2005-06-01,90.0,84.0,109.0,125.0,2660.0,,,,2005.0,6.0,2.0,0.7706422018348624,0,False,True,False,False,True,False,False,False,False
2013-09-01,22.0,80.0,160.0,1400.0,2500.0,,,,2013.0,9.0,3.0,0.5,0,False,True,False,False,True,False,False,False,False
2006-05-23,90.0,110.0,199.0,233.0,2400.0,,,,2006.0,5.0,2.0,0.5527638190954773,0,False,False,False,False,False,False,False,False,True
2012-06-01,22.0,17.0,118.0,,1800.0,,,,2012.0,6.0,2.0,0.1440677966101695,0,False,True,False,False,True,False,False,False,False
2004-12-01,90.0,55.0,,106.0,2200.0,,,,2004.0,12.0,4.0,,0,False,False,False,False,False,False,False,False,True
2000-08-14,180.0,60.0,120.0,37.0,1100.0,,,,2000.0,8.0,3.0,0.5,0,False,False,False,False,False,False,False,False,True
2009-06-02,45.0,130.0,263.0,731.0,3333.0,,,,2009.0,6.0,2.0,0.49429657794676807,0,False,True,False,False,True,False,False,False,False
2001-01-01,90.0,67.0,115.0,105.0,2200.0,,,,2001.0,1.0,1.0,0.5826086956521739,0,False,False,False,False,False,False,False,False,True
2005-11-14,90.0,84.0,109.0,169.0,3800.0,,,,2005.0,11.0,4.0,0.7706422018348624,0,False,True,False,False,True,False,False,False,False
2005-05-26,90.0,130.0,206.0,169.0,3000.0,,,,2005.0,5.0,2.0,0.6310679611650486,0,False,True,False,False,True,False,False,False,False
2018-11-16,14.0,170.0,213.0,4800.0,3100.0,,,,2018.0,11.0,4.0,0.7981220657276995,0,False,False,False,False,False,False,False,False,False
2004-06-21,90.0,115.0,109.0,125.0,3400.0,,,,2004.0,6.0,2.0,1.055045871559633,0,False,True,False,False,True,False,False,False,False
2001-07-01,130.0,30.0,80.0,44.0,1266.0,,,,2001.0,7.0,3.0,0.375,0,False,True,False,False,True,False,False,False,False
2009-07-22,45.0,45.0,117.0,234.0,2700.0,,,,2009.0,7.0,3.0,0.38461538461538464,0,False,False,False,False,False,False,False,False,True
2017-06-29,14.0,170.0,213.0,4800.0,2000.0,,,,2017.0,6.0,2.0,0.7981220657276995,0,False,False,False,False,False,False,False,False,False
2010-09-14,45.0,4.0,26.0,47.0,1600.0,,,,2010.0,9.0,3.0,0.15384615384615385,0,False,True,False,False,True,False,False,False,False
2013-09-01,22.0,130.0,160.0,1400.0,3000.0,,,,2013.0,9.0,3.0,0.8125,0,False,True,False,False,True,False,False,False,False
2021-04-06,10.0,270.0,,,2300.0,,,,2021.0,4.0,2.0,,0,False,True,False,False,True,False,False,False,False
2014-04-06,22.0,300.0,350.0,5000.0,1238.0,,,,2014.0,4.0,2.0,0.8571428571428571,0,False,True,False,False,True,False,False,False,False
2018-09-01,14.0,65.0,,,3700.0,,,,2018.0,9.0,3.0,,0,False,True,False,False,True,False,False,False,False
2012-12-11,32.0,8.0,,,1600.0,,,,2012.0,12.0,4.0,,0,False,True,False,False,True,False,False,False,False
2007-11-19,65.0,95.0,285.0,450.0,2300.0,,,,2007.0,11.0,4.0,0.3333333333333333,0,False,False,False,False,False,False,False,False,True
2011-06-01,32.0,35.0,149.0,624.0,2200.0,,,,2011.0,6.0,2.0,0.2348993288590604,0,False,True,False,False,True,False,False,False,False
2005-09-26,90.0,110.0,,233.0,2400.0,,,,2005.0,9.0,3.0,,0,False,False,False,False,False,False,False,False,True
2011-09-07,32.0,65.0,228.0,1178.0,2400.0,,,,2011.0,9.0,3.0,0.2850877192982456,0,False,False,False,False,False,False,False,False,True
2005-03-10,90.0,25.0,125.0,114.0,1800.0,,,,2005.0,3.0,1.0,0.2,0,False,False,False,False,False,False,False,False,True
2001-06-01,180.0,38.0,80.0,44.0,866.0,,,,2001.0,6.0,2.0,0.475,0,False,True,False,False,True,False,False,False,False
2009-01-27,45.0,65.0,107.0,820.0,2833.0,,,,2009.0,1.0,1.0,0.6074766355140186,0,False,True,False,False,True,False,False,False,False
2013-06-04,22.0,15.0,118.0,1300.0,1800.0,,,,2013.0,6.0,2.0,0.1271186440677966,0,False,True,False,False,True,False,False,False,False
2006-03-06,90.0,110.0,,233.0,2600.0,,,,2006.0,3.0,1.0,,0,False,False,False,False,False,False,False,False,True
2018-02-14,14.0,62.0,,,3700.0,,,,2018.0,2.0,1.0,,0,False,True,False,False,True,False,False,False,False
2017-04-11,14.0,65.0,192.0,4800.0,3200.0,,,,2017.0,4.0,2.0,0.3385416666666667,0,False,False,False,False,False,False,False,False,False
2011-06-14,32.0,35.0,228.0,1178.0,1900.0,,,,2011.0,6.0,2.0,0.15350877192982457,0,False,False,False,False,False,False,False,False,True
2003-10-06,130.0,97.0,237.0,286.0,3200.0,,,,2003.0,10.0,4.0,0.4092827004219409,0,False,True,False,False,True,False,False,False,False
2004-12-01,90.0,85.0,,106.0,2200.0,,,,2004.0,12.0,4.0,,0,False,False,False,False,False,False,False,False,True
2006-11-01,65.0,130.0,143.0,582.0,2666.0,,,,2006.0,11.0,4.0,0.9090909090909091,0,False,True,False,False,True,False,False,False,False
2021-03-16,14.0,35.0,,,3500.0,,,,2021.0,3.0,1.0,,0,False,True,False,False,True,False,False,False,False
2011-06-30,32.0,65.0,228.0,1178.0,2100.0,,,,2011.0,6.0,2.0,0.2850877192982456,0,False,False,False,False,False,False,False,False,True
2013-06-17,22.0,300.0,350.0,5000.0,1238.0,,,,2013.0,6.0,2.0,0.8571428571428571,0,False,True,False,False,True,False,False,False,False
2020-04-30,14.0,125.0,206.0,,3700.0,,,,2020.0,4.0,2.0,0.6067961165048543,0,False,True,False,False,True,False,False,False,False
2012-09-01,22.0,10.0,118.0,1400.0,1100.0,,,,2012.0,9.0,3.0,0.0847457627118644,0,False,True,False,False,True,False,False,False,False
2006-12-12,90.0,89.0,220.0,227.0,2800.0,,,,2006.0,12.0,4.0,0.40454545454545454,0,False,False,False,False,False,False,False,False,True
2010-05-11,45.0,95.0,169.0,300.0,3000.0,,,,2010.0,5.0,2.0,0.5621301775147929,0,False,False,False,False,False,False,False,False,True
2009-04-08,45.0,1.0,26.0,47.0,1200.0,,,,2009.0,4.0,2.0,0.038461538461538464,0,False,True,False,False,True,False,False,False,False
2019-08-07,7.0,155.0,74.0,3800.0,3000.0,,,,2019.0,8.0,3.0,2.0945945945945947,0,False,False,False,False,False,False,True,False,False
2015-03-01,14.0,15.0,,,1500.0,,,,2015.0,3.0,1.0,,0,False,True,False,False,True,False,False,False,False
2021-03-16,14.0,35.0,,,3000.0,,,,2021.0,3.0,1.0,,0,False,True,False,False,True,False,False,False,False
2021-01-12,7.0,45.0,156.0,9800.0,3300.0,,,,2021.0,1.0,1.0,0.28846153846153844,0,False,False,False,False,False,False,True,False,False
2019-08-07,7.0,180.0,74.0,3800.0,2500.0,,,,2019.0,8.0,3.0,2.4324324324324325,0,False,False,False,False,False,False,True,False,False
2007-02-20,90.0,62.0,230.0,227.0,2600.0,,,,2007.0,2.0,1.0,0.26956521739130435,0,False,False,False,False,False,False,False,False,True
2002-01-08,130.0,32.0,80.0,44.0,1400.0,,,,2002.0,1.0,1.0,0.4,0,False,True,False,False,True,False,False,False,False
,14.0,45.0,149.0,,2700.0,,,,,,,0.30201342281879195,0,False,True,False,False,True,False,False,False,False
2005-08-01,130.0,82.0,193.0,106.0,2200.0,,,,2005.0,8.0,3.0,0.42487046632124353,0,False,False,False,False,False,False,False,False,True
2013-09-01,22.0,80.0,160.0,1400.0,2100.0,,,,2013.0,9.0,3.0,0.5,0,False,True,False,False,True,False,False,False,False
2020-07-27,14.0,125.0,206.0,,3600.0,,,,2020.0,7.0,3.0,0.6067961165048543,0,False,True,False,False,True,False,False,False,False
2021-03-16,14.0,65.0,,,2800.0,,,,2021.0,3.0,1.0,,0,False,True,False,False,True,False,False,False,False
2012-06-03,22.0,25.0,118.0,,2500.0,,,,2012.0,6.0,2.0,0.211864406779661,0,False,True,False,False,True,False,False,False,False
2012-05-14,22.0,17.0,,,2300.0,,,,2012.0,5.0,2.0,,0,False,True,False,False,True,False,False,False,False
2018-02-13,14.0,15.0,123.0,,2400.0,,,,2018.0,2.0,1.0,0.12195121951219512,0,False,True,False,False,True,False,False,False,False
2018-12-11,14.0,165.0,,8000.0,2400.0,,,,2018.0,12.0,4.0,,0,False,True,False,False,True,False,False,False,False
2005-05-31,90.0,67.0,156.0,154.0,2200.0,,,,2005.0,5.0,2.0,0.42948717948717946,0,False,False,False,False,False,False,False,False,True
2020-11-05,7.0,105.0,,,3400.0,,,,2020.0,11.0,4.0,,0,False,False,False,False,False,False,True,False,False
2011-12-01,32.0,4.0,66.0,176.0,1600.0,,,,2011.0,12.0,4.0,0.06060606060606061,0,False,True,False,False,True,False,False,False,False
2021-04-06,10.0,185.0,,,2300.0,,,,2021.0,4.0,2.0,,0,False,True,False,False,True,False,False,False,False
2021-03-15,7.0,280.0,,,2450.0,,,,2021.0,3.0,1.0,,0,False,False,False,False,False,False,True,False,False
2018-02-01,14.0,65.0,,,3100.0,,,,2018.0,2.0,1.0,,0,False,True,False,False,True,False,False,False,False
2020-07-14,7.0,280.0,74.0,3800.0,3900.0,,,,2020.0,7.0,3.0,3.7837837837837838,0,False,False,False,False,False,False,True,False,False
2013-09-01,22.0,15.0,118.0,1400.0,1600.0,,,,2013.0,9.0,3.0,0.1271186440677966,0,False,True,False,False,True,False,False,False,False
2006-05-23,90.0,89.0,220.0,154.0,2000.0,,,,2006.0,5.0,2.0,0.40454545454545454,0,False,False,False,False,False,False,False,False,True
2013-09-01,22.0,60.0,160.0,1400.0,2400.0,,,,2013.0,9.0,3.0,0.375,0,False,True,False,False,True,False,False,False,False
2012-06-01,22.0,77.0,133.0,,3400.0,,,,2012.0,6.0,2.0,0.5789473684210527,0,False,True,False,False,True,False,False,False,False
2019-01-06,12.0,35.0,210.0,4940.0,2300.0,,,,2019.0,1.0,1.0,0.16666666666666666,0,False,False,False,False,False,False,False,False,False
2007-06-01,90.0,3.0,66.0,176.0,800.0,,,,2007.0,6.0,2.0,0.045454545454545456,0,False,True,False,False,True,False,False,False,False
2021-01-12,7.0,25.0,156.0,9800.0,2100.0,,,,2021.0,1.0,1.0,0.16025641025641027,0,False,False,False,False,False,False,True,False,False
2020-04-30,14.0,65.0,,,2700.0,,,,2020.0,4.0,2.0,,0,False,True,False,False,True,False,False,False,False
2005-03-29,90.0,135.0,,,3500.0,,,,2005.0,3.0,1.0,,0,False,True,False,False,True,False,False,False,False
2019-08-21,14.0,25.0,,,2100.0,,,,2019.0,8.0,3.0,,0,False,True,False,False,True,False,False,False,False
2021-03-16,14.0,65.0,,,3800.0,,,,2021.0,3.0,1.0,,0,False,True,False,False,True,False,False,False,False
2006-01-05,65.0,27.0,90.0,151.0,1866.0,,,,2006.0,1.0,1.0,0.3,0,False,True,False,False,True,False,False,False,False
2012-10-02,32.0,65.0,246.0,1178.0,3400.0,,,,2012.0,10.0,4.0,0.26422764227642276,0,False,False,False,False,False,False,False,False,True
2006-01-05,65.0,31.0,90.0,151.0,2166.0,,,,2006.0,1.0,1.0,0.34444444444444444,0,False,True,False,False,True,False,False,False,False
2015-09-01,14.0,51.0,150.0,1400.0,3500.0,,,,2015.0,9.0,3.0,0.34,0,False,True,False,False,True,False,False,False,False
2012-10-02,32.0,100.0,246.0,1178.0,3600.0,,,,2012.0,10.0,4.0,0.4065040650406504,0,False,False,False,False,False,False,False,False,True
2002-10-01,130.0,68.0,80.0,37.0,2133.0,,,,2002.0,10.0,4.0,0.85,0,False,False,False,False,False,False,False,False,True
2003-12-15,130.0,89.0,193.0,69.0,2000.0,,,,2003.0,12.0,4.0,0.46113989637305697,0,False,False,False,False,False,False,False,False,True
2006-07-23,65.0,95.0,140.0,376.0,3400.0,,,,2006.0,7.0,3.0,0.6785714285714286,0,False,True,False,False,True,False,False,False,False
2011-06-19,32.0,35.0,131.0,504.0,1500.0,,,,2011.0,6.0,2.0,0.26717557251908397,0,False,True,False,False,True,False,False,False,False
2010-11-22,45.0,4.0,26.0,47.0,1300.0,,,,2010.0,11.0,4.0,0.15384615384615385,0,False,True,False,False,True,False,False,False,False
2014-02-01,32.0,9.0,246.0,1178.0,1050.0,,,,2014.0,2.0,1.0,0.036585365853658534,0,False,False,False,False,False,False,False,False,True
2019-08-21,14.0,25.0,,,1600.0,,,,2019.0,8.0,3.0,,0,False,True,False,False,True,False,False,False,False
2020-07-21,12.0,65.0,,,3500.0,,,,2020.0,7.0,3.0,,0,False,False,False,False,False,False,False,False,False
2003-09-24,130.0,73.0,146.0,55.0,2700.0,,,,2003.0,9.0,3.0,0.5,0,False,True,False,False,True,False,False,False,False
2021-04-06,10.0,150.0,,,2100.0,,,,2021.0,4.0,2.0,,0,False,True,False,False,True,False,False,False,False
2007-02-20,90.0,62.0,230.0,227.0,2200.0,,,,2007.0,2.0,1.0,0.26956521739130435,0,False,False,False,False,False,False,False,False,True
2006-05-23,90.0,35.0,103.0,81.0,1800.0,,,,2006.0,5.0,2.0,0.33980582524271846,0,False,False,False,False,False,False,False,False,True
2012-11-01,22.0,35.0,160.0,1480.0,2900.0,,,,2012.0,11.0,4.0,0.21875,0,False,True,False,False,True,False,False,False,False
2011-06-14,32.0,45.0,228.0,1178.0,1600.0,,,,2011.0,6.0,2.0,0.19736842105263158,0,False,False,False,False,False,False,False,False,True
2010-09-26,32.0,35.0,81.0,382.0,2400.0,,,,2010.0,9.0,3.0,0.43209876543209874,0,False,True,False,False,True,False,False,False,False
2016-01-14,28.0,32.0,,,1700.0,,,,2016.0,1.0,1.0,,0,False,False,False,False,False,False,False,False,True
2013-09-01,22.0,54.0,177.0,1400.0,3300.0,,,,2013.0,9.0,3.0,0.3050847457627119,0,False,True,False,False,True,False,False,False,False
2020-04-02,14.0,25.0,,,1800.0,,,,2020.0,4.0,2.0,,0,False,True,False,False,True,False,False,False,False
2014-04-14,22.0,15.0,118.0,1400.0,1700.0,,,,2014.0,4.0,2.0,0.1271186440677966,0,False,True,False,False,True,False,False,False,False
2007-04-01,65.0,65.0,111.0,167.0,2133.0,,,,2007.0,4.0,2.0,0.5855855855855856,0,False,True,False,False,True,False,False,False,False
2001-11-05,180.0,68.0,150.0,37.0,1600.0,,,,2001.0,11.0,4.0,0.4533333333333333,0,False,False,False,False,False,False,False,False,True
2001-12-01,130.0,31.0,80.0,44.0,1400.0,,,,2001.0,12.0,4.0,0.3875,0,False,True,False,False,True,False,False,False,False
2005-04-14,130.0,62.0,,105.0,1800.0,,,,2005.0,4.0,2.0,,0,False,False,False,False,False,False,False,False,True
2012-05-14,22.0,87.0,160.0,1400.0,3700.0,,,,2012.0,5.0,2.0,0.54375,0,False,True,False,False,True,False,False,False,False
2008-04-23,65.0,95.0,285.0,450.0,2200.0,,,,2008.0,4.0,2.0,0.3333333333333333,0,False,False,False,False,False,False,False,False,True
2017-10-05,14.0,95.0,,,3600.0,,,,2017.0,10.0,4.0,,0,False,True,False,False,True,False,False,False,False
2021-04-06,14.0,190.0,,,3900.0,,,,2021.0,4.0,2.0,,0,False,True,False,False,True,False,False,False,False
2002-06-10,130.0,68.0,80.0,37.0,1800.0,,,,2002.0,6.0,2.0,0.85,0,False,False,False,False,False,False,False,False,True
2020-07-21,12.0,35.0,,,3400.0,,,,2020.0,7.0,3.0,,0,False,False,False,False,False,False,False,False,False
2004-06-01,90.0,88.0,112.0,125.0,3200.0,,,,2004.0,6.0,2.0,0.7857142857142857,0,False,True,False,False,True,False,False,False,False
2018-01-01,14.0,65.0,154.0,,3200.0,,,,2018.0,1.0,1.0,0.42207792207792205,0,False,True,False,False,True,False,False,False,False
2008-03-02,65.0,65.0,77.0,105.0,2400.0,,,,2008.0,3.0,1.0,0.8441558441558441,0,False,True,False,False,True,False,False,False,False
2020-01-06,7.0,25.0,156.0,9800.0,2100.0,,,,2020.0,1.0,1.0,0.16025641025641027,0,False,False,False,False,False,False,True,False,False
2018-10-02,12.0,250.0,213.0,19200.0,3000.0,,,,2018.0,10.0,4.0,1.1737089201877935,0,False,False,False,False,False,False,False,False,False
2006-02-01,90.0,55.0,,233.0,2200.0,,,,2006.0,2.0,1.0,,0,False,False,False,False,False,False,False,False,True
2010-05-04,45.0,2.0,65.0,140.0,1000.0,,,,2010.0,5.0,2.0,0.03076923076923077,0,False,True,False,False,True,False,False,False,False
2021-04-06,10.0,225.0,,,2400.0,,,,2021.0,4.0,2.0,,0,False,True,False,False,True,False,False,False,False
2010-06-01,45.0,7.0,66.0,123.0,1834.0,,,,2010.0,6.0,2.0,0.10606060606060606,0,False,True,False,False,True,False,False,False,False
2012-09-03,22.0,69.0,133.0,,3100.0,,,,2012.0,9.0,3.0,0.518796992481203,0,False,True,False,False,True,False,False,False,False
2013-09-01,22.0,130.0,160.0,1400.0,3700.0,,,,2013.0,9.0,3.0,0.8125,0,False,True,False,False,True,False,False,False,False
2005-07-15,90.0,62.0,,69.0,2000.0,,,,2005.0,7.0,3.0,,0,False,False,False,False,False,False,False,False,True
2018-09-19,12.0,65.0,192.0,4800.0,3400.0,,,,2018.0,9.0,3.0,0.3385416666666667,0,False,False,False,False,False,False,False,False,False
2008-10-01,65.0,65.0,285.0,450.0,2100.0,,,,2008.0,10.0,4.0,0.22807017543859648,0,False,False,False,False,False,False,False,False,True
2011-12-20,32.0,65.0,228.0,1178.0,2800.0,,,,2011.0,12.0,4.0,0.2850877192982456,0,False,False,False,False,False,False,False,False,True
2001-08-27,180.0,67.0,217.0,42.0,1800.0,,,,2001.0,8.0,3.0,0.3087557603686636,0,False,True,False,False,True,False,False,False,False
2004-12-01,90.0,85.0,,106.0,2200.0,,,,2004.0,12.0,4.0,,0,False,False,False,False,False,False,False,False,True
2005-06-01,90.0,84.0,109.0,125.0,2660.0,,,,2005.0,6.0,2.0,0.7706422018348624,0,False,True,False,False,True,False,False,False,False
2012-09-03,22.0,45.0,160.0,1400.0,2800.0,,,,2012.0,9.0,3.0,0.28125,0,False,True,False,False,True,False,False,False,False
2002-05-06,130.0,110.0,146.0,55.0,2527.0,,,,2002.0,5.0,2.0,0.7534246575342466,0,False,True,False,False,True,False,False,False,False
2003-06-11,130.0,60.0,131.0,55.0,2400.0,,,,2003.0,6.0,2.0,0.4580152671755725,0,False,True,False,False,True,False,False,False,False
2012-11-12,22.0,300.0,350.0,5000.0,1250.0,,,,2012.0,11.0,4.0,0.8571428571428571,0,False,True,False,False,True,False,False,False,False
2017-01-03,14.0,51.0,,,4000.0,,,,2017.0,1.0,1.0,,0,False,True,False,False,True,False,False,False,False
2012-06-03,22.0,35.0,118.0,,2900.0,,,,2012.0,6.0,2.0,0.2966101694915254,0,False,True,False,False,True,False,False,False,False
2005-03-10,90.0,22.0,125.0,114.0,1600.0,,,,2005.0,3.0,1.0,0.176,0,False,False,False,False,False,False,False,False,True
2007-10-08,65.0,45.0,,,2300.0,,,,2007.0,10.0,4.0,,0,False,False,False,False,False,False,False,False,True
2010-05-04,45.0,2.0,65.0,140.0,1900.0,,,,2010.0,5.0,2.0,0.03076923076923077,0,False,True,False,False,True,False,False,False,False
2013-06-04,22.0,15.0,118.0,1400.0,1600.0,,,,2013.0,6.0,2.0,0.1271186440677966,0,False,True,False,False,True,False,False,False,False
2010-08-08,45.0,65.0,82.0,228.0,3000.0,,,,2010.0,8.0,3.0,0.7926829268292683,0,False,True,False,False,True,False,False,False,False
2012-06-01,22.0,35.0,118.0,,2400.0,,,,2012.0,6.0,2.0,0.2966101694915254,0,False,True,False,False,True,False,False,False,False
2013-09-01,22.0,35.0,177.0,1400.0,2700.0,,,,2013.0,9.0,3.0,0.1977401129943503,0,False,True,False,False,True,False,False,False,False
2013-01-06,40.0,18.0,75.0,,1480.0,,,,2013.0,1.0,1.0,0.24,0,False,False,False,False,False,False,False,False,True
2017-07-27,28.0,35.0,246.0,1178.0,3000.0,,,,2017.0,7.0,3.0,0.14227642276422764,0,False,False,False,False,False,False,False,False,True
2002-06-24,130.0,32.0,131.0,55.0,2000.0,,,,2002.0,6.0,2.0,0.24427480916030533,0,False,True,False,False,True,False,False,False,False
2010-03-16,32.0,80.0,239.0,1170.0,2400.0,,,,2010.0,3.0,1.0,0.33472803347280333,0,False,True,False,False,True,False,False,False,False
2012-09-30,22.0,35.0,118.0,,2500.0,,,,2012.0,9.0,3.0,0.2966101694915254,0,False,True,False,False,True,False,False,False,False
2011-11-14,32.0,115.0,316.0,2400.0,2200.0,,,,2011.0,11.0,4.0,0.3639240506329114,0,False,False,False,False,False,False,False,False,True
2017-03-02,14.0,95.0,192.0,4800.0,3600.0,,,,2017.0,3.0,1.0,0.4947916666666667,0,False,False,False,False,False,False,False,False,False
2012-08-01,22.0,35.0,118.0,,2400.0,,,,2012.0,8.0,3.0,0.2966101694915254,0,False,True,False,False,True,False,False,False,False
2019-01-06,12.0,15.0,210.0,4940.0,2600.0,,,,2019.0,1.0,1.0,0.07142857142857142,0,False,False,False,False,False,False,False,False,False
2018-05-31,14.0,72.0,126.0,1400.0,3400.0,,,,2018.0,5.0,2.0,0.5714285714285714,0,False,True,False,False,True,False,False,False,False
2000-06-05,180.0,40.0,120.0,37.0,700.0,,,,2000.0,6.0,2.0,0.3333333333333333,0,False,False,False,False,False,False,False,False,True
2004-04-27,130.0,32.0,144.0,69.0,1600.0,,,,2004.0,4.0,2.0,0.2222222222222222,0,False,False,False,False,False,False,False,False,True
2018-04-19,12.0,105.0,192.0,4800.0,3700.0,,,,2018.0,4.0,2.0,0.546875,0,False,False,False,False,False,False,False,False,False
2018-02-21,14.0,45.0,210.0,4950.0,3350.0,,,,2018.0,2.0,1.0,0.21428571428571427,0,False,False,False,False,False,False,False,False,False
2010-05-11,45.0,45.0,169.0,300.0,2500.0,,,,2010.0,5.0,2.0,0.26627218934911245,0,False,False,False,False,False,False,False,False,True
2011-05-22,32.0,95.0,216.0,1160.0,2900.0,,,,2011.0,5.0,2.0,0.4398148148148148,0,False,True,False,False,True,False,False,False,False
2012-10-23,32.0,125.0,315.0,1200.0,3500.0,,,,2012.0,10.0,4.0,0.3968253968253968,0,False,False,False,False,False,False,False,False,True
2020-04-30,14.0,125.0,,,3800.0,,,,2020.0,4.0,2.0,,0,False,True,False,False,True,False,False,False,False
2012-11-05,32.0,140.0,315.0,2400.0,2800.0,,,,2012.0,11.0,4.0,0.4444444444444444,0,False,False,False,False,False,False,False,False,True
2005-09-26,90.0,95.0,,233.0,2200.0,,,,2005.0,9.0,3.0,,0,False,False,False,False,False,False,False,False,True
2012-07-01,32.0,17.0,131.0,504.0,1400.0,,,,2012.0,7.0,3.0,0.1297709923664122,0,False,True,False,False,True,False,False,False,False
2010-12-07,45.0,125.0,346.0,904.0,3300.0,,,,2010.0,12.0,4.0,0.36127167630057805,0,False,False,False,False,False,False,False,False,True
2015-03-01,14.0,28.0,,,2500.0,,,,2015.0,3.0,1.0,,0,False,True,False,False,True,False,False,False,False
2013-09-01,22.0,54.0,177.0,1400.0,3400.0,,,,2013.0,9.0,3.0,0.3050847457627119,0,False,True,False,False,True,False,False,False,False
2013-07-24,32.0,130.0,435.0,2270.0,3000.0,,,,2013.0,7.0,3.0,0.2988505747126437,0,False,True,False,False,True,False,False,False,False
2012-10-19,22.0,35.0,160.0,1480.0,2200.0,,,,2012.0,10.0,4.0,0.21875,0,False,True,False,False,True,False,False,False,False
2018-09-01,14.0,35.0,,,2300.0,,,,2018.0,9.0,3.0,,0,False,True,False,False,True,False,False,False,False
2005-08-02,90.0,67.0,,106.0,1800.0,,,,2005.0,8.0,3.0,,0,False,False,False,False,False,False,False,False,True
2015-03-01,14.0,15.0,,,2200.0,,,,2015.0,3.0,1.0,,0,False,True,False,False,True,False,False,False,False
2001-01-01,90.0,84.0,109.0,125.0,2933.0,,,,2001.0,1.0,1.0,0.7706422018348624,0,False,True,False,False,True,False,False,False,False
2004-05-18,130.0,82.0,193.0,106.0,1600.0,,,,2004.0,5.0,2.0,0.42487046632124353,0,False,False,False,False,False,False,False,False,True
2017-01-03,14.0,65.0,,,3500.0,,,,2017.0,1.0,1.0,,0,False,True,False,False,True,False,False,False,False
2005-10-10,90.0,135.0,213.0,200.0,2800.0,,,,2005.0,10.0,4.0,0.6338028169014085,0,False,True,False,False,True,False,False,False,False
2009-05-10,45.0,65.0,82.0,228.0,3067.0,,,,2009.0,5.0,2.0,0.7926829268292683,0,False,True,False,False,True,False,False,False,False
2018-10-19,14.0,95.0,,,3600.0,,,,2018.0,10.0,4.0,,0,False,True,False,False,True,False,False,False,False
2009-02-09,45.0,95.0,258.0,758.0,2600.0,,,,2009.0,2.0,1.0,0.3682170542635659,0,False,False,False,False,False,False,False,False,True
2021-03-15,7.0,240.0,,,3500.0,,,,2021.0,3.0,1.0,,0,False,False,False,False,False,False,True,False,False
2004-07-28,130.0,62.0,80.0,37.0,1750.0,,,,2004.0,7.0,3.0,0.775,0,False,False,False,False,False,False,False,False,True
2014-05-01,22.0,54.0,177.0,1400.0,3300.0,,,,2014.0,5.0,2.0,0.3050847457627119,0,False,True,False,False,True,False,False,False,False
2017-06-29,14.0,180.0,213.0,4800.0,2200.0,,,,2017.0,6.0,2.0,0.8450704225352113,0,False,False,False,False,False,False,False,False,False
2015-06-01,22.0,140.0,160.0,1400.0,2200.0,,,,2015.0,6.0,2.0,0.875,0,False,True,False,False,True,False,False,False,False
2006-06-26,65.0,65.0,,,2333.0,,,,2006.0,6.0,2.0,,0,False,True,False,False,True,False,False,False,False
2008-03-27,65.0,125.0,285.0,450.0,2500.0,,,,2008.0,3.0,1.0,0.43859649122807015,0,False,False,False,False,False,False,False,False,True
2020-04-24,7.0,65.0,74.0,3800.0,3600.0,,,,2020.0,4.0,2.0,0.8783783783783784,0,False,False,False,False,False,False,True,False,False
2014-01-20,22.0,57.0,177.0,1400.0,3100.0,,,,2014.0,1.0,1.0,0.3220338983050847,0,False,True,False,False,True,False,False,False,False
2007-01-07,65.0,105.0,143.0,582.0,2400.0,,,,2007.0,1.0,1.0,0.7342657342657343,0,False,True,False,False,True,False,False,False,False
2006-05-23,90.0,125.0,220.0,243.0,2800.0,,,,2006.0,5.0,2.0,0.5681818181818182,0,False,False,False,False,False,False,False,False,True
2008-12-15,65.0,95.0,285.0,450.0,2700.0,,,,2008.0,12.0,4.0,0.3333333333333333,0,False,False,False,False,False,False,False,False,True
2012-09-03,22.0,45.0,160.0,1400.0,2700.0,,,,2012.0,9.0,3.0,0.28125,0,False,True,False,False,True,False,False,False,False
2014-05-01,22.0,35.0,177.0,1400.0,2900.0,,,,2014.0,5.0,2.0,0.1977401129943503,0,False,True,False,False,True,False,False,False,False
2011-03-01,45.0,9.0,87.0,176.0,1667.0,,,,2011.0,3.0,1.0,0.10344827586206896,0,False,True,False,False,True,False,False,False,False
2006-07-27,65.0,35.0,143.0,293.0,2000.0,,,,2006.0,7.0,3.0,0.24475524475524477,0,False,True,False,False,True,False,False,False,False
2010-11-22,45.0,4.0,26.0,47.0,1000.0,,,,2010.0,11.0,4.0,0.15384615384615385,0,False,True,False,False,True,False,False,False,False
2014-09-01,22.0,140.0,356.0,2600.0,3300.0,,,,2014.0,9.0,3.0,0.39325842696629215,0,False,True,False,False,True,False,False,False,False
2010-01-17,45.0,65.0,82.0,228.0,2600.0,,,,2010.0,1.0,1.0,0.7926829268292683,0,False,True,False,False,True,False,False,False,False
2012-10-23,32.0,95.0,315.0,1200.0,3600.0,,,,2012.0,10.0,4.0,0.30158730158730157,0,False,False,False,False,False,False,False,False,True
2011-09-04,32.0,65.0,131.0,504.0,2700.0,,,,2011.0,9.0,3.0,0.4961832061068702,0,False,True,False,False,True,False,False,False,False
2005-06-12,90.0,84.0,109.0,125.0,3000.0,,,,2005.0,6.0,2.0,0.7706422018348624,0,False,True,False,False,True,False,False,False,False
2005-03-01,90.0,55.0,,106.0,2200.0,,,,2005.0,3.0,1.0,,0,False,False,False,False,False,False,False,False,True
2006-01-01,90.0,95.0,,233.0,2800.0,,,,2006.0,1.0,1.0,,0,False,False,False,False,False,False,False,False,True
2003-06-23,130.0,82.0,131.0,55.0,3200.0,,,,2003.0,6.0,2.0,0.6259541984732825,0,False,True,False,False,True,False,False,False,False
2010-05-11,45.0,45.0,169.0,300.0,2400.0,,,,2010.0,5.0,2.0,0.26627218934911245,0,False,False,False,False,False,False,False,False,True
2012-06-01,22.0,35.0,118.0,,2400.0,,,,2012.0,6.0,2.0,0.2966101694915254,0,False,True,False,False,True,False,False,False,False
2015-03-01,14.0,15.0,,,2000.0,,,,2015.0,3.0,1.0,,0,False,True,False,False,True,False,False,False,False
2006-05-23,90.0,62.0,103.0,81.0,1600.0,,,,2006.0,5.0,2.0,0.6019417475728155,0,False,False,False,False,False,False,False,False,True
2013-07-06,32.0,220.0,315.0,1200.0,4700.0,,,,2013.0,7.0,3.0,0.6984126984126984,0,False,False,False,False,False,False,False,False,True
2002-01-07,130.0,92.0,146.0,125.0,2000.0,,,,2002.0,1.0,1.0,0.6301369863013698,0,False,True,False,False,True,False,False,False,False
2021-03-15,7.0,200.0,,,2850.0,,,,2021.0,3.0,1.0,,0,False,False,False,False,False,False,True,False,False
2013-09-01,22.0,35.0,94.0,,2400.0,,,,2013.0,9.0,3.0,0.3723404255319149,0,False,True,False,False,True,False,False,False,False
2010-05-01,45.0,95.0,346.0,904.0,2800.0,,,,2010.0,5.0,2.0,0.2745664739884393,0,False,False,False,False,False,False,False,False,True
2013-06-01,32.0,65.0,246.0,1178.0,3000.0,,,,2013.0,6.0,2.0,0.26422764227642276,0,False,False,False,False,False,False,False,False,True
2008-03-27,65.0,95.0,285.0,450.0,2300.0,,,,2008.0,3.0,1.0,0.3333333333333333,0,False,False,False,False,False,False,False,False,True
2003-09-01,130.0,68.0,,63.0,2083.0,,,,2003.0,9.0,3.0,,0,False,False,False,False,False,False,False,False,True
2013-06-04,22.0,15.0,118.0,1400.0,1400.0,,,,2013.0,6.0,2.0,0.1271186440677966,0,False,True,False,False,True,False,False,False,False
2017-08-31,14.0,125.0,213.0,9600.0,3800.0,,,,2017.0,8.0,3.0,0.5868544600938967,0,False,False,False,False,False,False,False,False,False
2012-07-01,32.0,35.0,131.0,504.0,1700.0,,,,2012.0,7.0,3.0,0.26717557251908397,0,False,True,False,False,True,False,False,False,False
2010-08-29,32.0,130.0,239.0,1170.0,3200.0,,,,2010.0,8.0,3.0,0.5439330543933054,0,False,True,False,False,True,False,False,False,False
2017-06-26,14.0,112.0,,,4300.0,,,,2017.0,6.0,2.0,,0,False,True,False,False,True,False,False,False,False
2014-02-01,22.0,37.0,118.0,1300.0,3000.0,,,,2014.0,2.0,1.0,0.3135593220338983,0,False,True,False,False,True,False,False,False,False
2011-11-14,32.0,140.0,316.0,2400.0,2600.0,,,,2011.0,11.0,4.0,0.4430379746835443,0,False,False,False,False,False,False,False,False,True
2013-09-11,22.0,4.0,,,1463.0,,,,2013.0,9.0,3.0,,0,False,True,False,False,True,False,False,False,False
2006-01-05,65.0,86.0,81.0,188.0,3000.0,,,,2006.0,1.0,1.0,1.0617283950617284,0,False,True,False,False,True,False,False,False,False
2010-03-16,32.0,40.0,239.0,1170.0,1866.0,,,,2010.0,3.0,1.0,0.16736401673640167,0,False,True,False,False,True,False,False,False,False
2010-10-01,45.0,95.0,258.0,758.0,2800.0,,,,2010.0,10.0,4.0,0.3682170542635659,0,False,False,False,False,False,False,False,False,True
2018-09-01,14.0,35.0,,,1800.0,,,,2018.0,9.0,3.0,,0,False,True,False,False,True,False,False,False,False
2005-08-02,90.0,104.0,,106.0,2600.0,,,,2005.0,8.0,3.0,,0,False,False,False,False,False,False,False,False,True
2006-01-23,90.0,62.0,,69.0,2000.0,,,,2006.0,1.0,1.0,,0,False,False,False,False,False,False,False,False,True
2011-02-14,32.0,80.0,239.0,1170.0,1600.0,,,,2011.0,2.0,1.0,0.33472803347280333,0,False,True,False,False,True,False,False,False,False
2012-09-03,22.0,35.0,94.0,,2600.0,,,,2012.0,9.0,3.0,0.3723404255319149,0,False,True,False,False,True,False,False,False,False
2004-07-28,90.0,62.0,,63.0,1600.0,,,,2004.0,7.0,3.0,,0,False,False,False,False,False,False,False,False,True
2005-02-20,90.0,84.0,109.0,169.0,3600.0,,,,2005.0,2.0,1.0,0.7706422018348624,0,False,True,False,False,True,False,False,False,False
2020-07-21,12.0,35.0,,,3500.0,,,,2020.0,7.0,3.0,,0,False,False,False,False,False,False,False,False,False
2020-04-02,14.0,45.0,,,2600.0,,,,2020.0,4.0,2.0,,0,False,True,False,False,True,False,False,False,False
2012-09-01,32.0,17.0,131.0,504.0,1500.0,,,,2012.0,9.0,3.0,0.1297709923664122,0,False,True,False,False,True,False,False,False,False
2011-12-20,32.0,45.0,228.0,1178.0,2000.0,,,,2011.0,12.0,4.0,0.19736842105263158,0,False,False,False,False,False,False,False,False,True
2018-05-31,14.0,72.0,126.0,1400.0,3400.0,,,,2018.0,5.0,2.0,0.5714285714285714,0,False,True,False,False,True,False,False,False,False
2009-09-01,45.0,95.0,258.0,758.0,2800.0,,,,2009.0,9.0,3.0,0.3682170542635659,0,False,False,False,False,False,False,False,False,True
2009-06-02,45.0,65.0,117.0,410.0,3000.0,,,,2009.0,6.0,2.0,0.5555555555555556,0,False,False,False,False,False,False,False,False,True
2012-02-27,32.0,125.0,315.0,1200.0,3800.0,,,,2012.0,2.0,1.0,0.3968253968253968,0,False,False,False,False,False,False,False,False,True
2004-05-18,130.0,89.0,193.0,106.0,2200.0,,,,2004.0,5.0,2.0,0.46113989637305697,0,False,False,False,False,False,False,False,False,True
2008-07-01,65.0,65.0,285.0,450.0,2000.0,,,,2008.0,7.0,3.0,0.22807017543859648,0,False,False,False,False,False,False,False,False,True
2012-09-01,32.0,35.0,131.0,504.0,2400.0,,,,2012.0,9.0,3.0,0.26717557251908397,0,False,True,False,False,True,False,False,False,False
2010-01-25,45.0,95.0,169.0,300.0,2900.0,,,,2010.0,1.0,1.0,0.5621301775147929,0,False,False,False,False,False,False,False,False,True
2011-03-01,32.0,35.0,131.0,504.0,1600.0,,,,2011.0,3.0,1.0,0.26717557251908397,0,False,True,False,False,True,False,False,False,False
2007-06-01,90.0,3.0,66.0,176.0,600.0,,,,2007.0,6.0,2.0,0.045454545454545456,0,False,True,False,False,True,False,False,False,False
2013-05-29,28.0,17.0,,,2000.0,,,,2013.0,5.0,2.0,,0,False,False,False,False,False,False,False,False,True
2018-10-19,14.0,165.0,,,3300.0,,,,2018.0,10.0,4.0,,0,False,True,False,False,True,False,False,False,False
2017-07-27,28.0,35.0,246.0,1178.0,3100.0,,,,2017.0,7.0,3.0,0.14227642276422764,0,False,False,False,False,False,False,False,False,True
2012-11-12,22.0,300.0,350.0,5000.0,1100.0,,,,2012.0,11.0,4.0,0.8571428571428571,0,False,True,False,False,True,False,False,False,False
2007-07-01,65.0,65.0,143.0,291.0,2667.0,,,,2007.0,7.0,3.0,0.45454545454545453,0,False,True,False,False,True,False,False,False,False
2011-02-24,32.0,130.0,239.0,1170.0,3466.0,,,,2011.0,2.0,1.0,0.5439330543933054,0,False,True,False,False,True,False,False,False,False
2018-10-19,14.0,65.0,,,2900.0,,,,2018.0,10.0,4.0,,0,False,True,False,False,True,False,False,False,False
2006-07-27,65.0,65.0,111.0,167.0,1800.0,,,,2006.0,7.0,3.0,0.5855855855855856,0,False,True,False,False,True,False,False,False,False
2013-05-23,32.0,8.0,246.0,1178.0,1000.0,,,,2013.0,5.0,2.0,0.032520325203252036,0,False,False,False,False,False,False,False,False,True
2003-05-21,130.0,70.0,131.0,55.0,2800.0,,,,2003.0,5.0,2.0,0.5343511450381679,0,False,True,False,False,True,False,False,False,False
2017-03-02,14.0,95.0,192.0,4800.0,3400.0,,,,2017.0,3.0,1.0,0.4947916666666667,0,False,False,False,False,False,False,False,False,False
2011-06-30,32.0,100.0,228.0,1178.0,2600.0,,,,2011.0,6.0,2.0,0.43859649122807015,0,False,False,False,False,False,False,False,False,True
2018-02-21,14.0,15.0,210.0,4950.0,2000.0,,,,2018.0,2.0,1.0,0.07142857142857142,0,False,False,False,False,False,False,False,False,False
2005-02-20,90.0,84.0,135.0,169.0,2800.0,,,,2005.0,2.0,1.0,0.6222222222222222,0,False,True,False,False,True,False,False,False,False
2006-07-27,65.0,35.0,143.0,,1833.0,,,,2006.0,7.0,3.0,0.24475524475524477,0,False,True,False,False,True,False,False,False,False
2009-01-07,90.0,45.0,3.0,154.0,2600.0,,,,2009.0,1.0,1.0,15.0,0,False,False,False,False,False,False,False,False,True
2004-07-28,90.0,25.0,,63.0,1600.0,,,,2004.0,7.0,3.0,,0,False,False,False,False,False,False,False,False,True
2012-10-02,32.0,100.0,246.0,1178.0,3800.0,,,,2012.0,10.0,4.0,0.4065040650406504,0,False,False,False,False,False,False,False,False,True
2006-01-05,65.0,27.0,90.0,151.0,1500.0,,,,2006.0,1.0,1.0,0.3,0,False,True,False,False,True,False,False,False,False
2017-12-01,14.0,250.0,,8000.0,1300.0,,,,2017.0,12.0,4.0,,0,False,True,False,False,True,False,False,False,False
2004-06-01,130.0,89.0,144.0,69.0,2400.0,,,,2004.0,6.0,2.0,0.6180555555555556,0,False,False,False,False,False,False,False,False,True
2013-06-17,22.0,270.0,350.0,5000.0,1100.0,,,,2013.0,6.0,2.0,0.7714285714285715,0,False,True,False,False,True,False,False,False,False
2005-08-02,90.0,67.0,,106.0,1800.0,,,,2005.0,8.0,3.0,,0,False,False,False,False,False,False,False,False,True
2005-12-01,90.0,135.0,213.0,200.0,3000.0,,,,2005.0,12.0,4.0,0.6338028169014085,0,False,True,False,False,True,False,False,False,False
2002-08-25,130.0,110.0,146.0,55.0,2793.0,,,,2002.0,8.0,3.0,0.7534246575342466,0,False,True,False,False,True,False,False,False,False
2010-05-11,45.0,80.0,258.0,758.0,3200.0,,,,2010.0,5.0,2.0,0.31007751937984496,0,False,False,False,False,False,False,False,False,True
2014-05-01,22.0,54.0,177.0,1400.0,2500.0,,,,2014.0,5.0,2.0,0.3050847457627119,0,False,True,False,False,True,False,False,False,False
2012-09-30,22.0,35.0,118.0,,2500.0,,,,2012.0,9.0,3.0,0.2966101694915254,0,False,True,False,False,True,False,False,False,False
2019-08-07,7.0,180.0,74.0,3800.0,2800.0,,,,2019.0,8.0,3.0,2.4324324324324325,0,False,False,False,False,False,False,True,False,False
2021-03-16,14.0,35.0,,,1400.0,,,,2021.0,3.0,1.0,,0,False,True,False,False,True,False,False,False,False
2001-08-27,180.0,69.0,217.0,42.0,1900.0,,,,2001.0,8.0,3.0,0.31797235023041476,0,False,True,False,False,True,False,False,False,False
2012-05-01,32.0,140.0,316.0,2400.0,2700.0,,,,2012.0,5.0,2.0,0.4430379746835443,0,False,False,False,False,False,False,False,False,True
2008-12-01,65.0,35.0,,,2200.0,,,,2008.0,12.0,4.0,,0,False,False,False,False,False,False,False,False,True
2012-12-04,32.0,95.0,315.0,1200.0,3500.0,,,,2012.0,12.0,4.0,0.30158730158730157,0,False,False,False,False,False,False,False,False,True
2005-04-14,130.0,83.0,,105.0,2400.0,,,,2005.0,4.0,2.0,,0,False,False,False,False,False,False,False,False,True
2012-02-06,32.0,65.0,228.0,1178.0,2700.0,,,,2012.0,2.0,1.0,0.2850877192982456,0,False,False,False,False,False,False,False,False,True
2006-10-23,90.0,62.0,103.0,81.0,2200.0,,,,2006.0,10.0,4.0,0.6019417475728155,0,False,False,False,False,False,False,False,False,True
2012-09-01,22.0,17.0,118.0,1400.0,1800.0,,,,2012.0,9.0,3.0,0.1440677966101695,0,False,True,False,False,True,False,False,False,False
2000-06-05,180.0,45.0,120.0,37.0,800.0,,,,2000.0,6.0,2.0,0.375,0,False,False,False,False,False,False,False,False,True
2009-08-31,45.0,95.0,82.0,456.0,2700.0,,,,2009.0,8.0,3.0,1.1585365853658536,0,False,True,False,False,True,False,False,False,False
2011-04-03,32.0,130.0,513.0,2600.0,2400.0,,,,2011.0,4.0,2.0,0.253411306042885,0,False,True,False,False,True,False,False,False,False
2012-10-23,32.0,125.0,315.0,1200.0,4000.0,,,,2012.0,10.0,4.0,0.3968253968253968,0,False,False,False,False,False,False,False,False,True
2006-05-23,90.0,65.0,220.0,154.0,2200.0,,,,2006.0,5.0,2.0,0.29545454545454547,0,False,False,False,False,False,False,False,False,True
2006-07-27,65.0,35.0,143.0,,1600.0,,,,2006.0,7.0,3.0,0.24475524475524477,0,False,True,False,False,True,False,False,False,False
2012-12-04,32.0,95.0,315.0,1200.0,3100.0,,,,2012.0,12.0,4.0,0.30158730158730157,0,False,False,False,False,False,False,False,False,True
2009-03-30,45.0,130.0,263.0,731.0,3200.0,,,,2009.0,3.0,1.0,0.49429657794676807,0,False,True,False,False,True,False,False,False,False
2007-10-08,65.0,45.0,126.0,154.0,2300.0,,,,2007.0,10.0,4.0,0.35714285714285715,0,False,False,False,False,False,False,False,False,True
2009-01-08,45.0,125.0,258.0,758.0,2800.0,,,,2009.0,1.0,1.0,0.4844961240310077,0,False,False,False,False,False,False,False,False,True
2017-01-03,14.0,60.0,,,4200.0,,,,2017.0,1.0,1.0,,0,False,True,False,False,True,False,False,False,False
2005-07-07,90.0,62.0,84.0,63.0,1400.0,,,,2005.0,7.0,3.0,0.7380952380952381,0,False,False,False,False,False,False,False,False,True
2017-12-01,14.0,250.0,,8000.0,1300.0,,,,2017.0,12.0,4.0,,0,False,True,False,False,True,False,False,False,False
2005-10-01,90.0,62.0,84.0,63.0,2000.0,,,,2005.0,10.0,4.0,0.7380952380952381,0,False,False,False,False,False,False,False,False,True
2004-05-18,130.0,89.0,193.0,106.0,2400.0,,,,2004.0,5.0,2.0,0.46113989637305697,0,False,False,False,False,False,False,False,False,True
2005-12-01,90.0,135.0,213.0,200.0,2833.0,,,,2005.0,12.0,4.0,0.6338028169014085,0,False,True,False,False,True,False,False,False,False
2018-10-19,14.0,95.0,,,3700.0,,,,2018.0,10.0,4.0,,0,False,True,False,False,True,False,False,False,False
2012-10-23,32.0,125.0,315.0,1200.0,3900.0,,,,2012.0,10.0,4.0,0.3968253968253968,0,False,False,False,False,False,False,False,False,True
2004-12-01,90.0,85.0,,106.0,2400.0,,,,2004.0,12.0,4.0,,0,False,False,False,False,False,False,False,False,True
2020-09-17,14.0,45.0,,,2500.0,,,,2020.0,9.0,3.0,,0,False,True,False,False,True,False,False,False,False
2015-03-01,14.0,28.0,,,3100.0,,,,2015.0,3.0,1.0,,0,False,True,False,False,True,False,False,False,False
2011-09-04,32.0,45.0,216.0,1160.0,2500.0,,,,2011.0,9.0,3.0,0.20833333333333334,0,False,True,False,False,True,False,False,False,False
2019-04-23,14.0,45.0,149.0,,2600.0,,,,2019.0,4.0,2.0,0.30201342281879195,0,False,True,False,False,True,False,False,False,False
2011-11-21,32.0,15.0,131.0,504.0,1200.0,,,,2011.0,11.0,4.0,0.11450381679389313,0,False,True,False,False,True,False,False,False,False
2018-04-19,12.0,95.0,192.0,4800.0,3600.0,,,,2018.0,4.0,2.0,0.4947916666666667,0,False,False,False,False,False,False,False,False,False
2014-09-05,14.0,5.0,50.0,,1100.0,,,,2014.0,9.0,3.0,0.1,0,False,True,False,False,True,False,False,False,False
2003-05-21,130.0,66.0,131.0,55.0,2400.0,,,,2003.0,5.0,2.0,0.5038167938931297,0,False,True,False,False,True,False,False,False,False
2020-01-06,7.0,25.0,156.0,9800.0,1800.0,,,,2020.0,1.0,1.0,0.16025641025641027,0,False,False,False,False,False,False,True,False,False
2010-09-14,45.0,3.0,26.0,47.0,600.0,,,,2010.0,9.0,3.0,0.11538461538461539,0,False,True,False,False,True,False,False,False,False
2012-12-04,32.0,65.0,315.0,1200.0,2600.0,,,,2012.0,12.0,4.0,0.20634920634920634,0,False,False,False,False,False,False,False,False,True
2008-12-15,65.0,95.0,285.0,450.0,2400.0,,,,2008.0,12.0,4.0,0.3333333333333333,0,False,False,False,False,False,False,False,False,True
2013-10-08,22.0,6.0,,,1333.0,,,,2013.0,10.0,4.0,,0,False,True,False,False,True,False,False,False,False
2014-05-22,22.0,4.0,,,1580.0,,,,2014.0,5.0,2.0,,0,False,True,False,False,True,False,False,False,False
2017-04-11,14.0,65.0,192.0,4800.0,3500.0,,,,2017.0,4.0,2.0,0.3385416666666667,0,False,False,False,False,False,False,False,False,False
2006-05-23,90.0,110.0,199.0,233.0,2200.0,,,,2006.0,5.0,2.0,0.5527638190954773,0,False,False,False,False,False,False,False,False,True
2012-05-15,32.0,35.0,246.0,1303.0,2500.0,,,,2012.0,5.0,2.0,0.14227642276422764,0,False,False,False,False,False,False,False,False,True
2010-01-07,32.0,73.0,81.0,382.0,3466.0,,,,2010.0,1.0,1.0,0.9012345679012346,0,False,True,False,False,True,False,False,False,False
2021-04-06,10.0,250.0,,,2600.0,,,,2021.0,4.0,2.0,,0,False,True,False,False,True,False,False,False,False
2007-04-27,65.0,10.0,111.0,293.0,1200.0,,,,2007.0,4.0,2.0,0.09009009009009009,0,False,True,False,False,True,False,False,False,False
2014-02-01,22.0,47.0,264.0,1400.0,2100.0,,,,2014.0,2.0,1.0,0.17803030303030304,0,False,True,False,False,True,False,False,False,False
2006-01-16,65.0,130.0,140.0,376.0,3200.0,,,,2006.0,1.0,1.0,0.9285714285714286,0,False,True,False,False,True,False,False,False,False
2005-08-08,90.0,25.0,125.0,114.0,2000.0,,,,2005.0,8.0,3.0,0.2,0,False,False,False,False,False,False,False,False,True
2013-09-01,22.0,37.0,118.0,1400.0,2600.0,,,,2013.0,9.0,3.0,0.3135593220338983,0,False,True,False,False,True,False,False,False,False
2012-09-01,22.0,45.0,160.0,1480.0,2400.0,,,,2012.0,9.0,3.0,0.28125,0,False,True,False,False,True,False,False,False,False
2012-11-05,32.0,115.0,315.0,2400.0,2300.0,,,,2012.0,11.0,4.0,0.36507936507936506,0,False,False,False,False,False,False,False,False,True
2021-03-15,7.0,180.0,,,3700.0,,,,2021.0,3.0,1.0,,0,False,False,False,False,False,False,True,False,False
2003-08-05,130.0,82.0,193.0,106.0,1800.0,,,,2003.0,8.0,3.0,0.42487046632124353,0,False,False,False,False,False,False,False,False,True
2012-09-03,22.0,77.0,133.0,,2700.0,,,,2012.0,9.0,3.0,0.5789473684210527,0,False,True,False,False,True,False,False,False,False
2021-04-06,10.0,205.0,,,2200.0,,,,2021.0,4.0,2.0,,0,False,True,False,False,True,False,False,False,False
2004-03-01,90.0,110.0,109.0,125.0,2400.0,,,,2004.0,3.0,1.0,1.0091743119266054,0,False,True,False,False,True,False,False,False,False
2005-03-29,90.0,135.0,,286.0,3000.0,,,,2005.0,3.0,1.0,,0,False,True,False,False,True,False,False,False,False
2013-09-01,22.0,115.0,160.0,1400.0,2400.0,,,,2013.0,9.0,3.0,0.71875,0,False,True,False,False,True,False,False,False,False
2004-06-23,90.0,21.0,84.0,140.0,1600.0,,,,2004.0,6.0,2.0,0.25,0,False,True,False,False,True,False,False,False,False
2005-07-15,90.0,25.0,,69.0,1600.0,,,,2005.0,7.0,3.0,,0,False,False,False,False,False,False,False,False,True
2006-06-26,65.0,65.0,,,1600.0,,,,2006.0,6.0,2.0,,0,False,True,False,False,True,False,False,False,False
2011-12-20,32.0,35.0,228.0,1178.0,2000.0,,,,2011.0,12.0,4.0,0.15350877192982457,0,False,False,False,False,False,False,False,False,True
2003-06-11,130.0,68.0,131.0,55.0,2800.0,,,,2003.0,6.0,2.0,0.5190839694656488,0,False,True,False,False,True,False,False,False,False
2013-09-03,22.0,130.0,257.0,1860.0,3600.0,,,,2013.0,9.0,3.0,0.5058365758754864,0,False,True,False,False,True,False,False,False,False
2019-04-23,14.0,91.0,,,4000.0,,,,2019.0,4.0,2.0,,0,False,True,False,False,True,False,False,False,False
2010-09-21,45.0,45.0,117.0,410.0,3000.0,,,,2010.0,9.0,3.0,0.38461538461538464,0,False,False,False,False,False,False,False,False,True
2007-08-20,65.0,89.0,126.0,154.0,3100.0,,,,2007.0,8.0,3.0,0.7063492063492064,0,False,False,False,False,False,False,False,False,True
2007-10-08,90.0,45.0,230.0,227.0,2400.0,,,,2007.0,10.0,4.0,0.1956521739130435,0,False,False,False,False,False,False,False,False,True
2003-03-31,130.0,73.0,146.0,55.0,2400.0,,,,2003.0,3.0,1.0,0.5,0,False,True,False,False,True,False,False,False,False
2019-08-07,7.0,120.0,74.0,3800.0,3100.0,,,,2019.0,8.0,3.0,1.6216216216216217,0,False,False,False,False,False,False,True,False,False
2009-09-24,45.0,7.0,26.0,47.0,1200.0,,,,2009.0,9.0,3.0,0.2692307692307692,0,False,True,False,False,True,False,False,False,False
2010-09-21,45.0,65.0,117.0,410.0,2800.0,,,,2010.0,9.0,3.0,0.5555555555555556,0,False,False,False,False,False,False,False,False,True
2012-12-04,32.0,95.0,315.0,1200.0,3100.0,,,,2012.0,12.0,4.0,0.30158730158730157,0,False,False,False,False,False,False,False,False,True
2018-10-19,14.0,165.0,,,3300.0,,,,2018.0,10.0,4.0,,0,False,True,False,False,True,False,False,False,False
2008-08-10,45.0,95.0,81.0,456.0,2666.0,,,,2008.0,8.0,3.0,1.1728395061728396,0,False,True,False,False,True,False,False,False,False
2015-06-01,22.0,165.0,160.0,1400.0,2800.0,,,,2015.0,6.0,2.0,1.03125,0,False,True,False,False,True,False,False,False,False
2011-10-02,32.0,17.0,131.0,504.0,1300.0,,,,2011.0,10.0,4.0,0.1297709923664122,0,False,True,False,False,True,False,False,False,False
2018-10-19,14.0,255.0,,,4000.0,,,,2018.0,10.0,4.0,,0,False,True,False,False,True,False,False,False,False
2020-09-02,10.0,15.0,,,1200.0,,,,2020.0,9.0,3.0,,0,False,True,False,False,True,False,False,False,False
2000-06-05,180.0,50.0,120.0,37.0,900.0,,,,2000.0,6.0,2.0,0.4166666666666667,0,False,False,False,False,False,False,False,False,True
2011-12-12,32.0,35.0,131.0,504.0,1800.0,,,,2011.0,12.0,4.0,0.26717557251908397,0,False,True,False,False,True,False,False,False,False
2015-09-01,14.0,35.0,,,2800.0,,,,2015.0,9.0,3.0,,0,False,True,False,False,True,False,False,False,False
2013-04-29,32.0,125.0,315.0,1200.0,3900.0,,,,2013.0,4.0,2.0,0.3968253968253968,0,False,False,False,False,False,False,False,False,True
2015-09-01,14.0,51.0,150.0,1400.0,2800.0,,,,2015.0,9.0,3.0,0.34,0,False,True,False,False,True,False,False,False,False
2011-05-22,32.0,65.0,131.0,504.0,2900.0,,,,2011.0,5.0,2.0,0.4961832061068702,0,False,True,False,False,True,False,False,False,False
2019-08-07,7.0,225.0,74.0,3800.0,2250.0,,,,2019.0,8.0,3.0,3.0405405405405403,0,False,False,False,False,False,False,True,False,False
2014-01-20,22.0,47.0,177.0,1400.0,2800.0,,,,2014.0,1.0,1.0,0.2655367231638418,0,False,True,False,False,True,False,False,False,False
2018-10-19,14.0,165.0,,,3500.0,,,,2018.0,10.0,4.0,,0,False,True,False,False,True,False,False,False,False
2008-08-08,45.0,65.0,107.0,410.0,3333.0,,,,2008.0,8.0,3.0,0.6074766355140186,0,False,True,False,False,True,False,False,False,False
2007-08-01,65.0,45.0,,,2000.0,,,,2007.0,8.0,3.0,,0,False,False,False,False,False,False,False,False,True
2010-04-27,45.0,125.0,346.0,904.0,3200.0,,,,2010.0,4.0,2.0,0.36127167630057805,0,False,False,False,False,False,False,False,False,True
2006-08-27,65.0,150.0,435.0,1328.0,3200.0,,,,2006.0,8.0,3.0,0.3448275862068966,0,False,True,False,False,True,False,False,False,False
2014-07-21,22.0,35.0,177.0,1400.0,3100.0,,,,2014.0,7.0,3.0,0.1977401129943503,0,False,True,False,False,True,False,False,False,False
2011-08-01,45.0,45.0,117.0,234.0,2600.0,,,,2011.0,8.0,3.0,0.38461538461538464,0,False,False,False,False,False,False,False,False,True
2010-03-01,45.0,7.0,66.0,123.0,1834.0,,,,2010.0,3.0,1.0,0.10606060606060606,0,False,True,False,False,True,False,False,False,False
2005-05-03,90.0,62.0,,63.0,1800.0,,,,2005.0,5.0,2.0,,0,False,False,False,False,False,False,False,False,True
2006-09-03,65.0,15.0,90.0,151.0,1833.0,,,,2006.0,9.0,3.0,0.16666666666666666,0,False,True,False,False,True,False,False,False,False
2004-07-28,130.0,62.0,80.0,37.0,1583.0,,,,2004.0,7.0,3.0,0.775,0,False,False,False,False,False,False,False,False,True
2012-10-02,32.0,65.0,246.0,1178.0,3400.0,,,,2012.0,10.0,4.0,0.26422764227642276,0,False,False,False,False,False,False,False,False,True
2013-10-18,32.0,8.0,246.0,1178.0,1000.0,,,,2013.0,10.0,4.0,0.032520325203252036,0,False,False,False,False,False,False,False,False,True
2001-06-01,180.0,29.0,80.0,44.0,1000.0,,,,2001.0,6.0,2.0,0.3625,0,False,True,False,False,True,False,False,False,False
2020-04-30,14.0,65.0,,,3600.0,,,,2020.0,4.0,2.0,,0,False,True,False,False,True,False,False,False,False
2008-04-02,45.0,2.0,26.0,47.0,1600.0,,,,2008.0,4.0,2.0,0.07692307692307693,0,False,True,False,False,True,False,False,False,False
2009-08-09,45.0,130.0,263.0,731.0,3333.0,,,,2009.0,8.0,3.0,0.49429657794676807,0,False,True,False,False,True,False,False,False,False
2019-01-08,14.0,95.0,,,3700.0,,,,2019.0,1.0,1.0,,0,False,True,False,False,True,False,False,False,False
2006-05-23,90.0,62.0,183.0,154.0,2400.0,,,,2006.0,5.0,2.0,0.33879781420765026,0,False,False,False,False,False,False,False,False,True
2004-12-01,90.0,85.0,,106.0,2400.0,,,,2004.0,12.0,4.0,,0,False,False,False,False,False,False,False,False,True
2006-05-23,90.0,65.0,220.0,154.0,2400.0,,,,2006.0,5.0,2.0,0.29545454545454547,0,False,False,False,False,False,False,False,False,True
2011-09-01,32.0,35.0,149.0,624.0,2400.0,,,,2011.0,9.0,3.0,0.2348993288590604,0,False,True,False,False,True,False,False,False,False
2003-09-01,130.0,63.0,,63.0,1800.0,,,,2003.0,9.0,3.0,,0,False,False,False,False,False,False,False,False,True
2000-10-17,180.0,66.0,120.0,37.0,1200.0,,,,2000.0,10.0,4.0,0.55,0,False,False,False,False,False,False,False,False,True
2001-06-01,180.0,38.0,80.0,44.0,800.0,,,,2001.0,6.0,2.0,0.475,0,False,True,False,False,True,False,False,False,False
2001-01-01,130.0,45.0,101.0,63.0,1667.0,,,,2001.0,1.0,1.0,0.44554455445544555,0,False,False,False,False,False,False,False,False,True
2002-04-23,130.0,21.0,131.0,55.0,1400.0,,,,2002.0,4.0,2.0,0.16030534351145037,0,False,True,False,False,True,False,False,False,False
2012-09-01,32.0,17.0,149.0,624.0,1500.0,,,,2012.0,9.0,3.0,0.11409395973154363,0,False,True,False,False,True,False,False,False,False
2009-12-21,45.0,13.0,66.0,176.0,1667.0,,,,2009.0,12.0,4.0,0.19696969696969696,0,False,True,False,False,True,False,False,False,False
2015-05-15,14.0,65.0,,,3300.0,,,,2015.0,5.0,2.0,,0,False,True,False,False,True,False,False,False,False
2006-05-01,65.0,31.0,90.0,151.0,1733.0,,,,2006.0,5.0,2.0,0.34444444444444444,0,False,True,False,False,True,False,False,False,False
2010-06-01,45.0,7.0,66.0,123.0,1667.0,,,,2010.0,6.0,2.0,0.10606060606060606,0,False,True,False,False,True,False,False,False,False
2019-08-21,14.0,9.0,,,1200.0,,,,2019.0,8.0,3.0,,0,False,True,False,False,True,False,False,False,False
2005-05-26,90.0,130.0,206.0,169.0,3200.0,,,,2005.0,5.0,2.0,0.6310679611650486,0,False,True,False,False,True,False,False,False,False
2013-09-01,22.0,80.0,160.0,1400.0,2500.0,,,,2013.0,9.0,3.0,0.5,0,False,True,False,False,True,False,False,False,False
2007-10-21,65.0,65.0,111.0,167.0,2400.0,,,,2007.0,10.0,4.0,0.5855855855855856,0,False,True,False,False,True,False,False,False,False
2015-06-01,22.0,140.0,160.0,1400.0,3200.0,,,,2015.0,6.0,2.0,0.875,0,False,True,False,False,True,False,False,False,False
2010-01-07,32.0,35.0,81.0,384.0,2677.0,,,,2010.0,1.0,1.0,0.43209876543209874,0,False,True,False,False,True,False,False,False,False
2009-10-01,45.0,95.0,258.0,758.0,3000.0,,,,2009.0,10.0,4.0,0.3682170542635659,0,False,False,False,False,False,False,False,False,True
2004-04-27,130.0,89.0,144.0,69.0,1800.0,,,,2004.0,4.0,2.0,0.6180555555555556,0,False,False,False,False,False,False,False,False,True
2001-01-01,130.0,89.0,193.0,105.0,2200.0,,,,2001.0,1.0,1.0,0.46113989637305697,0,False,False,False,False,False,False,False,False,True
2003-07-14,130.0,97.0,237.0,286.0,3066.0,,,,2003.0,7.0,3.0,0.4092827004219409,0,False,True,False,False,True,False,False,False,False
2004-06-21,90.0,84.0,109.0,125.0,2800.0,,,,2004.0,6.0,2.0,0.7706422018348624,0,False,True,False,False,True,False,False,False,False
2003-09-23,130.0,89.0,193.0,105.0,2200.0,,,,2003.0,9.0,3.0,0.46113989637305697,0,False,False,False,False,False,False,False,False,True
2015-10-19,14.0,80.0,160.0,1400.0,3700.0,,,,2015.0,10.0,4.0,0.5,0,False,True,False,False,True,False,False,False,False
2010-12-07,45.0,95.0,169.0,300.0,3300.0,,,,2010.0,12.0,4.0,0.5621301775147929,0,False,False,False,False,False,False,False,False,True
2001-01-01,130.0,110.0,146.0,55.0,2000.0,,,,2001.0,1.0,1.0,0.7534246575342466,0,False,True,False,False,True,False,False,False,False
2018-04-19,12.0,65.0,192.0,4800.0,3200.0,,,,2018.0,4.0,2.0,0.3385416666666667,0,False,False,False,False,False,False,False,False,False
2019-01-08,14.0,95.0,,,3600.0,,,,2019.0,1.0,1.0,,0,False,True,False,False,True,False,False,False,False
2003-03-31,130.0,73.0,146.0,55.0,2300.0,,,,2003.0,3.0,1.0,0.5,0,False,True,False,False,True,False,False,False,False
2000-06-05,180.0,43.0,120.0,37.0,750.0,,,,2000.0,6.0,2.0,0.35833333333333334,0,False,False,False,False,False,False,False,False,True
2010-12-07,45.0,45.0,117.0,234.0,2900.0,,,,2010.0,12.0,4.0,0.38461538461538464,0,False,False,False,False,False,False,False,False,True
2000-10-31,180.0,66.0,120.0,37.0,1200.0,,,,2000.0,10.0,4.0,0.55,0,False,False,False,False,False,False,False,False,True
2006-12-27,65.0,35.0,143.0,293.0,2333.0,,,,2006.0,12.0,4.0,0.24475524475524477,0,False,True,False,False,True,False,False,False,False
2018-09-01,14.0,65.0,,,2900.0,,,,2018.0,9.0,3.0,,0,False,True,False,False,True,False,False,False,False
2012-11-01,32.0,150.0,435.0,2270.0,3500.0,,,,2012.0,11.0,4.0,0.3448275862068966,0,False,True,False,False,True,False,False,False,False
2005-08-01,130.0,62.0,193.0,106.0,2200.0,,,,2005.0,8.0,3.0,0.32124352331606215,0,False,False,False,False,False,False,False,False,True
2010-03-29,45.0,115.0,346.0,1800.0,1900.0,,,,2010.0,3.0,1.0,0.33236994219653176,0,False,False,False,False,False,False,False,False,True
2008-12-01,65.0,35.0,,,2100.0,,,,2008.0,12.0,4.0,,0,False,False,False,False,False,False,False,False,True
2001-01-01,130.0,68.0,101.0,63.0,2083.0,,,,2001.0,1.0,1.0,0.6732673267326733,0,False,False,False,False,False,False,False,False,True
2010-09-14,45.0,3.0,26.0,47.0,1300.0,,,,2010.0,9.0,3.0,0.11538461538461539,0,False,True,False,False,True,False,False,False,False
2012-06-01,22.0,65.0,160.0,1400.0,2900.0,,,,2012.0,6.0,2.0,0.40625,0,False,True,False,False,True,False,False,False,False
2011-01-04,40.0,9.0,75.0,,1000.0,,,,2011.0,1.0,1.0,0.12,0,False,False,False,False,False,False,False,False,True
2006-11-30,90.0,125.0,235.0,227.0,3000.0,,,,2006.0,11.0,4.0,0.5319148936170213,0,False,False,False,False,False,False,False,False,True
2008-06-03,45.0,3.0,26.0,47.0,1667.0,,,,2008.0,6.0,2.0,0.11538461538461539,0,False,True,False,False,True,False,False,False,False
2005-06-22,90.0,35.0,125.0,114.0,2200.0,,,,2005.0,6.0,2.0,0.28,0,False,False,False,False,False,False,False,False,True
2003-11-03,130.0,73.0,146.0,55.0,2800.0,,,,2003.0,11.0,4.0,0.5,0,False,True,False,False,True,False,False,False,False
2011-09-04,32.0,35.0,131.0,504.0,2300.0,,,,2011.0,9.0,3.0,0.26717557251908397,0,False,True,False,False,True,False,False,False,False
2009-10-01,45.0,95.0,258.0,758.0,2800.0,,,,2009.0,10.0,4.0,0.3682170542635659,0,False,False,False,False,False,False,False,False,True
2017-07-27,14.0,65.0,192.0,4800.0,3400.0,,,,2017.0,7.0,3.0,0.3385416666666667,0,False,False,False,False,False,False,False,False,False
2004-06-23,90.0,21.0,84.0,140.0,1500.0,,,,2004.0,6.0,2.0,0.25,0,False,True,False,False,True,False,False,False,False
2006-06-26,65.0,65.0,,,2666.0,,,,2006.0,6.0,2.0,,0,False,True,False,False,True,False,False,False,False
2005-05-01,90.0,130.0,206.0,169.0,3200.0,,,,2005.0,5.0,2.0,0.6310679611650486,0,False,True,False,False,True,False,False,False,False
2008-04-21,65.0,45.0,126.0,154.0,2100.0,,,,2008.0,4.0,2.0,0.35714285714285715,0,False,False,False,False,False,False,False,False,True
2014-05-01,22.0,65.0,177.0,1400.0,3100.0,,,,2014.0,5.0,2.0,0.3672316384180791,0,False,True,False,False,True,False,False,False,False
2019-04-08,12.0,15.0,210.0,4940.0,2100.0,,,,2019.0,4.0,2.0,0.07142857142857142,0,False,False,False,False,False,False,False,False,False
2011-04-03,32.0,95.0,216.0,1160.0,3500.0,,,,2011.0,4.0,2.0,0.4398148148148148,0,False,True,False,False,True,False,False,False,False
2007-04-27,65.0,10.0,111.0,293.0,1200.0,,,,2007.0,4.0,2.0,0.09009009009009009,0,False,True,False,False,True,False,False,False,False
2002-08-21,130.0,68.0,80.0,63.0,2000.0,,,,2002.0,8.0,3.0,0.85,0,False,False,False,False,False,False,False,False,True
2013-05-23,32.0,9.0,246.0,1178.0,1000.0,,,,2013.0,5.0,2.0,0.036585365853658534,0,False,False,False,False,False,False,False,False,True
2017-06-29,14.0,170.0,213.0,4800.0,2000.0,,,,2017.0,6.0,2.0,0.7981220657276995,0,False,False,False,False,False,False,False,False,False
2020-09-02,10.0,28.0,,,2400.0,,,,2020.0,9.0,3.0,,0,False,True,False,False,True,False,False,False,False
2008-06-01,65.0,35.0,,,2400.0,,,,2008.0,6.0,2.0,,0,False,False,False,False,False,False,False,False,True
2006-08-27,65.0,150.0,435.0,1328.0,3400.0,,,,2006.0,8.0,3.0,0.3448275862068966,0,False,True,False,False,True,False,False,False,False
2013-09-01,22.0,95.0,160.0,1400.0,2600.0,,,,2013.0,9.0,3.0,0.59375,0,False,True,False,False,True,False,False,False,False
2010-05-04,45.0,1.0,65.0,140.0,900.0,,,,2010.0,5.0,2.0,0.015384615384615385,0,False,True,False,False,True,False,False,False,False
2002-02-25,130.0,89.0,217.0,55.0,2000.0,,,,2002.0,2.0,1.0,0.41013824884792627,0,False,True,False,False,True,False,False,False,False
2009-06-02,45.0,65.0,258.0,758.0,2500.0,,,,2009.0,6.0,2.0,0.25193798449612403,0,False,False,False,False,False,False,False,False,True
2005-01-01,90.0,84.0,109.0,125.0,2800.0,,,,2005.0,1.0,1.0,0.7706422018348624,0,False,True,False,False,True,False,False,False,False
2001-01-01,130.0,68.0,101.0,63.0,2100.0,,,,2001.0,1.0,1.0,0.6732673267326733,0,False,False,False,False,False,False,False,False,True
2009-06-02,45.0,65.0,258.0,758.0,2400.0,,,,2009.0,6.0,2.0,0.25193798449612403,0,False,False,False,False,False,False,False,False,True
2003-09-09,130.0,82.0,193.0,106.0,1600.0,,,,2003.0,9.0,3.0,0.42487046632124353,0,False,False,False,False,False,False,False,False,True
2001-01-01,130.0,25.0,144.0,69.0,1800.0,,,,2001.0,1.0,1.0,0.1736111111111111,0,False,False,False,False,False,False,False,False,True
2001-07-02,180.0,67.0,217.0,42.0,1800.0,,,,2001.0,7.0,3.0,0.3087557603686636,0,False,True,False,False,True,False,False,False,False
2018-04-02,14.0,35.0,,,2100.0,,,,2018.0,4.0,2.0,,0,False,True,False,False,True,False,False,False,False
2005-12-01,90.0,55.0,,233.0,2000.0,,,,2005.0,12.0,4.0,,0,False,False,False,False,False,False,False,False,True
2006-08-27,65.0,95.0,435.0,1328.0,2600.0,,,,2006.0,8.0,3.0,0.21839080459770116,0,False,True,False,False,True,False,False,False,False
2012-10-23,32.0,95.0,315.0,1200.0,3200.0,,,,2012.0,10.0,4.0,0.30158730158730157,0,False,False,False,False,False,False,False,False,True
2011-11-01,32.0,10.0,66.0,176.0,1867.0,,,,2011.0,11.0,4.0,0.15151515151515152,0,False,True,False,False,True,False,False,False,False
2015-09-01,14.0,51.0,150.0,1400.0,2900.0,,,,2015.0,9.0,3.0,0.34,0,False,True,False,False,True,False,False,False,False
2019-07-07,12.0,65.0,210.0,4940.0,3700.0,,,,2019.0,7.0,3.0,0.30952380952380953,0,False,False,False,False,False,False,False,False,False
2018-10-01,10.0,28.0,123.0,,2100.0,,,,2018.0,10.0,4.0,0.22764227642276422,0,False,True,False,False,True,False,False,False,False
2007-02-20,90.0,125.0,220.0,227.0,3000.0,,,,2007.0,2.0,1.0,0.5681818181818182,0,False,False,False,False,False,False,False,False,True
2020-07-21,7.0,35.0,,,3500.0,,,,2020.0,7.0,3.0,,0,False,False,False,False,False,False,True,False,False
2006-07-27,65.0,65.0,143.0,291.0,2400.0,,,,2006.0,7.0,3.0,0.45454545454545453,0,False,True,False,False,True,False,False,False,False
2019-08-07,7.0,120.0,74.0,3800.0,2600.0,,,,2019.0,8.0,3.0,1.6216216216216217,0,False,False,False,False,False,False,True,False,False
2017-10-05,14.0,91.0,,,4000.0,,,,2017.0,10.0,4.0,,0,False,True,False,False,True,False,False,False,False
2008-05-01,65.0,45.0,77.0,122.0,2800.0,,,,2008.0,5.0,2.0,0.5844155844155844,0,False,False,False,False,False,False,False,False,True
2009-09-01,45.0,10.0,107.0,410.0,1300.0,,,,2009.0,9.0,3.0,0.09345794392523364,0,False,True,False,False,True,False,False,False,False
2004-04-27,130.0,89.0,144.0,69.0,1800.0,,,,2004.0,4.0,2.0,0.6180555555555556,0,False,False,False,False,False,False,False,False,True
2008-12-01,65.0,35.0,,,2500.0,,,,2008.0,12.0,4.0,,0,False,False,False,False,False,False,False,False,True
2004-10-20,90.0,21.0,84.0,140.0,2100.0,,,,2004.0,10.0,4.0,0.25,0,False,True,False,False,True,False,False,False,False
2010-01-07,32.0,35.0,81.0,382.0,2267.0,,,,2010.0,1.0,1.0,0.43209876543209874,0,False,True,False,False,True,False,False,False,False
2021-04-06,10.0,195.0,,,2500.0,,,,2021.0,4.0,2.0,,0,False,True,False,False,True,False,False,False,False
2021-04-13,7.0,65.0,,,3900.0,,,,2021.0,4.0,2.0,,0,False,False,False,False,False,False,True,False,False
2008-03-27,65.0,95.0,285.0,450.0,2100.0,,,,2008.0,3.0,1.0,0.3333333333333333,0,False,False,False,False,False,False,False,False,True
2017-01-03,14.0,35.0,,,2700.0,,,,2017.0,1.0,1.0,,0,False,True,False,False,True,False,False,False,False
2017-08-21,14.0,15.0,123.0,,1800.0,,,,2017.0,8.0,3.0,0.12195121951219512,0,False,True,False,False,True,False,False,False,False
2017-08-10,14.0,180.0,213.0,9600.0,3500.0,,,,2017.0,8.0,3.0,0.8450704225352113,0,False,False,False,False,False,False,False,False,False
2019-08-01,10.0,25.0,,,1000.0,,,,2019.0,8.0,3.0,,0,False,True,False,False,True,False,False,False,False
2014-02-23,22.0,7.0,,,1830.0,,,,2014.0,2.0,1.0,,0,False,True,False,False,True,False,False,False,False
2002-05-06,130.0,92.0,146.0,55.0,2400.0,,,,2002.0,5.0,2.0,0.6301369863013698,0,False,True,False,False,True,False,False,False,False
2017-06-29,14.0,180.0,213.0,4800.0,2000.0,,,,2017.0,6.0,2.0,0.8450704225352113,0,False,False,False,False,False,False,False,False,False
2001-01-01,130.0,45.0,101.0,63.0,1533.0,,,,2001.0,1.0,1.0,0.44554455445544555,0,False,False,False,False,False,False,False,False,True
2011-06-01,32.0,65.0,131.0,504.0,3100.0,,,,2011.0,6.0,2.0,0.4961832061068702,0,False,True,False,False,True,False,False,False,False
2020-07-21,7.0,35.0,,,3100.0,,,,2020.0,7.0,3.0,,0,False,False,False,False,False,False,True,False,False
2011-06-14,32.0,35.0,228.0,1178.0,1400.0,,,,2011.0,6.0,2.0,0.15350877192982457,0,False,False,False,False,False,False,False,False,True
2017-06-29,14.0,180.0,213.0,4800.0,2300.0,,,,2017.0,6.0,2.0,0.8450704225352113,0,False,False,False,False,False,False,False,False,False
2009-03-02,45.0,2.0,26.0,47.0,1100.0,,,,2009.0,3.0,1.0,0.07692307692307693,0,False,True,False,False,True,False,False,False,False
2019-04-08,12.0,15.0,210.0,4940.0,2300.0,,,,2019.0,4.0,2.0,0.07142857142857142,0,False,False,False,False,False,False,False,False,False
2006-09-06,90.0,89.0,220.0,154.0,2600.0,,,,2006.0,9.0,3.0,0.40454545454545454,0,False,False,False,False,False,False,False,False,True
2006-05-23,90.0,89.0,220.0,154.0,2200.0,,,,2006.0,5.0,2.0,0.40454545454545454,0,False,False,False,False,False,False,False,False,True
2006-01-05,65.0,86.0,81.0,188.0,3200.0,,,,2006.0,1.0,1.0,1.0617283950617284,0,False,True,False,False,True,False,False,False,False
2014-09-05,14.0,5.0,50.0,,800.0,,,,2014.0,9.0,3.0,0.1,0,False,True,False,False,True,False,False,False,False
2010-05-11,45.0,65.0,117.0,410.0,3200.0,,,,2010.0,5.0,2.0,0.5555555555555556,0,False,False,False,False,False,False,False,False,True
2001-01-01,90.0,84.0,109.0,125.0,3060.0,,,,2001.0,1.0,1.0,0.7706422018348624,0,False,True,False,False,True,False,False,False,False
2004-05-18,130.0,82.0,193.0,106.0,1400.0,,,,2004.0,5.0,2.0,0.42487046632124353,0,False,False,False,False,False,False,False,False,True
2008-04-22,65.0,65.0,126.0,154.0,2400.0,,,,2008.0,4.0,2.0,0.5158730158730159,0,False,False,False,False,False,False,False,False,True
2002-03-04,130.0,30.0,131.0,55.0,1600.0,,,,2002.0,3.0,1.0,0.22900763358778625,0,False,True,False,False,True,False,False,False,False
2005-07-25,90.0,27.0,84.0,140.0,2260.0,,,,2005.0,7.0,3.0,0.32142857142857145,0,False,True,False,False,True,False,False,False,False
2011-06-30,32.0,100.0,228.0,1178.0,2900.0,,,,2011.0,6.0,2.0,0.43859649122807015,0,False,False,False,False,False,False,False,False,True
2011-09-04,32.0,35.0,131.0,504.0,2100.0,,,,2011.0,9.0,3.0,0.26717557251908397,0,False,True,False,False,True,False,False,False,False
2004-02-14,130.0,30.0,193.0,106.0,1400.0,,,,2004.0,2.0,1.0,0.15544041450777202,0,False,False,False,False,False,False,False,False,True
2012-12-04,32.0,65.0,315.0,1200.0,2600.0,,,,2012.0,12.0,4.0,0.20634920634920634,0,False,False,False,False,False,False,False,False,True
2010-09-01,32.0,35.0,81.0,384.0,2800.0,,,,2010.0,9.0,3.0,0.43209876543209874,0,False,True,False,False,True,False,False,False,False
2013-09-01,22.0,80.0,160.0,1400.0,1800.0,,,,2013.0,9.0,3.0,0.5,0,False,True,False,False,True,False,False,False,False
2012-06-03,32.0,65.0,131.0,504.0,2800.0,,,,2012.0,6.0,2.0,0.4961832061068702,0,False,True,False,False,True,False,False,False,False
2007-04-27,65.0,10.0,111.0,293.0,1073.0,,,,2007.0,4.0,2.0,0.09009009009009009,0,False,True,False,False,True,False,False,False,False
2011-04-03,32.0,80.0,216.0,1160.0,3200.0,,,,2011.0,4.0,2.0,0.37037037037037035,0,False,True,False,False,True,False,False,False,False
2007-06-03,65.0,65.0,77.0,105.0,1800.0,,,,2007.0,6.0,2.0,0.8441558441558441,0,False,True,False,False,True,False,False,False,False
2012-09-01,32.0,17.0,131.0,504.0,1600.0,,,,2012.0,9.0,3.0,0.1297709923664122,0,False,True,False,False,True,False,False,False,False
2017-12-01,14.0,320.0,,8000.0,1500.0,,,,2017.0,12.0,4.0,,0,False,True,False,False,True,False,False,False,False
2010-01-25,45.0,95.0,169.0,300.0,3000.0,,,,2010.0,1.0,1.0,0.5621301775147929,0,False,False,False,False,False,False,False,False,True
2010-04-27,45.0,125.0,346.0,904.0,2800.0,,,,2010.0,4.0,2.0,0.36127167630057805,0,False,False,False,False,False,False,False,False,True
2019-04-23,14.0,45.0,149.0,,2600.0,,,,2019.0,4.0,2.0,0.30201342281879195,0,False,True,False,False,True,False,False,False,False
2017-06-29,14.0,65.0,192.0,4800.0,3200.0,,,,2017.0,6.0,2.0,0.3385416666666667,0,False,False,False,False,False,False,False,False,False
2012-06-01,22.0,65.0,133.0,,2900.0,,,,2012.0,6.0,2.0,0.48872180451127817,0,False,True,False,False,True,False,False,False,False
2005-01-01,90.0,25.0,,63.0,1800.0,,,,2005.0,1.0,1.0,,0,False,False,False,False,False,False,False,False,True
2006-06-26,65.0,40.0,,,2333.0,,,,2006.0,6.0,2.0,,0,False,True,False,False,True,False,False,False,False
2001-01-01,130.0,45.0,101.0,63.0,2200.0,,,,2001.0,1.0,1.0,0.44554455445544555,0,False,False,False,False,False,False,False,False,True
2017-06-26,14.0,112.0,,,3900.0,,,,2017.0,6.0,2.0,,0,False,True,False,False,True,False,False,False,False
2001-01-01,130.0,62.0,101.0,63.0,1833.0,,,,2001.0,1.0,1.0,0.6138613861386139,0,False,False,False,False,False,False,False,False,True
2014-09-02,32.0,95.0,315.0,1200.0,3200.0,,,,2014.0,9.0,3.0,0.30158730158730157,0,False,False,False,False,False,False,False,False,True
2008-10-21,65.0,45.0,126.0,154.0,2600.0,,,,2008.0,10.0,4.0,0.35714285714285715,0,False,False,False,False,False,False,False,False,True
2019-01-08,14.0,15.0,246.0,,2000.0,,,,2019.0,1.0,1.0,0.06097560975609756,0,False,False,False,False,False,False,False,False,False
2014-06-02,22.0,88.0,177.0,1400.0,3500.0,,,,2014.0,6.0,2.0,0.4971751412429379,0,False,True,False,False,True,False,False,False,False
2013-08-29,22.0,47.0,264.0,1400.0,1600.0,,,,2013.0,8.0,3.0,0.17803030303030304,0,False,True,False,False,True,False,False,False,False
2017-06-29,14.0,170.0,213.0,4800.0,2200.0,,,,2017.0,6.0,2.0,0.7981220657276995,0,False,False,False,False,False,False,False,False,False
2017-06-29,14.0,180.0,213.0,4800.0,2000.0,,,,2017.0,6.0,2.0,0.8450704225352113,0,False,False,False,False,False,False,False,False,False
2013-09-01,22.0,84.0,177.0,1400.0,3100.0,,,,2013.0,9.0,3.0,0.4745762711864407,0,False,True,False,False,True,False,False,False,False
2014-07-21,22.0,54.0,177.0,1400.0,3500.0,,,,2014.0,7.0,3.0,0.3050847457627119,0,False,True,False,False,True,False,False,False,False
2020-04-30,14.0,58.0,,,3400.0,,,,2020.0,4.0,2.0,,0,False,True,False,False,True,False,False,False,False
2001-03-21,180.0,68.0,120.0,37.0,1300.0,,,,2001.0,3.0,1.0,0.5666666666666667,0,False,False,False,False,False,False,False,False,True
2016-06-20,14.0,230.0,,8000.0,1300.0,,,,2016.0,6.0,2.0,,0,False,True,False,False,True,False,False,False,False
2007-12-27,65.0,10.0,111.0,293.0,1333.0,,,,2007.0,12.0,4.0,0.09009009009009009,0,False,True,False,False,True,False,False,False,False
2011-04-03,32.0,130.0,513.0,2600.0,2276.0,,,,2011.0,4.0,2.0,0.253411306042885,0,False,True,False,False,True,False,False,False,False
2008-10-01,65.0,79.0,285.0,463.0,2000.0,,,,2008.0,10.0,4.0,0.2771929824561403,0,False,False,False,False,False,False,False,False,True
2003-03-10,130.0,89.0,217.0,55.0,3066.0,,,,2003.0,3.0,1.0,0.41013824884792627,0,False,True,False,False,True,False,False,False,False
2012-06-01,22.0,35.0,118.0,,2700.0,,,,2012.0,6.0,2.0,0.2966101694915254,0,False,True,False,False,True,False,False,False,False
2005-11-07,90.0,9.0,84.0,69.0,1000.0,,,,2005.0,11.0,4.0,0.10714285714285714,0,False,False,False,False,False,False,False,False,True
2005-04-01,90.0,62.0,84.0,63.0,1800.0,,,,2005.0,4.0,2.0,0.7380952380952381,0,False,False,False,False,False,False,False,False,True
2006-05-23,90.0,62.0,103.0,81.0,1800.0,,,,2006.0,5.0,2.0,0.6019417475728155,0,False,False,False,False,False,False,False,False,True
2003-08-01,130.0,82.0,193.0,106.0,2000.0,,,,2003.0,8.0,3.0,0.42487046632124353,0,False,False,False,False,False,False,False,False,True
2019-11-20,14.0,35.0,148.0,4800.0,3500.0,,,,2019.0,11.0,4.0,0.23648648648648649,0,False,False,False,False,False,False,False,False,True
2011-02-14,32.0,130.0,239.0,1170.0,3600.0,,,,2011.0,2.0,1.0,0.5439330543933054,0,False,True,False,False,True,False,False,False,False
2008-10-21,65.0,95.0,285.0,450.0,2500.0,,,,2008.0,10.0,4.0,0.3333333333333333,0,False,False,False,False,False,False,False,False,True
2004-08-01,130.0,62.0,80.0,37.0,1500.0,,,,2004.0,8.0,3.0,0.775,0,False,False,False,False,False,False,False,False,True
2001-08-27,180.0,69.0,217.0,42.0,1900.0,,,,2001.0,8.0,3.0,0.31797235023041476,0,False,True,False,False,True,False,False,False,False
2008-04-28,65.0,95.0,285.0,450.0,2300.0,,,,2008.0,4.0,2.0,0.3333333333333333,0,False,False,False,False,False,False,False,False,True
2004-12-01,90.0,85.0,,106.0,1600.0,,,,2004.0,12.0,4.0,,0,False,False,False,False,False,False,False,False,True
2002-06-10,130.0,51.0,80.0,37.0,1533.0,,,,2002.0,6.0,2.0,0.6375,0,False,False,False,False,False,False,False,False,True
2017-07-11,14.0,205.0,,8000.0,2500.0,,,,2017.0,7.0,3.0,,0,False,True,False,False,True,False,False,False,False
2011-02-20,32.0,35.0,131.0,504.0,2500.0,,,,2011.0,2.0,1.0,0.26717557251908397,0,False,True,False,False,True,False,False,False,False
2004-07-28,90.0,25.0,,63.0,1600.0,,,,2004.0,7.0,3.0,,0,False,False,False,False,False,False,False,False,True
2003-02-10,130.0,68.0,101.0,63.0,1833.0,,,,2003.0,2.0,1.0,0.6732673267326733,0,False,False,False,False,False,False,False,False,True
2001-06-01,180.0,27.0,80.0,44.0,933.0,,,,2001.0,6.0,2.0,0.3375,0,False,True,False,False,True,False,False,False,False
2010-09-26,32.0,35.0,81.0,384.0,2000.0,,,,2010.0,9.0,3.0,0.43209876543209874,0,False,True,False,False,True,False,False,False,False
2008-02-27,65.0,10.0,111.0,293.0,1333.0,,,,2008.0,2.0,1.0,0.09009009009009009,0,False,True,False,False,True,False,False,False,False
2010-01-07,32.0,73.0,81.0,382.0,2266.0,,,,2010.0,1.0,1.0,0.9012345679012346,0,False,True,False,False,True,False,False,False,False
2005-01-19,90.0,27.0,84.0,140.0,2000.0,,,,2005.0,1.0,1.0,0.32142857142857145,0,False,True,False,False,True,False,False,False,False
2012-12-04,32.0,45.0,315.0,1200.0,2800.0,,,,2012.0,12.0,4.0,0.14285714285714285,0,False,False,False,False,False,False,False,False,True
2005-04-04,90.0,67.0,83.0,69.0,2000.0,,,,2005.0,4.0,2.0,0.8072289156626506,0,False,False,False,False,False,False,False,False,True
2005-12-01,90.0,135.0,213.0,200.0,2800.0,,,,2005.0,12.0,4.0,0.6338028169014085,0,False,True,False,False,True,False,False,False,False
2013-06-01,32.0,35.0,246.0,1178.0,2100.0,,,,2013.0,6.0,2.0,0.14227642276422764,0,False,False,False,False,False,False,False,False,True
2011-07-01,32.0,17.0,131.0,504.0,1200.0,,,,2011.0,7.0,3.0,0.1297709923664122,0,False,True,False,False,True,False,False,False,False
2021-04-13,7.0,65.0,,,4000.0,,,,2021.0,4.0,2.0,,0,False,False,False,False,False,False,True,False,False
2003-04-16,130.0,35.0,131.0,55.0,2500.0,,,,2003.0,4.0,2.0,0.26717557251908397,0,False,True,False,False,True,False,False,False,False
2021-03-16,14.0,65.0,,,3900.0,,,,2021.0,3.0,1.0,,0,False,True,False,False,True,False,False,False,False
2019-08-07,7.0,225.0,74.0,3800.0,2900.0,,,,2019.0,8.0,3.0,3.0405405405405403,0,False,False,False,False,False,False,True,False,False
2006-05-23,90.0,62.0,183.0,154.0,1800.0,,,,2006.0,5.0,2.0,0.33879781420765026,0,False,False,False,False,False,False,False,False,True
2013-01-06,40.0,18.0,75.0,,1750.0,,,,2013.0,1.0,1.0,0.24,0,False,False,False,False,False,False,False,False,True
2002-06-24,130.0,32.0,131.0,55.0,1900.0,,,,2002.0,6.0,2.0,0.24427480916030533,0,False,True,False,False,True,False,False,False,False
2006-12-05,65.0,65.0,126.0,154.0,1900.0,,,,2006.0,12.0,4.0,0.5158730158730159,0,False,False,False,False,False,False,False,False,True
2019-08-07,7.0,180.0,74.0,3800.0,2800.0,,,,2019.0,8.0,3.0,2.4324324324324325,0,False,False,False,False,False,False,True,False,False
2010-05-30,45.0,95.0,296.0,774.0,3066.0,,,,2010.0,5.0,2.0,0.32094594594594594,0,False,True,False,False,True,False,False,False,False
2005-06-12,90.0,115.0,109.0,125.0,3600.0,,,,2005.0,6.0,2.0,1.055045871559633,0,False,True,False,False,True,False,False,False,False
2006-01-05,65.0,86.0,81.0,188.0,3600.0,,,,2006.0,1.0,1.0,1.0617283950617284,0,False,True,False,False,True,False,False,False,False
2010-01-01,45.0,35.0,107.0,410.0,2300.0,,,,2010.0,1.0,1.0,0.32710280373831774,0,False,True,False,False,True,False,False,False,False
2010-05-30,32.0,73.0,81.0,382.0,3200.0,,,,2010.0,5.0,2.0,0.9012345679012346,0,False,True,False,False,True,False,False,False,False
2003-06-30,130.0,85.0,193.0,106.0,1800.0,,,,2003.0,6.0,2.0,0.44041450777202074,0,False,False,False,False,False,False,False,False,True
2004-02-01,90.0,115.0,109.0,125.0,2800.0,,,,2004.0,2.0,1.0,1.055045871559633,0,False,True,False,False,True,False,False,False,False
2021-03-16,14.0,65.0,,,2500.0,,,,2021.0,3.0,1.0,,0,False,True,False,False,True,False,False,False,False
2019-04-02,14.0,250.0,,8000.0,2100.0,,,,2019.0,4.0,2.0,,0,False,True,False,False,True,False,False,False,False
2019-09-18,7.0,280.0,74.0,3800.0,2600.0,,,,2019.0,9.0,3.0,3.7837837837837838,0,False,False,False,False,False,False,True,False,False
2019-01-08,14.0,65.0,,,2900.0,,,,2019.0,1.0,1.0,,0,False,True,False,False,True,False,False,False,False
2009-10-01,45.0,80.0,258.0,758.0,3000.0,,,,2009.0,10.0,4.0,0.31007751937984496,0,False,False,False,False,False,False,False,False,True
2007-10-08,90.0,45.0,3.0,154.0,2200.0,,,,2007.0,10.0,4.0,15.0,0,False,False,False,False,False,False,False,False,True
2017-06-26,14.0,140.0,,,3600.0,,,,2017.0,6.0,2.0,,0,False,True,False,False,True,False,False,False,False
2003-11-17,130.0,89.0,193.0,106.0,2200.0,,,,2003.0,11.0,4.0,0.46113989637305697,0,False,False,False,False,False,False,False,False,True
2012-09-01,32.0,35.0,149.0,624.0,2200.0,,,,2012.0,9.0,3.0,0.2348993288590604,0,False,True,False,False,True,False,False,False,False
2014-05-01,22.0,84.0,177.0,1400.0,3400.0,,,,2014.0,5.0,2.0,0.4745762711864407,0,False,True,False,False,True,False,False,False,False
2019-10-19,14.0,165.0,,,3300.0,,,,2019.0,10.0,4.0,,0,False,True,False,False,True,False,False,False,False
2010-09-21,45.0,95.0,169.0,300.0,3200.0,,,,2010.0,9.0,3.0,0.5621301775147929,0,False,False,False,False,False,False,False,False,True
2011-04-03,32.0,95.0,216.0,1160.0,3200.0,,,,2011.0,4.0,2.0,0.4398148148148148,0,False,True,False,False,True,False,False,False,False
2006-11-01,90.0,125.0,235.0,227.0,3200.0,,,,2006.0,11.0,4.0,0.5319148936170213,0,False,False,False,False,False,False,False,False,True
2013-09-01,22.0,115.0,160.0,1400.0,2500.0,,,,2013.0,9.0,3.0,0.71875,0,False,True,False,False,True,False,False,False,False
2010-09-14,45.0,3.0,26.0,47.0,1000.0,,,,2010.0,9.0,3.0,0.11538461538461539,0,False,True,False,False,True,False,False,False,False
2000-06-05,180.0,52.0,120.0,37.0,950.0,,,,2000.0,6.0,2.0,0.43333333333333335,0,False,False,False,False,False,False,False,False,True
2009-04-28,65.0,95.0,285.0,450.0,2800.0,,,,2009.0,4.0,2.0,0.3333333333333333,0,False,False,False,False,False,False,False,False,True
2008-08-01,45.0,45.0,107.0,,2534.0,,,,2008.0,8.0,3.0,0.4205607476635514,0,False,True,False,False,True,False,False,False,False
2004-08-01,90.0,62.0,84.0,63.0,1600.0,,,,2004.0,8.0,3.0,0.7380952380952381,0,False,False,False,False,False,False,False,False,True
2012-11-12,22.0,300.0,350.0,5000.0,1053.0,,,,2012.0,11.0,4.0,0.8571428571428571,0,False,True,False,False,True,False,False,False,False
2019-08-07,7.0,200.0,74.0,3800.0,2000.0,,,,2019.0,8.0,3.0,2.7027027027027026,0,False,False,False,False,False,False,True,False,False
2012-12-03,22.0,55.0,94.0,,2700.0,,,,2012.0,12.0,4.0,0.5851063829787234,0,False,True,False,False,True,False,False,False,False
2008-01-01,45.0,65.0,104.0,410.0,3000.0,,,,2008.0,1.0,1.0,0.625,0,False,True,False,False,True,False,False,False,False
2009-03-30,45.0,60.0,263.0,731.0,2133.0,,,,2009.0,3.0,1.0,0.22813688212927757,0,False,True,False,False,True,False,False,False,False
2004-06-01,130.0,89.0,193.0,106.0,2200.0,,,,2004.0,6.0,2.0,0.46113989637305697,0,False,False,False,False,False,False,False,False,True
2012-11-12,22.0,225.0,350.0,5000.0,1053.0,,,,2012.0,11.0,4.0,0.6428571428571429,0,False,True,False,False,True,False,False,False,False
2013-09-01,22.0,35.0,177.0,1400.0,3000.0,,,,2013.0,9.0,3.0,0.1977401129943503,0,False,True,False,False,True,False,False,False,False
2020-11-05,7.0,65.0,,,3700.0,,,,2020.0,11.0,4.0,,0,False,False,False,False,False,False,True,False,False
2021-04-06,10.0,140.0,,,3200.0,,,,2021.0,4.0,2.0,,0,False,True,False,False,True,False,False,False,False
2011-10-12,32.0,95.0,315.0,1200.0,2800.0,,,,2011.0,10.0,4.0,0.30158730158730157,0,False,False,False,False,False,False,False,False,True
2017-07-29,14.0,180.0,213.0,9600.0,3200.0,,,,2017.0,7.0,3.0,0.8450704225352113,0,False,False,False,False,False,False,False,False,False
2014-03-01,22.0,270.0,350.0,5000.0,1238.0,,,,2014.0,3.0,1.0,0.7714285714285715,0,False,True,False,False,True,False,False,False,False
2004-07-28,90.0,62.0,,63.0,1600.0,,,,2004.0,7.0,3.0,,0,False,False,False,False,False,False,False,False,True
2003-08-01,130.0,82.0,193.0,106.0,1800.0,,,,2003.0,8.0,3.0,0.42487046632124353,0,False,False,False,False,False,False,False,False,True
2012-06-06,40.0,18.0,75.0,,1400.0,,,,2012.0,6.0,2.0,0.24,0,False,False,False,False,False,False,False,False,True
2011-06-01,32.0,17.0,149.0,624.0,1300.0,,,,2011.0,6.0,2.0,0.11409395973154363,0,False,True,False,False,True,False,False,False,False
2019-08-01,10.0,25.0,,,1200.0,,,,2019.0,8.0,3.0,,0,False,True,False,False,True,False,False,False,False
2003-08-01,130.0,82.0,193.0,106.0,1800.0,,,,2003.0,8.0,3.0,0.42487046632124353,0,False,False,False,False,False,False,False,False,True
2018-12-11,14.0,205.0,,8000.0,2700.0,,,,2018.0,12.0,4.0,,0,False,True,False,False,True,False,False,False,False
2005-07-15,90.0,25.0,,69.0,1800.0,,,,2005.0,7.0,3.0,,0,False,False,False,False,False,False,False,False,True
2010-06-01,45.0,2.0,26.0,47.0,2133.0,,,,2010.0,6.0,2.0,0.07692307692307693,0,False,True,False,False,True,False,False,False,False
2011-05-22,32.0,65.0,131.0,504.0,2800.0,,,,2011.0,5.0,2.0,0.4961832061068702,0,False,True,False,False,True,False,False,False,False
2009-09-01,45.0,95.0,258.0,758.0,2800.0,,,,2009.0,9.0,3.0,0.3682170542635659,0,False,False,False,False,False,False,False,False,True
2012-12-04,32.0,35.0,315.0,1200.0,2200.0,,,,2012.0,12.0,4.0,0.1111111111111111,0,False,False,False,False,False,False,False,False,True
2018-05-10,14.0,65.0,210.0,4950.0,3600.0,,,,2018.0,5.0,2.0,0.30952380952380953,0,False,False,False,False,False,False,False,False,False
2011-09-04,32.0,65.0,131.0,504.0,2400.0,,,,2011.0,9.0,3.0,0.4961832061068702,0,False,True,False,False,True,False,False,False,False
2017-06-29,14.0,65.0,192.0,4800.0,3500.0,,,,2017.0,6.0,2.0,0.3385416666666667,0,False,False,False,False,False,False,False,False,False
2010-09-01,45.0,95.0,346.0,904.0,2900.0,,,,2010.0,9.0,3.0,0.2745664739884393,0,False,False,False,False,False,False,False,False,True
2021-03-16,14.0,125.0,,,3600.0,,,,2021.0,3.0,1.0,,0,False,True,False,False,True,False,False,False,False
2008-08-31,45.0,65.0,82.0,228.0,2500.0,,,,2008.0,8.0,3.0,0.7926829268292683,0,False,True,False,False,True,False,False,False,False
2004-06-01,130.0,89.0,193.0,106.0,2400.0,,,,2004.0,6.0,2.0,0.46113989637305697,0,False,False,False,False,False,False,False,False,True
2008-03-27,65.0,65.0,285.0,450.0,1800.0,,,,2008.0,3.0,1.0,0.22807017543859648,0,False,False,False,False,False,False,False,False,True
2005-01-19,90.0,27.0,84.0,140.0,2130.0,,,,2005.0,1.0,1.0,0.32142857142857145,0,False,True,False,False,True,False,False,False,False
2008-08-31,45.0,95.0,82.0,456.0,2333.0,,,,2008.0,8.0,3.0,1.1585365853658536,0,False,True,False,False,True,False,False,False,False
2018-04-03,14.0,51.0,,,3200.0,,,,2018.0,4.0,2.0,,0,False,True,False,False,True,False,False,False,False
2001-03-21,180.0,70.0,120.0,37.0,1333.0,,,,2001.0,3.0,1.0,0.5833333333333334,0,False,False,False,False,False,False,False,False,True
2004-10-14,90.0,67.0,84.0,69.0,2000.0,,,,2004.0,10.0,4.0,0.7976190476190477,0,False,False,False,False,False,False,False,False,True
2008-12-01,65.0,35.0,,,2300.0,,,,2008.0,12.0,4.0,,0,False,False,False,False,False,False,False,False,True
2010-01-25,45.0,65.0,258.0,758.0,2600.0,,,,2010.0,1.0,1.0,0.25193798449612403,0,False,False,False,False,False,False,False,False,True
2010-06-21,45.0,10.0,66.0,123.0,1834.0,,,,2010.0,6.0,2.0,0.15151515151515152,0,False,True,False,False,True,False,False,False,False
2021-03-15,7.0,225.0,,,2800.0,,,,2021.0,3.0,1.0,,0,False,False,False,False,False,False,True,False,False
2018-09-01,14.0,65.0,,,3700.0,,,,2018.0,9.0,3.0,,0,False,True,False,False,True,False,False,False,False
2006-01-05,65.0,31.0,90.0,151.0,1826.0,,,,2006.0,1.0,1.0,0.34444444444444444,0,False,True,False,False,True,False,False,False,False
2002-04-23,130.0,26.0,131.0,55.0,1500.0,,,,2002.0,4.0,2.0,0.1984732824427481,0,False,True,False,False,True,False,False,False,False
2005-03-29,90.0,135.0,,,3667.0,,,,2005.0,3.0,1.0,,0,False,True,False,False,True,False,False,False,False
2002-11-18,130.0,89.0,217.0,55.0,2660.0,,,,2002.0,11.0,4.0,0.41013824884792627,0,False,True,False,False,True,False,False,False,False
2004-09-22,90.0,73.0,109.0,125.0,2530.0,,,,2004.0,9.0,3.0,0.6697247706422018,0,False,True,False,False,True,False,False,False,False
2007-08-26,65.0,65.0,77.0,105.0,2000.0,,,,2007.0,8.0,3.0,0.8441558441558441,0,False,True,False,False,True,False,False,False,False
2004-07-28,90.0,62.0,,63.0,1800.0,,,,2004.0,7.0,3.0,,0,False,False,False,False,False,False,False,False,True
2011-06-14,32.0,45.0,228.0,1178.0,1800.0,,,,2011.0,6.0,2.0,0.19736842105263158,0,False,False,False,False,False,False,False,False,True
2021-04-06,14.0,250.0,,,2900.0,,,,2021.0,4.0,2.0,,0,False,True,False,False,True,False,False,False,False
2012-11-12,22.0,300.0,350.0,5000.0,1100.0,,,,2012.0,11.0,4.0,0.8571428571428571,0,False,True,False,False,True,False,False,False,False
2009-09-01,45.0,95.0,258.0,758.0,3000.0,,,,2009.0,9.0,3.0,0.3682170542635659,0,False,False,False,False,False,False,False,False,True
2020-07-21,12.0,65.0,,,3500.0,,,,2020.0,7.0,3.0,,0,False,False,False,False,False,False,False,False,False
2005-02-14,90.0,92.0,,106.0,2600.0,,,,2005.0,2.0,1.0,,0,False,False,False,False,False,False,False,False,True
2015-07-02,14.0,65.0,177.0,,2700.0,,,,2015.0,7.0,3.0,0.3672316384180791,0,False,True,False,False,True,False,False,False,False
2009-04-08,45.0,2.0,26.0,47.0,2000.0,,,,2009.0,4.0,2.0,0.07692307692307693,0,False,True,False,False,True,False,False,False,False
2009-09-16,45.0,95.0,169.0,300.0,2600.0,,,,2009.0,9.0,3.0,0.5621301775147929,0,False,False,False,False,False,False,False,False,True
2017-08-10,14.0,180.0,213.0,9600.0,3400.0,,,,2017.0,8.0,3.0,0.8450704225352113,0,False,False,False,False,False,False,False,False,False
2013-09-01,22.0,80.0,160.0,1400.0,2200.0,,,,2013.0,9.0,3.0,0.5,0,False,True,False,False,True,False,False,False,False
2013-06-01,32.0,35.0,246.0,1178.0,2900.0,,,,2013.0,6.0,2.0,0.14227642276422764,0,False,False,False,False,False,False,False,False,True
2008-03-27,65.0,95.0,285.0,450.0,2200.0,,,,2008.0,3.0,1.0,0.3333333333333333,0,False,False,False,False,False,False,False,False,True
2008-04-20,45.0,65.0,82.0,228.0,2533.0,,,,2008.0,4.0,2.0,0.7926829268292683,0,False,True,False,False,True,False,False,False,False
2021-04-06,10.0,270.0,,,2600.0,,,,2021.0,4.0,2.0,,0,False,True,False,False,True,False,False,False,False
2006-06-28,65.0,9.0,90.0,151.0,1200.0,,,,2006.0,6.0,2.0,0.1,0,False,True,False,False,True,False,False,False,False
2005-01-04,90.0,88.0,112.0,125.0,3467.0,,,,2005.0,1.0,1.0,0.7857142857142857,0,False,True,False,False,True,False,False,False,False
2021-04-06,14.0,225.0,,,3000.0,,,,2021.0,4.0,2.0,,0,False,True,False,False,True,False,False,False,False
2012-05-14,32.0,130.0,435.0,2270.0,2400.0,,,,2012.0,5.0,2.0,0.2988505747126437,0,False,True,False,False,True,False,False,False,False
2010-08-29,45.0,65.0,82.0,228.0,2700.0,,,,2010.0,8.0,3.0,0.7926829268292683,0,False,True,False,False,True,False,False,False,False
2012-06-03,22.0,17.0,118.0,,1900.0,,,,2012.0,6.0,2.0,0.1440677966101695,0,False,True,False,False,True,False,False,False,False
2011-04-03,32.0,20.0,131.0,504.0,2200.0,,,,2011.0,4.0,2.0,0.15267175572519084,0,False,True,False,False,True,False,False,False,False
2013-05-29,28.0,22.0,,,1900.0,,,,2013.0,5.0,2.0,,0,False,False,False,False,False,False,False,False,True
2012-09-03,22.0,55.0,118.0,,3300.0,,,,2012.0,9.0,3.0,0.4661016949152542,0,False,True,False,False,True,False,False,False,False
2010-12-07,45.0,80.0,258.0,758.0,3400.0,,,,2010.0,12.0,4.0,0.31007751937984496,0,False,False,False,False,False,False,False,False,True
2011-05-22,32.0,65.0,,,3100.0,,,,2011.0,5.0,2.0,,0,False,True,False,False,True,False,False,False,False
2005-03-10,90.0,35.0,125.0,114.0,1800.0,,,,2005.0,3.0,1.0,0.28,0,False,False,False,False,False,False,False,False,True
2006-01-05,65.0,15.0,90.0,151.0,1666.0,,,,2006.0,1.0,1.0,0.16666666666666666,0,False,True,False,False,True,False,False,False,False
2019-08-01,10.0,28.0,,,2300.0,,,,2019.0,8.0,3.0,,0,False,True,False,False,True,False,False,False,False
2021-04-06,10.0,165.0,,,3600.0,,,,2021.0,4.0,2.0,,0,False,True,False,False,True,False,False,False,False
2004-09-22,90.0,84.0,109.0,125.0,2930.0,,,,2004.0,9.0,3.0,0.7706422018348624,0,False,True,False,False,True,False,False,False,False
2012-06-06,40.0,18.0,75.0,,1700.0,,,,2012.0,6.0,2.0,0.24,0,False,False,False,False,False,False,False,False,True
2001-08-27,180.0,55.0,217.0,42.0,1400.0,,,,2001.0,8.0,3.0,0.2534562211981567,0,False,True,False,False,True,False,False,False,False
2011-09-04,32.0,65.0,131.0,504.0,3000.0,,,,2011.0,9.0,3.0,0.4961832061068702,0,False,True,False,False,True,False,False,False,False
2004-06-28,90.0,135.0,135.0,155.0,3000.0,,,,2004.0,6.0,2.0,1.0,0,False,True,False,False,True,False,False,False,False
2004-06-01,130.0,89.0,193.0,105.0,2400.0,,,,2004.0,6.0,2.0,0.46113989637305697,0,False,False,False,False,False,False,False,False,True
2013-05-23,32.0,15.0,246.0,1178.0,1650.0,,,,2013.0,5.0,2.0,0.06097560975609756,0,False,False,False,False,False,False,False,False,True
2008-04-21,65.0,25.0,77.0,122.0,2000.0,,,,2008.0,4.0,2.0,0.3246753246753247,0,False,False,False,False,False,False,False,False,True
2021-03-16,14.0,35.0,,,1700.0,,,,2021.0,3.0,1.0,,0,False,True,False,False,True,False,False,False,False
2011-07-01,32.0,17.0,131.0,504.0,1300.0,,,,2011.0,7.0,3.0,0.1297709923664122,0,False,True,False,False,True,False,False,False,False
2001-01-01,130.0,68.0,101.0,63.0,1917.0,,,,2001.0,1.0,1.0,0.6732673267326733,0,False,False,False,False,False,False,False,False,True
2012-05-14,22.0,69.0,160.0,1400.0,3500.0,,,,2012.0,5.0,2.0,0.43125,0,False,True,False,False,True,False,False,False,False
2020-04-30,14.0,65.0,,,3300.0,,,,2020.0,4.0,2.0,,0,False,True,False,False,True,False,False,False,False
2021-03-15,7.0,240.0,,,2800.0,,,,2021.0,3.0,1.0,,0,False,False,False,False,False,False,True,False,False
2017-09-01,14.0,165.0,,,2800.0,,,,2017.0,9.0,3.0,,0,False,True,False,False,True,False,False,False,False
2001-01-01,130.0,50.0,80.0,37.0,1467.0,,,,2001.0,1.0,1.0,0.625,0,False,False,False,False,False,False,False,False,True
2019-07-07,7.0,105.0,74.0,3800.0,3800.0,,,,2019.0,7.0,3.0,1.4189189189189189,0,False,False,False,False,False,False,True,False,False
2004-05-18,130.0,89.0,193.0,106.0,2400.0,,,,2004.0,5.0,2.0,0.46113989637305697,0,False,False,False,False,False,False,False,False,True
2020-07-21,7.0,35.0,,,3500.0,,,,2020.0,7.0,3.0,,0,False,False,False,False,False,False,True,False,False
2005-06-12,90.0,115.0,109.0,125.0,3800.0,,,,2005.0,6.0,2.0,1.055045871559633,0,False,True,False,False,True,False,False,False,False
2008-03-25,45.0,95.0,107.0,820.0,2666.0,,,,2008.0,3.0,1.0,0.8878504672897196,0,False,True,False,False,True,False,False,False,False
2012-05-14,22.0,77.0,160.0,1400.0,3400.0,,,,2012.0,5.0,2.0,0.48125,0,False,True,False,False,True,False,False,False,False
2013-07-06,32.0,220.0,315.0,1200.0,4400.0,,,,2013.0,7.0,3.0,0.6984126984126984,0,False,False,False,False,False,False,False,False,True
2004-06-21,90.0,115.0,109.0,125.0,3600.0,,,,2004.0,6.0,2.0,1.055045871559633,0,False,True,False,False,True,False,False,False,False
2020-04-30,14.0,65.0,,,2900.0,,,,2020.0,4.0,2.0,,0,False,True,False,False,True,False,False,False,False
2001-01-01,90.0,67.0,83.0,69.0,2200.0,,,,2001.0,1.0,1.0,0.8072289156626506,0,False,False,False,False,False,False,False,False,True
2004-06-28,90.0,135.0,135.0,155.0,3200.0,,,,2004.0,6.0,2.0,1.0,0,False,True,False,False,True,False,False,False,False
2006-01-05,65.0,86.0,81.0,188.0,3400.0,,,,2006.0,1.0,1.0,1.0617283950617284,0,False,True,False,False,True,False,False,False,False
2003-09-01,130.0,60.0,,63.0,1667.0,,,,2003.0,9.0,3.0,,0,False,False,False,False,False,False,False,False,True
2011-01-04,40.0,18.0,75.0,,1600.0,,,,2011.0,1.0,1.0,0.24,0,False,False,False,False,False,False,False,False,True
2010-09-14,45.0,4.0,26.0,47.0,1600.0,,,,2010.0,9.0,3.0,0.15384615384615385,0,False,True,False,False,True,False,False,False,False
2009-10-20,45.0,25.0,117.0,410.0,1600.0,,,,2009.0,10.0,4.0,0.21367521367521367,0,False,False,False,False,False,False,False,False,True
2004-12-01,90.0,84.0,109.0,125.0,2660.0,,,,2004.0,12.0,4.0,0.7706422018348624,0,False,True,False,False,True,False,False,False,False
2021-04-06,14.0,205.0,,,2600.0,,,,2021.0,4.0,2.0,,0,False,True,False,False,True,False,False,False,False
2005-01-01,90.0,84.0,109.0,125.0,2800.0,,,,2005.0,1.0,1.0,0.7706422018348624,0,False,True,False,False,True,False,False,False,False
2017-09-29,14.0,140.0,,,2300.0,,,,2017.0,9.0,3.0,,0,False,True,False,False,True,False,False,False,False
2016-06-20,14.0,230.0,,8000.0,1400.0,,,,2016.0,6.0,2.0,,0,False,True,False,False,True,False,False,False,False
2017-07-29,14.0,180.0,213.0,9600.0,3500.0,,,,2017.0,7.0,3.0,0.8450704225352113,0,False,False,False,False,False,False,False,False,False
2011-04-03,32.0,80.0,216.0,1160.0,3300.0,,,,2011.0,4.0,2.0,0.37037037037037035,0,False,True,False,False,True,False,False,False,False
2019-08-01,10.0,12.0,,,1000.0,,,,2019.0,8.0,3.0,,0,False,True,False,False,True,False,False,False,False
2003-03-12,130.0,24.0,100.0,77.0,1400.0,,,,2003.0,3.0,1.0,0.24,0,False,True,False,False,True,False,False,False,False
2010-03-16,32.0,80.0,239.0,1170.0,2533.0,,,,2010.0,3.0,1.0,0.33472803347280333,0,False,True,False,False,True,False,False,False,False
2017-07-17,14.0,35.0,,,3600.0,,,,2017.0,7.0,3.0,,0,False,True,False,False,True,False,False,False,False
2011-06-01,32.0,17.0,149.0,624.0,1700.0,,,,2011.0,6.0,2.0,0.11409395973154363,0,False,True,False,False,True,False,False,False,False
2013-06-04,22.0,12.0,118.0,1400.0,1400.0,,,,2013.0,6.0,2.0,0.1016949152542373,0,False,True,False,False,True,False,False,False,False
2011-09-04,32.0,35.0,131.0,504.0,2200.0,,,,2011.0,9.0,3.0,0.26717557251908397,0,False,True,False,False,True,False,False,False,False
2013-06-01,32.0,65.0,246.0,1178.0,3700.0,,,,2013.0,6.0,2.0,0.26422764227642276,0,False,False,False,False,False,False,False,False,True
2017-07-27,28.0,65.0,246.0,1178.0,3500.0,,,,2017.0,7.0,3.0,0.26422764227642276,0,False,False,False,False,False,False,False,False,True
2005-03-10,90.0,25.0,125.0,114.0,1800.0,,,,2005.0,3.0,1.0,0.2,0,False,False,False,False,False,False,False,False,True
2018-04-02,14.0,35.0,,,3200.0,,,,2018.0,4.0,2.0,,0,False,True,False,False,True,False,False,False,False
2007-02-20,65.0,45.0,77.0,122.0,2400.0,,,,2007.0,2.0,1.0,0.5844155844155844,0,False,False,False,False,False,False,False,False,True
2013-09-01,22.0,55.0,94.0,,2800.0,,,,2013.0,9.0,3.0,0.5851063829787234,0,False,True,False,False,True,False,False,False,False
2008-06-01,65.0,35.0,,,2200.0,,,,2008.0,6.0,2.0,,0,False,False,False,False,False,False,False,False,True
2011-10-12,32.0,45.0,216.0,1160.0,2200.0,,,,2011.0,10.0,4.0,0.20833333333333334,0,False,True,False,False,True,False,False,False,False
2003-09-09,130.0,82.0,193.0,106.0,1400.0,,,,2003.0,9.0,3.0,0.42487046632124353,0,False,False,False,False,False,False,False,False,True
2019-08-07,7.0,200.0,74.0,3800.0,2200.0,,,,2019.0,8.0,3.0,2.7027027027027026,0,False,False,False,False,False,False,True,False,False
2019-04-23,14.0,62.0,,,3700.0,,,,2019.0,4.0,2.0,,0,False,True,False,False,True,False,False,False,False
2004-06-21,90.0,84.0,109.0,125.0,2800.0,,,,2004.0,6.0,2.0,0.7706422018348624,0,False,True,False,False,True,False,False,False,False
2004-10-14,90.0,67.0,84.0,69.0,2200.0,,,,2004.0,10.0,4.0,0.7976190476190477,0,False,False,False,False,False,False,False,False,True
2004-08-01,130.0,62.0,193.0,106.0,1800.0,,,,2004.0,8.0,3.0,0.32124352331606215,0,False,False,False,False,False,False,False,False,True
2008-02-27,65.0,10.0,111.0,293.0,1073.0,,,,2008.0,2.0,1.0,0.09009009009009009,0,False,True,False,False,True,False,False,False,False
2008-10-01,65.0,95.0,285.0,450.0,2500.0,,,,2008.0,10.0,4.0,0.3333333333333333,0,False,False,False,False,False,False,False,False,True
2002-03-04,130.0,30.0,131.0,55.0,1700.0,,,,2002.0,3.0,1.0,0.22900763358778625,0,False,True,False,False,True,False,False,False,False
2006-05-23,90.0,35.0,103.0,81.0,1800.0,,,,2006.0,5.0,2.0,0.33980582524271846,0,False,False,False,False,False,False,False,False,True
2011-06-01,32.0,17.0,149.0,624.0,1300.0,,,,2011.0,6.0,2.0,0.11409395973154363,0,False,True,False,False,True,False,False,False,False
2011-07-01,45.0,65.0,117.0,410.0,3400.0,,,,2011.0,7.0,3.0,0.5555555555555556,0,False,False,False,False,False,False,False,False,True
2010-06-21,45.0,13.0,66.0,176.0,1834.0,,,,2010.0,6.0,2.0,0.19696969696969696,0,False,True,False,False,True,False,False,False,False
2019-08-07,7.0,200.0,74.0,3800.0,2000.0,,,,2019.0,8.0,3.0,2.7027027027027026,0,False,False,False,False,False,False,True,False,False
2013-09-01,22.0,35.0,177.0,1400.0,2600.0,,,,2013.0,9.0,3.0,0.1977401129943503,0,False,True,False,False,True,False,False,False,False
2013-09-01,22.0,130.0,257.0,1860.0,3400.0,,,,2013.0,9.0,3.0,0.5058365758754864,0,False,True,False,False,True,False,False,False,False
2002-11-11,130.0,45.0,101.0,63.0,1800.0,,,,2002.0,11.0,4.0,0.44554455445544555,0,False,False,False,False,False,False,False,False,True
2003-09-09,130.0,89.0,193.0,106.0,2000.0,,,,2003.0,9.0,3.0,0.46113989637305697,0,False,False,False,False,False,False,False,False,True
2010-03-16,45.0,80.0,263.0,731.0,2266.0,,,,2010.0,3.0,1.0,0.3041825095057034,0,False,True,False,False,True,False,False,False,False
2005-10-04,90.0,35.0,125.0,114.0,2400.0,,,,2005.0,10.0,4.0,0.28,0,False,False,False,False,False,False,False,False,True
2017-04-11,14.0,65.0,192.0,4800.0,3200.0,,,,2017.0,4.0,2.0,0.3385416666666667,0,False,False,False,False,False,False,False,False,False
2015-03-01,14.0,15.0,,,2100.0,,,,2015.0,3.0,1.0,,0,False,True,False,False,True,False,False,False,False
2014-05-01,22.0,54.0,177.0,1400.0,2800.0,,,,2014.0,5.0,2.0,0.3050847457627119,0,False,True,False,False,True,False,False,False,False
2014-02-01,22.0,47.0,264.0,1400.0,2400.0,,,,2014.0,2.0,1.0,0.17803030303030304,0,False,True,False,False,True,False,False,False,False
2018-04-02,14.0,45.0,149.0,,2200.0,,,,2018.0,4.0,2.0,0.30201342281879195,0,False,True,False,False,True,False,False,False,False
2008-09-01,65.0,35.0,,,2100.0,,,,2008.0,9.0,3.0,,0,False,False,False,False,False,False,False,False,True
2006-11-30,90.0,125.0,235.0,227.0,2800.0,,,,2006.0,11.0,4.0,0.5319148936170213,0,False,False,False,False,False,False,False,False,True
2011-04-11,45.0,3.0,65.0,140.0,1500.0,,,,2011.0,4.0,2.0,0.046153846153846156,0,False,True,False,False,True,False,False,False,False
2005-08-02,90.0,67.0,,106.0,2000.0,,,,2005.0,8.0,3.0,,0,False,False,False,False,False,False,False,False,True
2011-03-01,32.0,35.0,149.0,624.0,2100.0,,,,2011.0,3.0,1.0,0.2348993288590604,0,False,True,False,False,True,False,False,False,False
2006-05-23,90.0,110.0,156.0,154.0,2400.0,,,,2006.0,5.0,2.0,0.7051282051282052,0,False,False,False,False,False,False,False,False,True
2021-03-16,14.0,65.0,,,2500.0,,,,2021.0,3.0,1.0,,0,False,True,False,False,True,False,False,False,False
2003-09-01,130.0,68.0,,63.0,2000.0,,,,2003.0,9.0,3.0,,0,False,False,False,False,False,False,False,False,True
2015-03-01,14.0,15.0,,,2600.0,,,,2015.0,3.0,1.0,,0,False,True,False,False,True,False,False,False,False
2010-08-29,32.0,73.0,81.0,382.0,3333.0,,,,2010.0,8.0,3.0,0.9012345679012346,0,False,True,False,False,True,False,False,False,False
2011-12-20,32.0,35.0,228.0,1178.0,1800.0,,,,2011.0,12.0,4.0,0.15350877192982457,0,False,False,False,False,False,False,False,False,True
2014-09-02,32.0,95.0,315.0,1200.0,3300.0,,,,2014.0,9.0,3.0,0.30158730158730157,0,False,False,False,False,False,False,False,False,True
2002-06-10,130.0,60.0,80.0,37.0,1667.0,,,,2002.0,6.0,2.0,0.75,0,False,False,False,False,False,False,False,False,True
2008-01-20,65.0,65.0,77.0,105.0,1600.0,,,,2008.0,1.0,1.0,0.8441558441558441,0,False,True,False,False,True,False,False,False,False
2011-02-20,32.0,65.0,131.0,504.0,3100.0,,,,2011.0,2.0,1.0,0.4961832061068702,0,False,True,False,False,True,False,False,False,False
2020-07-21,7.0,65.0,,,3700.0,,,,2020.0,7.0,3.0,,0,False,False,False,False,False,False,True,False,False
2017-09-10,14.0,140.0,,,2900.0,,,,2017.0,9.0,3.0,,0,False,True,False,False,True,False,False,False,False
2004-08-01,130.0,62.0,80.0,37.0,1667.0,,,,2004.0,8.0,3.0,0.775,0,False,False,False,False,False,False,False,False,True
2012-07-01,32.0,35.0,131.0,504.0,1800.0,,,,2012.0,7.0,3.0,0.26717557251908397,0,False,True,False,False,True,False,False,False,False
2011-08-22,40.0,9.0,75.0,,1000.0,,,,2011.0,8.0,3.0,0.12,0,False,False,False,False,False,False,False,False,True
2013-09-01,22.0,15.0,118.0,1400.0,1400.0,,,,2013.0,9.0,3.0,0.1271186440677966,0,False,True,False,False,True,False,False,False,False
2010-03-16,32.0,40.0,239.0,1170.0,1866.0,,,,2010.0,3.0,1.0,0.16736401673640167,0,False,True,False,False,True,False,False,False,False
2015-03-01,14.0,15.0,,,1600.0,,,,2015.0,3.0,1.0,,0,False,True,False,False,True,False,False,False,False
2006-05-23,90.0,62.0,183.0,154.0,2000.0,,,,2006.0,5.0,2.0,0.33879781420765026,0,False,False,False,False,False,False,False,False,True
2018-08-13,12.0,250.0,213.0,19200.0,3000.0,,,,2018.0,8.0,3.0,1.1737089201877935,0,False,False,False,False,False,False,False,False,False
2016-05-31,28.0,15.0,124.0,1200.0,3000.0,,,,2016.0,5.0,2.0,0.12096774193548387,0,False,False,False,False,False,False,False,False,True
2005-08-01,130.0,82.0,193.0,106.0,2400.0,,,,2005.0,8.0,3.0,0.42487046632124353,0,False,False,False,False,False,False,False,False,True
2005-06-12,90.0,84.0,109.0,125.0,2800.0,,,,2005.0,6.0,2.0,0.7706422018348624,0,False,True,False,False,True,False,False,False,False
2009-06-02,45.0,65.0,258.0,758.0,2400.0,,,,2009.0,6.0,2.0,0.25193798449612403,0,False,False,False,False,False,False,False,False,True
2015-05-28,28.0,95.0,246.0,1178.0,3900.0,,,,2015.0,5.0,2.0,0.3861788617886179,0,False,False,False,False,False,False,False,False,True
2013-09-01,22.0,130.0,160.0,1400.0,3500.0,,,,2013.0,9.0,3.0,0.8125,0,False,True,False,False,True,False,False,False,False
2009-08-13,45.0,140.0,258.0,758.0,3400.0,,,,2009.0,8.0,3.0,0.5426356589147286,0,False,False,False,False,False,False,False,False,True
2017-07-29,14.0,180.0,213.0,9600.0,3200.0,,,,2017.0,7.0,3.0,0.8450704225352113,0,False,False,False,False,False,False,False,False,False
2009-10-20,45.0,45.0,169.0,300.0,2300.0,,,,2009.0,10.0,4.0,0.26627218934911245,0,False,False,False,False,False,False,False,False,True
2019-08-01,10.0,25.0,,,1100.0,,,,2019.0,8.0,3.0,,0,False,True,False,False,True,False,False,False,False
2020-09-02,10.0,28.0,,,3000.0,,,,2020.0,9.0,3.0,,0,False,True,False,False,True,False,False,False,False
2021-04-06,10.0,120.0,,,2100.0,,,,2021.0,4.0,2.0,,0,False,True,False,False,True,False,False,False,False
2019-10-22,12.0,15.0,210.0,4940.0,2300.0,,,,2019.0,10.0,4.0,0.07142857142857142,0,False,False,False,False,False,False,False,False,False
2001-06-06,180.0,72.0,120.0,37.0,1400.0,,,,2001.0,6.0,2.0,0.6,0,False,False,False,False,False,False,False,False,True
2009-11-07,45.0,125.0,258.0,758.0,3400.0,,,,2009.0,11.0,4.0,0.4844961240310077,0,False,False,False,False,False,False,False,False,True
2021-03-16,14.0,65.0,,,3700.0,,,,2021.0,3.0,1.0,,0,False,True,False,False,True,False,False,False,False
2005-11-14,90.0,84.0,109.0,169.0,3600.0,,,,2005.0,11.0,4.0,0.7706422018348624,0,False,True,False,False,True,False,False,False,False
2006-05-23,65.0,95.0,,,3000.0,,,,2006.0,5.0,2.0,,0,False,True,False,False,True,False,False,False,False
2008-03-01,65.0,65.0,118.0,221.0,2000.0,,,,2008.0,3.0,1.0,0.5508474576271186,0,False,False,False,False,False,False,False,False,True
2004-02-14,130.0,55.0,193.0,106.0,2000.0,,,,2004.0,2.0,1.0,0.2849740932642487,0,False,False,False,False,False,False,False,False,True
2005-04-14,130.0,83.0,,105.0,2000.0,,,,2005.0,4.0,2.0,,0,False,False,False,False,False,False,False,False,True
2005-03-01,90.0,55.0,,106.0,2400.0,,,,2005.0,3.0,1.0,,0,False,False,False,False,False,False,False,False,True
2016-06-20,14.0,260.0,,8000.0,1500.0,,,,2016.0,6.0,2.0,,0,False,True,False,False,True,False,False,False,False
2018-04-02,14.0,35.0,,,2300.0,,,,2018.0,4.0,2.0,,0,False,True,False,False,True,False,False,False,False
2020-01-06,7.0,25.0,156.0,9800.0,1800.0,,,,2020.0,1.0,1.0,0.16025641025641027,0,False,False,False,False,False,False,True,False,False
2010-05-03,45.0,80.0,258.0,758.0,3500.0,,,,2010.0,5.0,2.0,0.31007751937984496,0,False,False,False,False,False,False,False,False,True
2021-04-06,10.0,205.0,,,2300.0,,,,2021.0,4.0,2.0,,0,False,True,False,False,True,False,False,False,False
2010-09-14,45.0,3.0,26.0,47.0,600.0,,,,2010.0,9.0,3.0,0.11538461538461539,0,False,True,False,False,True,False,False,False,False
2004-05-18,130.0,82.0,193.0,106.0,1600.0,,,,2004.0,5.0,2.0,0.42487046632124353,0,False,False,False,False,False,False,False,False,True
2013-06-01,32.0,25.0,246.0,1178.0,1700.0,,,,2013.0,6.0,2.0,0.1016260162601626,0,False,False,False,False,False,False,False,False,True
2018-04-02,14.0,35.0,154.0,,2400.0,,,,2018.0,4.0,2.0,0.22727272727272727,0,False,True,False,False,True,False,False,False,False
2004-04-27,130.0,89.0,193.0,69.0,1800.0,,,,2004.0,4.0,2.0,0.46113989637305697,0,False,False,False,False,False,False,False,False,True
2005-04-04,90.0,67.0,83.0,69.0,2200.0,,,,2005.0,4.0,2.0,0.8072289156626506,0,False,False,False,False,False,False,False,False,True
2006-12-12,90.0,89.0,220.0,154.0,2800.0,,,,2006.0,12.0,4.0,0.40454545454545454,0,False,False,False,False,False,False,False,False,True
2011-08-17,32.0,65.0,228.0,1178.0,2100.0,,,,2011.0,8.0,3.0,0.2850877192982456,0,False,False,False,False,False,False,False,False,True
2019-04-08,14.0,15.0,,,2400.0,,,,2019.0,4.0,2.0,,0,False,False,False,False,False,False,False,False,False
2013-10-08,22.0,8.0,,,1750.0,,,,2013.0,10.0,4.0,,0,False,True,False,False,True,False,False,False,False
2013-05-23,32.0,15.0,246.0,1178.0,1500.0,,,,2013.0,5.0,2.0,0.06097560975609756,0,False,False,False,False,False,False,False,False,True
2009-02-09,45.0,95.0,258.0,758.0,2500.0,,,,2009.0,2.0,1.0,0.3682170542635659,0,False,False,False,False,False,False,False,False,True
2020-04-02,14.0,25.0,,,1100.0,,,,2020.0,4.0,2.0,,0,False,True,False,False,True,False,False,False,False
2010-10-26,32.0,35.0,81.0,382.0,2534.0,,,,2010.0,10.0,4.0,0.43209876543209874,0,False,True,False,False,True,False,False,False,False
2010-02-12,45.0,30.0,,,1333.0,,,,2010.0,2.0,1.0,,0,False,True,False,False,True,False,False,False,False
2020-04-30,14.0,125.0,,,4100.0,,,,2020.0,4.0,2.0,,0,False,True,False,False,True,False,False,False,False
2019-01-06,14.0,15.0,,,2400.0,,,,2019.0,1.0,1.0,,0,False,False,False,False,False,False,False,False,False
2018-06-01,14.0,35.0,192.0,4800.0,3200.0,,,,2018.0,6.0,2.0,0.18229166666666666,0,False,False,False,False,False,False,False,False,True
2012-11-05,32.0,115.0,315.0,2400.0,2400.0,,,,2012.0,11.0,4.0,0.36507936507936506,0,False,False,False,False,False,False,False,False,True
2011-01-04,45.0,125.0,258.0,758.0,3600.0,,,,2011.0,1.0,1.0,0.4844961240310077,0,False,False,False,False,False,False,False,False,True
2017-08-21,14.0,15.0,123.0,,1900.0,,,,2017.0,8.0,3.0,0.12195121951219512,0,False,True,False,False,True,False,False,False,False
2004-02-14,130.0,30.0,193.0,106.0,1400.0,,,,2004.0,2.0,1.0,0.15544041450777202,0,False,False,False,False,False,False,False,False,True
2008-04-02,45.0,2.0,26.0,47.0,1867.0,,,,2008.0,4.0,2.0,0.07692307692307693,0,False,True,False,False,True,False,False,False,False
2011-05-29,32.0,95.0,216.0,1160.0,3600.0,,,,2011.0,5.0,2.0,0.4398148148148148,0,False,True,False,False,True,False,False,False,False
2019-08-07,7.0,180.0,74.0,3800.0,2500.0,,,,2019.0,8.0,3.0,2.4324324324324325,0,False,False,False,False,False,False,True,False,False
2009-03-30,45.0,80.0,263.0,731.0,2266.0,,,,2009.0,3.0,1.0,0.3041825095057034,0,False,True,False,False,True,False,False,False,False
2005-01-01,90.0,84.0,109.0,125.0,3060.0,,,,2005.0,1.0,1.0,0.7706422018348624,0,False,True,False,False,True,False,False,False,False
2007-09-01,65.0,5.0,143.0,291.0,1067.0,,,,2007.0,9.0,3.0,0.03496503496503497,0,False,True,False,False,True,False,False,False,False
2004-05-18,130.0,89.0,193.0,106.0,2200.0,,,,2004.0,5.0,2.0,0.46113989637305697,0,False,False,False,False,False,False,False,False,True
2005-07-15,90.0,25.0,,69.0,1800.0,,,,2005.0,7.0,3.0,,0,False,False,False,False,False,False,False,False,True
2005-03-29,90.0,135.0,,,2833.0,,,,2005.0,3.0,1.0,,0,False,True,False,False,True,False,False,False,False
2009-07-23,45.0,65.0,117.0,410.0,2900.0,,,,2009.0,7.0,3.0,0.5555555555555556,0,False,False,False,False,False,False,False,False,True
2011-01-04,45.0,95.0,169.0,300.0,3200.0,,,,2011.0,1.0,1.0,0.5621301775147929,0,False,False,False,False,False,False,False,False,True
2006-08-27,65.0,95.0,435.0,1328.0,2500.0,,,,2006.0,8.0,3.0,0.21839080459770116,0,False,True,False,False,True,False,False,False,False
2011-10-01,32.0,35.0,149.0,624.0,2400.0,,,,2011.0,10.0,4.0,0.2348993288590604,0,False,True,False,False,True,False,False,False,False
2006-02-01,90.0,55.0,,233.0,2200.0,,,,2006.0,2.0,1.0,,0,False,False,False,False,False,False,False,False,True
2005-08-02,90.0,67.0,,106.0,2000.0,,,,2005.0,8.0,3.0,,0,False,False,False,False,False,False,False,False,True
2011-11-14,32.0,85.0,316.0,2400.0,1600.0,,,,2011.0,11.0,4.0,0.2689873417721519,0,False,False,False,False,False,False,False,False,True
2020-07-07,7.0,105.0,74.0,3800.0,3900.0,,,,2020.0,7.0,3.0,1.4189189189189189,0,False,False,False,False,False,False,True,False,False
2012-06-03,22.0,35.0,118.0,,2900.0,,,,2012.0,6.0,2.0,0.2966101694915254,0,False,True,False,False,True,False,False,False,False
2019-08-01,10.0,12.0,,,1100.0,,,,2019.0,8.0,3.0,,0,False,True,False,False,True,False,False,False,False
2017-07-27,28.0,65.0,246.0,1178.0,3100.0,,,,2017.0,7.0,3.0,0.26422764227642276,0,False,False,False,False,False,False,False,False,True
2015-06-01,22.0,150.0,160.0,1400.0,2300.0,,,,2015.0,6.0,2.0,0.9375,0,False,True,False,False,True,False,False,False,False
2019-09-24,7.0,65.0,74.0,3800.0,3600.0,,,,2019.0,9.0,3.0,0.8783783783783784,0,False,False,False,False,False,False,True,False,False
2017-06-29,14.0,170.0,213.0,4800.0,2100.0,,,,2017.0,6.0,2.0,0.7981220657276995,0,False,False,False,False,False,False,False,False,False
2001-01-01,90.0,84.0,109.0,125.0,2933.0,,,,2001.0,1.0,1.0,0.7706422018348624,0,False,True,False,False,True,False,False,False,False
2004-05-18,130.0,82.0,193.0,106.0,1800.0,,,,2004.0,5.0,2.0,0.42487046632124353,0,False,False,False,False,False,False,False,False,True
2005-08-01,90.0,55.0,,233.0,1600.0,,,,2005.0,8.0,3.0,,0,False,False,False,False,False,False,False,False,True
2008-07-01,65.0,65.0,285.0,450.0,1800.0,,,,2008.0,7.0,3.0,0.22807017543859648,0,False,False,False,False,False,False,False,False,True
2013-09-01,22.0,95.0,160.0,1400.0,2500.0,,,,2013.0,9.0,3.0,0.59375,0,False,True,False,False,True,False,False,False,False
2001-06-01,180.0,29.0,80.0,44.0,1133.0,,,,2001.0,6.0,2.0,0.3625,0,False,True,False,False,True,False,False,False,False
2021-04-06,10.0,265.0,,,2800.0,,,,2021.0,4.0,2.0,,0,False,True,False,False,True,False,False,False,False
2007-02-20,90.0,59.0,1.0,154.0,2400.0,,,,2007.0,2.0,1.0,59.0,0,False,False,False,False,False,False,False,False,True
2017-07-17,14.0,51.0,,,4200.0,,,,2017.0,7.0,3.0,,0,False,True,False,False,True,False,False,False,False
2020-04-14,7.0,240.0,74.0,3800.0,3200.0,,,,2020.0,4.0,2.0,3.2432432432432434,0,False,False,False,False,False,False,True,False,False
2017-07-27,28.0,65.0,246.0,1178.0,3500.0,,,,2017.0,7.0,3.0,0.26422764227642276,0,False,False,False,False,False,False,False,False,True
2017-06-29,14.0,65.0,192.0,4800.0,3000.0,,,,2017.0,6.0,2.0,0.3385416666666667,0,False,False,False,False,False,False,False,False,False
2013-06-01,32.0,17.0,246.0,1178.0,2000.0,,,,2013.0,6.0,2.0,0.06910569105691057,0,False,False,False,False,False,False,False,False,True
2010-01-17,45.0,65.0,82.0,228.0,3067.0,,,,2010.0,1.0,1.0,0.7926829268292683,0,False,True,False,False,True,False,False,False,False
2007-10-08,90.0,45.0,3.0,154.0,2400.0,,,,2007.0,10.0,4.0,15.0,0,False,False,False,False,False,False,False,False,True
2012-10-23,32.0,95.0,315.0,1200.0,3900.0,,,,2012.0,10.0,4.0,0.30158730158730157,0,False,False,False,False,False,False,False,False,True
2013-09-01,22.0,37.0,118.0,1400.0,2000.0,,,,2013.0,9.0,3.0,0.3135593220338983,0,False,True,False,False,True,False,False,False,False
2001-01-01,130.0,51.0,80.0,37.0,1533.0,,,,2001.0,1.0,1.0,0.6375,0,False,False,False,False,False,False,False,False,True
2013-09-01,22.0,47.0,264.0,1400.0,2800.0,,,,2013.0,9.0,3.0,0.17803030303030304,0,False,True,False,False,True,False,False,False,False
2016-05-31,14.0,140.0,,3800.0,3000.0,,,,2016.0,5.0,2.0,,0,False,True,False,False,True,False,False,False,False
2008-11-30,45.0,95.0,82.0,456.0,2500.0,,,,2008.0,11.0,4.0,1.1585365853658536,0,False,True,False,False,True,False,False,False,False
2009-08-09,45.0,65.0,82.0,228.0,2933.0,,,,2009.0,8.0,3.0,0.7926829268292683,0,False,True,False,False,True,False,False,False,False
2004-06-01,90.0,88.0,112.0,125.0,3067.0,,,,2004.0,6.0,2.0,0.7857142857142857,0,False,True,False,False,True,False,False,False,False
2008-04-01,45.0,65.0,107.0,410.0,2833.0,,,,2008.0,4.0,2.0,0.6074766355140186,0,False,True,False,False,True,False,False,False,False
2002-08-21,130.0,68.0,80.0,37.0,2083.0,,,,2002.0,8.0,3.0,0.85,0,False,False,False,False,False,False,False,False,True
2019-01-08,14.0,95.0,180.0,,3600.0,,,,2019.0,1.0,1.0,0.5277777777777778,0,False,True,False,False,True,False,False,False,False
2021-03-16,14.0,35.0,,,3600.0,,,,2021.0,3.0,1.0,,0,False,True,False,False,True,False,False,False,False
2010-05-11,45.0,95.0,258.0,758.0,3200.0,,,,2010.0,5.0,2.0,0.3682170542635659,0,False,False,False,False,False,False,False,False,True
2001-01-01,130.0,68.0,101.0,63.0,2083.0,,,,2001.0,1.0,1.0,0.6732673267326733,0,False,False,False,False,False,False,False,False,True
2017-01-03,14.0,35.0,,,2700.0,,,,2017.0,1.0,1.0,,0,False,True,False,False,True,False,False,False,False
2019-04-23,14.0,65.0,,,3000.0,,,,2019.0,4.0,2.0,,0,False,True,False,False,True,False,False,False,False
2001-01-01,130.0,89.0,193.0,105.0,2400.0,,,,2001.0,1.0,1.0,0.46113989637305697,0,False,False,False,False,False,False,False,False,True
2013-10-08,22.0,10.0,,,1910.0,,,,2013.0,10.0,4.0,,0,False,True,False,False,True,False,False,False,False
2011-06-01,45.0,95.0,169.0,300.0,3300.0,,,,2011.0,6.0,2.0,0.5621301775147929,0,False,False,False,False,False,False,False,False,True
2003-11-17,130.0,89.0,193.0,106.0,2200.0,,,,2003.0,11.0,4.0,0.46113989637305697,0,False,False,False,False,False,False,False,False,True
2014-01-14,28.0,95.0,246.0,1178.0,3700.0,,,,2014.0,1.0,1.0,0.3861788617886179,0,False,False,False,False,False,False,False,False,True
2019-08-07,7.0,155.0,74.0,3800.0,2200.0,,,,2019.0,8.0,3.0,2.0945945945945947,0,False,False,False,False,False,False,True,False,False
2009-06-02,45.0,130.0,263.0,731.0,3066.0,,,,2009.0,6.0,2.0,0.49429657794676807,0,False,True,False,False,True,False,False,False,False
2010-06-20,32.0,35.0,81.0,382.0,2400.0,,,,2010.0,6.0,2.0,0.43209876543209874,0,False,True,False,False,True,False,False,False,False
2004-06-24,90.0,84.0,109.0,125.0,2800.0,,,,2004.0,6.0,2.0,0.7706422018348624,0,False,True,False,False,True,False,False,False,False
2020-11-05,7.0,105.0,,,3700.0,,,,2020.0,11.0,4.0,,0,False,False,False,False,False,False,True,False,False
2012-09-03,22.0,35.0,94.0,,2800.0,,,,2012.0,9.0,3.0,0.3723404255319149,0,False,True,False,False,True,False,False,False,False
2010-01-25,45.0,80.0,258.0,758.0,3200.0,,,,2010.0,1.0,1.0,0.31007751937984496,0,False,False,False,False,False,False,False,False,True
2004-12-01,90.0,85.0,,106.0,1600.0,,,,2004.0,12.0,4.0,,0,False,False,False,False,False,False,False,False,True
2005-01-19,90.0,27.0,84.0,140.0,1730.0,,,,2005.0,1.0,1.0,0.32142857142857145,0,False,True,False,False,True,False,False,False,False
2015-08-01,14.0,95.0,,,4000.0,,,,2015.0,8.0,3.0,,0,False,True,False,False,True,False,False,False,False
2008-12-15,65.0,95.0,285.0,450.0,2500.0,,,,2008.0,12.0,4.0,0.3333333333333333,0,False,False,False,False,False,False,False,False,True
2018-04-02,14.0,45.0,126.0,,2300.0,,,,2018.0,4.0,2.0,0.35714285714285715,0,False,True,False,False,True,False,False,False,False
2018-04-02,14.0,95.0,149.0,,2900.0,,,,2018.0,4.0,2.0,0.6375838926174496,0,False,True,False,False,True,False,False,False,False
2015-06-01,22.0,115.0,160.0,1400.0,2000.0,,,,2015.0,6.0,2.0,0.71875,0,False,True,False,False,True,False,False,False,False
2015-06-02,14.0,95.0,160.0,1400.0,3500.0,,,,2015.0,6.0,2.0,0.59375,0,False,True,False,False,True,False,False,False,False
2011-09-07,32.0,65.0,228.0,1178.0,2700.0,,,,2011.0,9.0,3.0,0.2850877192982456,0,False,False,False,False,False,False,False,False,True
2013-10-08,22.0,7.0,,,1467.0,,,,2013.0,10.0,4.0,,0,False,True,False,False,True,False,False,False,False
2019-11-14,7.0,105.0,74.0,3800.0,3500.0,,,,2019.0,11.0,4.0,1.4189189189189189,0,False,False,False,False,False,False,True,False,False
2005-03-29,90.0,135.0,,,3167.0,,,,2005.0,3.0,1.0,,0,False,True,False,False,True,False,False,False,False
2012-02-27,32.0,125.0,315.0,1200.0,4200.0,,,,2012.0,2.0,1.0,0.3968253968253968,0,False,False,False,False,False,False,False,False,True
2004-08-01,130.0,62.0,193.0,106.0,1800.0,,,,2004.0,8.0,3.0,0.32124352331606215,0,False,False,False,False,False,False,False,False,True
2018-04-19,12.0,65.0,192.0,4800.0,3400.0,,,,2018.0,4.0,2.0,0.3385416666666667,0,False,False,False,False,False,False,False,False,False
2013-09-01,22.0,100.0,160.0,1400.0,2200.0,,,,2013.0,9.0,3.0,0.625,0,False,True,False,False,True,False,False,False,False
2011-11-14,32.0,130.0,435.0,2270.0,3200.0,,,,2011.0,11.0,4.0,0.2988505747126437,0,False,True,False,False,True,False,False,False,False
2002-09-18,130.0,73.0,146.0,55.0,2000.0,,,,2002.0,9.0,3.0,0.5,0,False,True,False,False,True,False,False,False,False
2008-03-10,45.0,95.0,82.0,456.0,2500.0,,,,2008.0,3.0,1.0,1.1585365853658536,0,False,True,False,False,True,False,False,False,False
2010-01-07,32.0,73.0,81.0,382.0,2800.0,,,,2010.0,1.0,1.0,0.9012345679012346,0,False,True,False,False,True,False,False,False,False
2003-09-23,130.0,66.0,131.0,55.0,2667.0,,,,2003.0,9.0,3.0,0.5038167938931297,0,False,True,False,False,True,False,False,False,False
2012-09-01,22.0,45.0,160.0,1480.0,2400.0,,,,2012.0,9.0,3.0,0.28125,0,False,True,False,False,True,False,False,False,False
2011-10-24,32.0,95.0,216.0,1160.0,3500.0,,,,2011.0,10.0,4.0,0.4398148148148148,0,False,True,False,False,True,False,False,False,False
2004-05-18,130.0,89.0,193.0,106.0,2400.0,,,,2004.0,5.0,2.0,0.46113989637305697,0,False,False,False,False,False,False,False,False,True
2020-01-06,7.0,35.0,156.0,9800.0,3000.0,,,,2020.0,1.0,1.0,0.22435897435897437,0,False,False,False,False,False,False,True,False,False
2005-07-15,90.0,62.0,,69.0,1800.0,,,,2005.0,7.0,3.0,,0,False,False,False,False,False,False,False,False,True
2019-04-23,14.0,65.0,,,3000.0,,,,2019.0,4.0,2.0,,0,False,True,False,False,True,False,False,False,False
2006-03-26,65.0,130.0,140.0,376.0,3730.0,,,,2006.0,3.0,1.0,0.9285714285714286,0,False,True,False,False,True,False,False,False,False
2001-01-01,90.0,51.0,84.0,69.0,2000.0,,,,2001.0,1.0,1.0,0.6071428571428571,0,False,False,False,False,False,False,False,False,True
2006-07-27,65.0,35.0,143.0,293.0,2333.0,,,,2006.0,7.0,3.0,0.24475524475524477,0,False,True,False,False,True,False,False,False,False
2013-09-04,22.0,25.0,118.0,1400.0,1600.0,,,,2013.0,9.0,3.0,0.211864406779661,0,False,True,False,False,True,False,False,False,False
2005-03-01,90.0,55.0,,106.0,2000.0,,,,2005.0,3.0,1.0,,0,False,False,False,False,False,False,False,False,True
2008-09-08,65.0,65.0,285.0,450.0,2100.0,,,,2008.0,9.0,3.0,0.22807017543859648,0,False,False,False,False,False,False,False,False,True
2012-06-03,32.0,35.0,131.0,504.0,2600.0,,,,2012.0,6.0,2.0,0.26717557251908397,0,False,True,False,False,True,False,False,False,False
2017-10-26,14.0,15.0,246.0,,2200.0,,,,2017.0,10.0,4.0,0.06097560975609756,0,False,False,False,False,False,False,False,False,False
2004-04-01,90.0,115.0,109.0,125.0,3400.0,,,,2004.0,4.0,2.0,1.055045871559633,0,False,True,False,False,True,False,False,False,False
2019-04-23,14.0,65.0,,,3600.0,,,,2019.0,4.0,2.0,,0,False,True,False,False,True,False,False,False,False
2009-02-09,45.0,95.0,258.0,758.0,2600.0,,,,2009.0,2.0,1.0,0.3682170542635659,0,False,False,False,False,False,False,False,False,True
2015-09-01,14.0,51.0,150.0,1400.0,3800.0,,,,2015.0,9.0,3.0,0.34,0,False,True,False,False,True,False,False,False,False
2015-06-01,22.0,165.0,160.0,1400.0,2500.0,,,,2015.0,6.0,2.0,1.03125,0,False,True,False,False,True,False,False,False,False
2010-11-28,45.0,65.0,82.0,228.0,3200.0,,,,2010.0,11.0,4.0,0.7926829268292683,0,False,True,False,False,True,False,False,False,False
2010-03-16,45.0,130.0,263.0,731.0,2800.0,,,,2010.0,3.0,1.0,0.49429657794676807,0,False,True,False,False,True,False,False,False,False
2019-02-20,14.0,51.0,,,4000.0,,,,2019.0,2.0,1.0,,0,False,True,False,False,True,False,False,False,False
2004-05-18,130.0,55.0,193.0,106.0,2000.0,,,,2004.0,5.0,2.0,0.2849740932642487,0,False,False,False,False,False,False,False,False,True
2008-09-08,65.0,95.0,285.0,450.0,2400.0,,,,2008.0,9.0,3.0,0.3333333333333333,0,False,False,False,False,False,False,False,False,True
2011-12-20,32.0,65.0,228.0,1178.0,2200.0,,,,2011.0,12.0,4.0,0.2850877192982456,0,False,False,False,False,False,False,False,False,True
2013-06-01,32.0,17.0,246.0,1178.0,2200.0,,,,2013.0,6.0,2.0,0.06910569105691057,0,False,False,False,False,False,False,False,False,True
2014-01-14,28.0,95.0,246.0,1178.0,3500.0,,,,2014.0,1.0,1.0,0.3861788617886179,0,False,False,False,False,False,False,False,False,True
2021-03-15,7.0,155.0,,,3000.0,,,,2021.0,3.0,1.0,,0,False,False,False,False,False,False,True,False,False
2020-09-02,10.0,28.0,,,2800.0,,,,2020.0,9.0,3.0,,0,False,True,False,False,True,False,False,False,False
2011-08-22,40.0,18.0,75.0,,1650.0,,,,2011.0,8.0,3.0,0.24,0,False,False,False,False,False,False,False,False,True
2006-08-01,90.0,65.0,220.0,154.0,2000.0,,,,2006.0,8.0,3.0,0.29545454545454547,0,False,False,False,False,False,False,False,False,True
2019-01-06,12.0,15.0,210.0,4940.0,2100.0,,,,2019.0,1.0,1.0,0.07142857142857142,0,False,False,False,False,False,False,False,False,False
2001-08-27,180.0,61.0,217.0,42.0,1600.0,,,,2001.0,8.0,3.0,0.28110599078341014,0,False,True,False,False,True,False,False,False,False
2014-07-21,22.0,35.0,177.0,1400.0,2800.0,,,,2014.0,7.0,3.0,0.1977401129943503,0,False,True,False,False,True,False,False,False,False
2013-09-01,22.0,54.0,177.0,1400.0,3600.0,,,,2013.0,9.0,3.0,0.3050847457627119,0,False,True,False,False,True,False,False,False,False
2004-02-01,90.0,115.0,109.0,125.0,3000.0,,,,2004.0,2.0,1.0,1.055045871559633,0,False,True,False,False,True,False,False,False,False
2011-09-04,32.0,65.0,131.0,504.0,3300.0,,,,2011.0,9.0,3.0,0.4961832061068702,0,False,True,False,False,True,False,False,False,False
2003-03-12,130.0,24.0,100.0,77.0,1600.0,,,,2003.0,3.0,1.0,0.24,0,False,True,False,False,True,False,False,False,False
2005-06-12,90.0,84.0,109.0,125.0,3200.0,,,,2005.0,6.0,2.0,0.7706422018348624,0,False,True,False,False,True,False,False,False,False
2004-08-01,130.0,62.0,193.0,106.0,2000.0,,,,2004.0,8.0,3.0,0.32124352331606215,0,False,False,False,False,False,False,False,False,True
2006-10-01,65.0,95.0,140.0,376.0,3000.0,,,,2006.0,10.0,4.0,0.6785714285714286,0,False,True,False,False,True,False,False,False,False
2009-10-20,45.0,45.0,169.0,300.0,2200.0,,,,2009.0,10.0,4.0,0.26627218934911245,0,False,False,False,False,False,False,False,False,True
2013-06-04,22.0,15.0,118.0,1300.0,1700.0,,,,2013.0,6.0,2.0,0.1271186440677966,0,False,True,False,False,True,False,False,False,False
2012-06-01,22.0,35.0,118.0,,2800.0,,,,2012.0,6.0,2.0,0.2966101694915254,0,False,True,False,False,True,False,False,False,False
2004-12-01,90.0,85.0,,106.0,1800.0,,,,2004.0,12.0,4.0,,0,False,False,False,False,False,False,False,False,True
2005-12-01,90.0,55.0,,233.0,2000.0,,,,2005.0,12.0,4.0,,0,False,False,False,False,False,False,False,False,True
2008-04-01,65.0,45.0,77.0,122.0,2700.0,,,,2008.0,4.0,2.0,0.5844155844155844,0,False,False,False,False,False,False,False,False,True
2004-07-28,130.0,62.0,80.0,37.0,1667.0,,,,2004.0,7.0,3.0,0.775,0,False,False,False,False,False,False,False,False,True
2005-03-10,90.0,35.0,125.0,114.0,2000.0,,,,2005.0,3.0,1.0,0.28,0,False,False,False,False,False,False,False,False,True
2001-06-01,130.0,29.0,80.0,44.0,1133.0,,,,2001.0,6.0,2.0,0.3625,0,False,True,False,False,True,False,False,False,False
2006-03-06,90.0,95.0,,233.0,2600.0,,,,2006.0,3.0,1.0,,0,False,False,False,False,False,False,False,False,True
2007-09-27,65.0,35.0,111.0,293.0,2000.0,,,,2007.0,9.0,3.0,0.3153153153153153,0,False,True,False,False,True,False,False,False,False
2013-09-04,22.0,15.0,118.0,1400.0,1700.0,,,,2013.0,9.0,3.0,0.1271186440677966,0,False,True,False,False,True,False,False,False,False
2000-11-20,180.0,55.0,217.0,42.0,1400.0,,,,2000.0,11.0,4.0,0.2534562211981567,0,False,True,False,False,True,False,False,False,False
2008-06-03,45.0,3.0,26.0,47.0,1600.0,,,,2008.0,6.0,2.0,0.11538461538461539,0,False,True,False,False,True,False,False,False,False
2019-10-19,14.0,165.0,,,3700.0,,,,2019.0,10.0,4.0,,0,False,True,False,False,True,False,False,False,False
2013-06-01,32.0,35.0,246.0,1178.0,2100.0,,,,2013.0,6.0,2.0,0.14227642276422764,0,False,False,False,False,False,False,False,False,True
2018-10-01,14.0,28.0,123.0,,1600.0,,,,2018.0,10.0,4.0,0.22764227642276422,0,False,True,False,False,True,False,False,False,False
2020-04-02,14.0,45.0,,,2100.0,,,,2020.0,4.0,2.0,,0,False,True,False,False,True,False,False,False,False
2006-05-23,90.0,65.0,220.0,154.0,2000.0,,,,2006.0,5.0,2.0,0.29545454545454547,0,False,False,False,False,False,False,False,False,True
2021-04-06,14.0,225.0,,,3000.0,,,,2021.0,4.0,2.0,,0,False,True,False,False,True,False,False,False,False
2019-01-07,28.0,6.0,124.0,1200.0,1800.0,,,,2019.0,1.0,1.0,0.04838709677419355,0,False,False,False,False,False,False,False,False,True
2003-03-12,130.0,24.0,100.0,77.0,1500.0,,,,2003.0,3.0,1.0,0.24,0,False,True,False,False,True,False,False,False,False
2013-06-17,22.0,300.0,350.0,5000.0,1238.0,,,,2013.0,6.0,2.0,0.8571428571428571,0,False,True,False,False,True,False,False,False,False
2001-01-01,130.0,25.0,144.0,69.0,1600.0,,,,2001.0,1.0,1.0,0.1736111111111111,0,False,False,False,False,False,False,False,False,True
2009-01-01,45.0,35.0,107.0,410.0,2000.0,,,,2009.0,1.0,1.0,0.32710280373831774,0,False,True,False,False,True,False,False,False,False
2006-07-27,65.0,65.0,143.0,291.0,1866.0,,,,2006.0,7.0,3.0,0.45454545454545453,0,False,True,False,False,True,False,False,False,False
2006-12-05,65.0,65.0,126.0,154.0,2100.0,,,,2006.0,12.0,4.0,0.5158730158730159,0,False,False,False,False,False,False,False,False,True
2018-04-05,14.0,28.0,123.0,,2700.0,,,,2018.0,4.0,2.0,0.22764227642276422,0,False,True,False,False,True,False,False,False,False
2001-01-01,130.0,45.0,101.0,63.0,2000.0,,,,2001.0,1.0,1.0,0.44554455445544555,0,False,False,False,False,False,False,False,False,True
2017-01-03,14.0,35.0,,,3500.0,,,,2017.0,1.0,1.0,,0,False,True,False,False,True,False,False,False,False
2007-01-01,65.0,95.0,140.0,376.0,3200.0,,,,2007.0,1.0,1.0,0.6785714285714286,0,False,True,False,False,True,False,False,False,False
2002-03-13,180.0,72.0,150.0,37.0,1733.0,,,,2002.0,3.0,1.0,0.48,0,False,False,False,False,False,False,False,False,True
2012-09-02,32.0,35.0,131.0,504.0,2500.0,,,,2012.0,9.0,3.0,0.26717557251908397,0,False,True,False,False,True,False,False,False,False
2005-05-01,65.0,31.0,90.0,151.0,1600.0,,,,2005.0,5.0,2.0,0.34444444444444444,0,False,True,False,False,True,False,False,False,False
2003-09-23,130.0,89.0,193.0,105.0,2000.0,,,,2003.0,9.0,3.0,0.46113989637305697,0,False,False,False,False,False,False,False,False,True
2013-09-01,22.0,54.0,177.0,1400.0,3000.0,,,,2013.0,9.0,3.0,0.3050847457627119,0,False,True,False,False,True,False,False,False,False
2001-01-01,90.0,84.0,109.0,125.0,2933.0,,,,2001.0,1.0,1.0,0.7706422018348624,0,False,True,False,False,True,False,False,False,False
2018-09-01,14.0,35.0,,,1800.0,,,,2018.0,9.0,3.0,,0,False,True,False,False,True,False,False,False,False
2016-01-24,14.0,45.0,,,2300.0,,,,2016.0,1.0,1.0,,0,False,True,False,False,True,False,False,False,False
2021-04-06,10.0,240.0,,,2600.0,,,,2021.0,4.0,2.0,,0,False,True,False,False,True,False,False,False,False
2009-03-30,45.0,130.0,263.0,731.0,2933.0,,,,2009.0,3.0,1.0,0.49429657794676807,0,False,True,False,False,True,False,False,False,False
2006-07-27,65.0,65.0,143.0,291.0,2133.0,,,,2006.0,7.0,3.0,0.45454545454545453,0,False,True,False,False,True,False,False,False,False
2021-03-16,14.0,65.0,,,2500.0,,,,2021.0,3.0,1.0,,0,False,True,False,False,True,False,False,False,False
2009-12-01,45.0,35.0,107.0,410.0,2200.0,,,,2009.0,12.0,4.0,0.32710280373831774,0,False,True,False,False,True,False,False,False,False
2005-03-29,90.0,135.0,,286.0,2833.0,,,,2005.0,3.0,1.0,,0,False,True,False,False,True,False,False,False,False
2011-12-20,32.0,45.0,228.0,1178.0,1700.0,,,,2011.0,12.0,4.0,0.19736842105263158,0,False,False,False,False,False,False,False,False,True
2002-01-07,180.0,70.0,150.0,37.0,1667.0,,,,2002.0,1.0,1.0,0.4666666666666667,0,False,False,False,False,False,False,False,False,True
2008-11-17,45.0,130.0,263.0,731.0,3200.0,,,,2008.0,11.0,4.0,0.49429657794676807,0,False,True,False,False,True,False,False,False,False
2015-07-02,14.0,65.0,177.0,,3200.0,,,,2015.0,7.0,3.0,0.3672316384180791,0,False,True,False,False,True,False,False,False,False
2014-10-27,14.0,5.0,50.0,,900.0,,,,2014.0,10.0,4.0,0.1,0,False,True,False,False,True,False,False,False,False
2011-02-14,32.0,130.0,239.0,1170.0,2933.0,,,,2011.0,2.0,1.0,0.5439330543933054,0,False,True,False,False,True,False,False,False,False
2018-12-11,14.0,205.0,,8000.0,2700.0,,,,2018.0,12.0,4.0,,0,False,True,False,False,True,False,False,False,False
2019-01-08,14.0,91.0,,,4000.0,,,,2019.0,1.0,1.0,,0,False,True,False,False,True,False,False,False,False
2011-09-04,32.0,55.0,216.0,1160.0,2700.0,,,,2011.0,9.0,3.0,0.25462962962962965,0,False,True,False,False,True,False,False,False,False
2008-01-01,45.0,65.0,107.0,410.0,3166.0,,,,2008.0,1.0,1.0,0.6074766355140186,0,False,True,False,False,True,False,False,False,False
2008-03-01,65.0,65.0,118.0,221.0,1800.0,,,,2008.0,3.0,1.0,0.5508474576271186,0,False,False,False,False,False,False,False,False,True
2013-04-29,32.0,125.0,315.0,1200.0,4200.0,,,,2013.0,4.0,2.0,0.3968253968253968,0,False,False,False,False,False,False,False,False,True
2021-03-16,14.0,125.0,,,3600.0,,,,2021.0,3.0,1.0,,0,False,True,False,False,True,False,False,False,False
2012-06-01,22.0,35.0,118.0,,2500.0,,,,2012.0,6.0,2.0,0.2966101694915254,0,False,True,False,False,True,False,False,False,False
2019-07-07,7.0,95.0,74.0,3800.0,3800.0,,,,2019.0,7.0,3.0,1.2837837837837838,0,False,False,False,False,False,False,True,False,False
2007-06-03,65.0,65.0,77.0,105.0,1600.0,,,,2007.0,6.0,2.0,0.8441558441558441,0,False,True,False,False,True,False,False,False,False
2018-06-14,14.0,170.0,213.0,4800.0,2500.0,,,,2018.0,6.0,2.0,0.7981220657276995,0,False,False,False,False,False,False,False,False,False
2001-01-01,130.0,45.0,101.0,63.0,1862.0,,,,2001.0,1.0,1.0,0.44554455445544555,0,False,False,False,False,False,False,False,False,True
2013-05-23,32.0,25.0,246.0,1178.0,2000.0,,,,2013.0,5.0,2.0,0.1016260162601626,0,False,False,False,False,False,False,False,False,True
2018-02-01,14.0,65.0,,,2800.0,,,,2018.0,2.0,1.0,,0,False,True,False,False,True,False,False,False,False
2011-12-20,32.0,100.0,228.0,1178.0,2700.0,,,,2011.0,12.0,4.0,0.43859649122807015,0,False,False,False,False,False,False,False,False,True
2016-05-31,28.0,15.0,124.0,1200.0,3100.0,,,,2016.0,5.0,2.0,0.12096774193548387,0,False,False,False,False,False,False,False,False,True
2006-06-26,65.0,65.0,,,2000.0,,,,2006.0,6.0,2.0,,0,False,True,False,False,True,False,False,False,False
2014-07-01,22.0,47.0,264.0,1400.0,2200.0,,,,2014.0,7.0,3.0,0.17803030303030304,0,False,True,False,False,True,False,False,False,False
2009-09-24,45.0,7.0,26.0,47.0,1200.0,,,,2009.0,9.0,3.0,0.2692307692307692,0,False,True,False,False,True,False,False,False,False
2000-06-05,180.0,47.0,120.0,37.0,850.0,,,,2000.0,6.0,2.0,0.39166666666666666,0,False,False,False,False,False,False,False,False,True
2017-07-27,28.0,65.0,246.0,1178.0,3800.0,,,,2017.0,7.0,3.0,0.26422764227642276,0,False,False,False,False,False,False,False,False,True
2021-04-06,10.0,185.0,,,2200.0,,,,2021.0,4.0,2.0,,0,False,True,False,False,True,False,False,False,False
2018-01-08,14.0,15.0,246.0,,2000.0,,,,2018.0,1.0,1.0,0.06097560975609756,0,False,False,False,False,False,False,False,False,False
2012-10-23,32.0,95.0,315.0,1200.0,3800.0,,,,2012.0,10.0,4.0,0.30158730158730157,0,False,False,False,False,False,False,False,False,True
2012-09-27,32.0,17.0,246.0,1303.0,1900.0,,,,2012.0,9.0,3.0,0.06910569105691057,0,False,False,False,False,False,False,False,False,True
2020-07-21,7.0,65.0,,,3800.0,,,,2020.0,7.0,3.0,,0,False,False,False,False,False,False,True,False,False
2012-06-01,22.0,35.0,118.0,,2600.0,,,,2012.0,6.0,2.0,0.2966101694915254,0,False,True,False,False,True,False,False,False,False
2008-11-17,45.0,130.0,263.0,731.0,2933.0,,,,2008.0,11.0,4.0,0.49429657794676807,0,False,True,False,False,True,False,False,False,False
2012-10-02,32.0,65.0,246.0,1178.0,3400.0,,,,2012.0,10.0,4.0,0.26422764227642276,0,False,False,False,False,False,False,False,False,True
2016-05-31,28.0,10.0,124.0,1200.0,2400.0,,,,2016.0,5.0,2.0,0.08064516129032258,0,False,False,False,False,False,False,False,False,True
2020-07-21,7.0,65.0,,,3600.0,,,,2020.0,7.0,3.0,,0,False,False,False,False,False,False,True,False,False
2004-09-17,130.0,62.0,101.0,63.0,2000.0,,,,2004.0,9.0,3.0,0.6138613861386139,0,False,False,False,False,False,False,False,False,True
2012-06-03,22.0,17.0,118.0,,2000.0,,,,2012.0,6.0,2.0,0.1440677966101695,0,False,True,False,False,True,False,False,False,False
2015-05-15,14.0,65.0,,,3100.0,,,,2015.0,5.0,2.0,,0,False,True,False,False,True,False,False,False,False
2009-06-01,45.0,65.0,82.0,228.0,2200.0,,,,2009.0,6.0,2.0,0.7926829268292683,0,False,True,False,False,True,False,False,False,False
2017-09-01,14.0,165.0,,,2600.0,,,,2017.0,9.0,3.0,,0,False,True,False,False,True,False,False,False,False
2018-12-11,14.0,165.0,,8000.0,2200.0,,,,2018.0,12.0,4.0,,0,False,True,False,False,True,False,False,False,False
2007-05-27,65.0,35.0,111.0,293.0,1800.0,,,,2007.0,5.0,2.0,0.3153153153153153,0,False,True,False,False,True,False,False,False,False
2021-03-15,7.0,180.0,,,2650.0,,,,2021.0,3.0,1.0,,0,False,False,False,False,False,False,True,False,False
2012-11-05,32.0,115.0,315.0,2400.0,2800.0,,,,2012.0,11.0,4.0,0.36507936507936506,0,False,False,False,False,False,False,False,False,True
2005-09-26,90.0,95.0,,233.0,2000.0,,,,2005.0,9.0,3.0,,0,False,False,False,False,False,False,False,False,True
2005-12-01,90.0,135.0,213.0,200.0,2667.0,,,,2005.0,12.0,4.0,0.6338028169014085,0,False,True,False,False,True,False,False,False,False
2012-09-03,22.0,55.0,94.0,,3400.0,,,,2012.0,9.0,3.0,0.5851063829787234,0,False,True,False,False,True,False,False,False,False
2005-10-01,90.0,62.0,84.0,63.0,1800.0,,,,2005.0,10.0,4.0,0.7380952380952381,0,False,False,False,False,False,False,False,False,True
2010-08-23,45.0,9.0,87.0,176.0,1500.0,,,,2010.0,8.0,3.0,0.10344827586206896,0,False,True,False,False,True,False,False,False,False
2012-05-15,32.0,35.0,246.0,1178.0,2300.0,,,,2012.0,5.0,2.0,0.14227642276422764,0,False,False,False,False,False,False,False,False,True
2011-09-01,32.0,35.0,149.0,624.0,2400.0,,,,2011.0,9.0,3.0,0.2348993288590604,0,False,True,False,False,True,False,False,False,False
2013-09-01,22.0,130.0,160.0,1400.0,3300.0,,,,2013.0,9.0,3.0,0.8125,0,False,True,False,False,True,False,False,False,False
2009-04-19,45.0,65.0,82.0,456.0,2666.0,,,,2009.0,4.0,2.0,0.7926829268292683,0,False,True,False,False,True,False,False,False,False
2006-07-23,65.0,95.0,140.0,376.0,2800.0,,,,2006.0,7.0,3.0,0.6785714285714286,0,False,True,False,False,True,False,False,False,False
2006-07-27,65.0,35.0,143.0,,1667.0,,,,2006.0,7.0,3.0,0.24475524475524477,0,False,True,False,False,True,False,False,False,False
2008-08-15,65.0,95.0,285.0,450.0,2400.0,,,,2008.0,8.0,3.0,0.3333333333333333,0,False,False,False,False,False,False,False,False,True
2009-10-01,45.0,95.0,258.0,758.0,3000.0,,,,2009.0,10.0,4.0,0.3682170542635659,0,False,False,False,False,False,False,False,False,True
2011-08-22,40.0,18.0,75.0,,1300.0,,,,2011.0,8.0,3.0,0.24,0,False,False,False,False,False,False,False,False,True
2012-05-14,22.0,69.0,160.0,1400.0,3100.0,,,,2012.0,5.0,2.0,0.43125,0,False,True,False,False,True,False,False,False,False
2001-01-01,90.0,84.0,109.0,125.0,2933.0,,,,2001.0,1.0,1.0,0.7706422018348624,0,False,True,False,False,True,False,False,False,False
2013-09-01,22.0,130.0,160.0,1400.0,2700.0,,,,2013.0,9.0,3.0,0.8125,0,False,True,False,False,True,False,False,False,False
2006-08-27,65.0,95.0,435.0,1328.0,3000.0,,,,2006.0,8.0,3.0,0.21839080459770116,0,False,True,False,False,True,False,False,False,False
2020-04-30,14.0,91.0,,,3800.0,,,,2020.0,4.0,2.0,,0,False,True,False,False,True,False,False,False,False
2006-01-05,65.0,15.0,90.0,151.0,1500.0,,,,2006.0,1.0,1.0,0.16666666666666666,0,False,True,False,False,True,False,False,False,False
2009-09-08,45.0,95.0,296.0,774.0,2666.0,,,,2009.0,9.0,3.0,0.32094594594594594,0,False,True,False,False,True,False,False,False,False
2020-04-30,14.0,91.0,,,4100.0,,,,2020.0,4.0,2.0,,0,False,True,False,False,True,False,False,False,False
2014-07-21,22.0,35.0,177.0,1400.0,2900.0,,,,2014.0,7.0,3.0,0.1977401129943503,0,False,True,False,False,True,False,False,False,False
2001-01-01,130.0,49.0,80.0,37.0,1400.0,,,,2001.0,1.0,1.0,0.6125,0,False,False,False,False,False,False,False,False,True
2017-10-05,14.0,65.0,,,2800.0,,,,2017.0,10.0,4.0,,0,False,True,False,False,True,False,False,False,False
2008-09-01,65.0,25.0,,,2000.0,,,,2008.0,9.0,3.0,,0,False,False,False,False,False,False,False,False,True
2019-04-08,12.0,15.0,210.0,4940.0,2100.0,,,,2019.0,4.0,2.0,0.07142857142857142,0,False,False,False,False,False,False,False,False,False
2020-07-21,7.0,65.0,,,3800.0,,,,2020.0,7.0,3.0,,0,False,False,False,False,False,False,True,False,False
2004-04-27,130.0,89.0,144.0,105.0,2400.0,,,,2004.0,4.0,2.0,0.6180555555555556,0,False,False,False,False,False,False,False,False,True
2012-11-12,22.0,300.0,350.0,5000.0,1250.0,,,,2012.0,11.0,4.0,0.8571428571428571,0,False,True,False,False,True,False,False,False,False
2010-01-04,45.0,10.0,66.0,123.0,1667.0,,,,2010.0,1.0,1.0,0.15151515151515152,0,False,True,False,False,True,False,False,False,False
2009-03-30,45.0,60.0,263.0,731.0,2266.0,,,,2009.0,3.0,1.0,0.22813688212927757,0,False,True,False,False,True,False,False,False,False
2017-01-03,14.0,35.0,,,2800.0,,,,2017.0,1.0,1.0,,0,False,True,False,False,True,False,False,False,False
2006-05-23,90.0,89.0,156.0,154.0,2200.0,,,,2006.0,5.0,2.0,0.5705128205128205,0,False,False,False,False,False,False,False,False,True
2004-10-31,130.0,110.0,237.0,178.0,3460.0,,,,2004.0,10.0,4.0,0.4641350210970464,0,False,True,False,False,True,False,False,False,False
2020-04-30,14.0,65.0,,,2900.0,,,,2020.0,4.0,2.0,,0,False,True,False,False,True,False,False,False,False
2007-05-27,65.0,35.0,143.0,293.0,2200.0,,,,2007.0,5.0,2.0,0.24475524475524477,0,False,True,False,False,True,False,False,False,False
2008-06-01,65.0,35.0,,,1900.0,,,,2008.0,6.0,2.0,,0,False,False,False,False,False,False,False,False,True
2021-03-16,14.0,65.0,,,4300.0,,,,2021.0,3.0,1.0,,0,False,True,False,False,True,False,False,False,False
2021-04-06,10.0,235.0,,,2600.0,,,,2021.0,4.0,2.0,,0,False,True,False,False,True,False,False,False,False
2010-07-19,32.0,130.0,239.0,1170.0,3200.0,,,,2010.0,7.0,3.0,0.5439330543933054,0,False,True,False,False,True,False,False,False,False
2011-07-01,32.0,35.0,131.0,504.0,1900.0,,,,2011.0,7.0,3.0,0.26717557251908397,0,False,True,False,False,True,False,False,False,False
2018-04-02,14.0,45.0,149.0,,2700.0,,,,2018.0,4.0,2.0,0.30201342281879195,0,False,True,False,False,True,False,False,False,False
2009-10-20,45.0,45.0,169.0,300.0,2300.0,,,,2009.0,10.0,4.0,0.26627218934911245,0,False,False,False,False,False,False,False,False,True
2019-08-21,14.0,9.0,,,1000.0,,,,2019.0,8.0,3.0,,0,False,True,False,False,True,False,False,False,False
2020-04-24,7.0,65.0,74.0,3800.0,3800.0,,,,2020.0,4.0,2.0,0.8783783783783784,0,False,False,False,False,False,False,True,False,False
2011-09-04,32.0,35.0,131.0,504.0,2600.0,,,,2011.0,9.0,3.0,0.26717557251908397,0,False,True,False,False,True,False,False,False,False
2010-05-11,45.0,45.0,117.0,410.0,2900.0,,,,2010.0,5.0,2.0,0.38461538461538464,0,False,False,False,False,False,False,False,False,True
2005-01-01,90.0,84.0,109.0,125.0,3060.0,,,,2005.0,1.0,1.0,0.7706422018348624,0,False,True,False,False,True,False,False,False,False
2007-07-22,65.0,65.0,111.0,167.0,2000.0,,,,2007.0,7.0,3.0,0.5855855855855856,0,False,True,False,False,True,False,False,False,False
2001-06-06,180.0,72.0,120.0,37.0,1400.0,,,,2001.0,6.0,2.0,0.6,0,False,False,False,False,False,False,False,False,True
2004-11-23,90.0,25.0,,63.0,1800.0,,,,2004.0,11.0,4.0,,0,False,False,False,False,False,False,False,False,True
2013-09-01,22.0,130.0,160.0,1400.0,3500.0,,,,2013.0,9.0,3.0,0.8125,0,False,True,False,False,True,False,False,False,False
2018-10-19,14.0,65.0,,,3000.0,,,,2018.0,10.0,4.0,,0,False,True,False,False,True,False,False,False,False
2021-04-06,10.0,150.0,,,2300.0,,,,2021.0,4.0,2.0,,0,False,True,False,False,True,False,False,False,False
2015-06-01,22.0,115.0,160.0,1400.0,2200.0,,,,2015.0,6.0,2.0,0.71875,0,False,True,False,False,True,False,False,False,False
2018-09-01,14.0,65.0,,,3600.0,,,,2018.0,9.0,3.0,,0,False,True,False,False,True,False,False,False,False
2013-09-01,22.0,54.0,177.0,1400.0,3200.0,,,,2013.0,9.0,3.0,0.3050847457627119,0,False,True,False,False,True,False,False,False,False
2017-01-03,14.0,51.0,,,3500.0,,,,2017.0,1.0,1.0,,0,False,True,False,False,True,False,False,False,False
2014-05-01,22.0,84.0,177.0,1400.0,3300.0,,,,2014.0,5.0,2.0,0.4745762711864407,0,False,True,False,False,True,False,False,False,False
2006-06-26,65.0,65.0,,,1866.0,,,,2006.0,6.0,2.0,,0,False,True,False,False,True,False,False,False,False
2004-01-06,130.0,89.0,193.0,105.0,2200.0,,,,2004.0,1.0,1.0,0.46113989637305697,0,False,False,False,False,False,False,False,False,True
2020-04-30,14.0,58.0,,,4000.0,,,,2020.0,4.0,2.0,,0,False,True,False,False,True,False,False,False,False
2013-09-01,22.0,80.0,160.0,1400.0,2600.0,,,,2013.0,9.0,3.0,0.5,0,False,True,False,False,True,False,False,False,False
2008-01-01,45.0,65.0,104.0,410.0,2667.0,,,,2008.0,1.0,1.0,0.625,0,False,True,False,False,True,False,False,False,False
2012-06-03,32.0,35.0,131.0,504.0,2400.0,,,,2012.0,6.0,2.0,0.26717557251908397,0,False,True,False,False,True,False,False,False,False
2009-03-29,45.0,5.0,107.0,410.0,1400.0,,,,2009.0,3.0,1.0,0.04672897196261682,0,False,True,False,False,True,False,False,False,False
2020-07-21,12.0,35.0,,,3500.0,,,,2020.0,7.0,3.0,,0,False,False,False,False,False,False,False,False,False
2018-06-01,14.0,35.0,192.0,4800.0,3400.0,,,,2018.0,6.0,2.0,0.18229166666666666,0,False,False,False,False,False,False,False,False,True
2018-02-01,14.0,65.0,,,3100.0,,,,2018.0,2.0,1.0,,0,False,True,False,False,True,False,False,False,False
2001-01-01,130.0,25.0,144.0,69.0,1600.0,,,,2001.0,1.0,1.0,0.1736111111111111,0,False,False,False,False,False,False,False,False,True
2009-10-20,45.0,95.0,169.0,300.0,2700.0,,,,2009.0,10.0,4.0,0.5621301775147929,0,False,False,False,False,False,False,False,False,True
2015-07-02,14.0,95.0,,,3500.0,,,,2015.0,7.0,3.0,,0,False,True,False,False,True,False,False,False,False
2007-02-20,90.0,59.0,1.0,154.0,2600.0,,,,2007.0,2.0,1.0,59.0,0,False,False,False,False,False,False,False,False,True
2006-05-23,65.0,95.0,,,3200.0,,,,2006.0,5.0,2.0,,0,False,True,False,False,True,False,False,False,False
2007-10-08,65.0,45.0,,,2200.0,,,,2007.0,10.0,4.0,,0,False,False,False,False,False,False,False,False,True
2004-06-28,90.0,135.0,135.0,155.0,3400.0,,,,2004.0,6.0,2.0,1.0,0,False,True,False,False,True,False,False,False,False
2014-05-22,22.0,7.0,,,2160.0,,,,2014.0,5.0,2.0,,0,False,True,False,False,True,False,False,False,False
2020-04-30,14.0,58.0,,,3500.0,,,,2020.0,4.0,2.0,,0,False,True,False,False,True,False,False,False,False
2010-05-11,45.0,95.0,169.0,300.0,3100.0,,,,2010.0,5.0,2.0,0.5621301775147929,0,False,False,False,False,False,False,False,False,True
2020-04-30,14.0,58.0,,,4100.0,,,,2020.0,4.0,2.0,,0,False,True,False,False,True,False,False,False,False
2019-07-07,12.0,65.0,210.0,49.0,3600.0,,,,2019.0,7.0,3.0,0.30952380952380953,0,False,False,False,False,False,False,False,False,False
2005-08-02,90.0,67.0,,106.0,2000.0,,,,2005.0,8.0,3.0,,0,False,False,False,False,False,False,False,False,True
2018-10-26,28.0,45.0,246.0,1178.0,3500.0,,,,2018.0,10.0,4.0,0.18292682926829268,0,False,False,False,False,False,False,False,False,True
2017-08-31,14.0,125.0,213.0,9600.0,3100.0,,,,2017.0,8.0,3.0,0.5868544600938967,0,False,False,False,False,False,False,False,False,False
2018-05-30,14.0,15.0,246.0,,3400.0,,,,2018.0,5.0,2.0,0.06097560975609756,0,False,False,False,False,False,False,False,False,False
2006-05-23,90.0,35.0,220.0,154.0,2000.0,,,,2006.0,5.0,2.0,0.1590909090909091,0,False,False,False,False,False,False,False,False,True
2019-08-21,14.0,9.0,,,1000.0,,,,2019.0,8.0,3.0,,0,False,True,False,False,True,False,False,False,False
2017-10-26,14.0,15.0,246.0,,2000.0,,,,2017.0,10.0,4.0,0.06097560975609756,0,False,False,False,False,False,False,False,False,False
2020-04-30,14.0,62.0,,,3700.0,,,,2020.0,4.0,2.0,,0,False,True,False,False,True,False,False,False,False
2004-12-01,90.0,85.0,,106.0,2200.0,,,,2004.0,12.0,4.0,,0,False,False,False,False,False,False,False,False,True
2005-05-31,90.0,95.0,,233.0,2200.0,,,,2005.0,5.0,2.0,,0,False,False,False,False,False,False,False,False,True
2012-05-14,32.0,95.0,435.0,2270.0,2200.0,,,,2012.0,5.0,2.0,0.21839080459770116,0,False,True,False,False,True,False,False,False,False
2007-09-27,65.0,35.0,143.0,293.0,2600.0,,,,2007.0,9.0,3.0,0.24475524475524477,0,False,True,False,False,True,False,False,False,False
2003-06-30,130.0,85.0,193.0,106.0,1800.0,,,,2003.0,6.0,2.0,0.44041450777202074,0,False,False,False,False,False,False,False,False,True
2003-06-02,130.0,24.0,100.0,77.0,1700.0,,,,2003.0,6.0,2.0,0.24,0,False,True,False,False,True,False,False,False,False
2015-06-01,22.0,140.0,160.0,1400.0,2100.0,,,,2015.0,6.0,2.0,0.875,0,False,True,False,False,True,False,False,False,False
2009-10-20,45.0,45.0,169.0,300.0,2200.0,,,,2009.0,10.0,4.0,0.26627218934911245,0,False,False,False,False,False,False,False,False,True
2019-08-21,14.0,9.0,,,1100.0,,,,2019.0,8.0,3.0,,0,False,True,False,False,True,False,False,False,False
2006-03-06,90.0,95.0,,233.0,2600.0,,,,2006.0,3.0,1.0,,0,False,False,False,False,False,False,False,False,True
2008-11-30,45.0,65.0,82.0,228.0,2600.0,,,,2008.0,11.0,4.0,0.7926829268292683,0,False,True,False,False,True,False,False,False,False
2003-09-09,130.0,82.0,193.0,106.0,1400.0,,,,2003.0,9.0,3.0,0.42487046632124353,0,False,False,False,False,False,False,False,False,True
2010-09-01,45.0,45.0,117.0,234.0,2800.0,,,,2010.0,9.0,3.0,0.38461538461538464,0,False,False,False,False,False,False,False,False,True
2005-01-19,90.0,27.0,84.0,140.0,1600.0,,,,2005.0,1.0,1.0,0.32142857142857145,0,False,True,False,False,True,False,False,False,False
2010-11-22,45.0,7.0,26.0,47.0,1300.0,,,,2010.0,11.0,4.0,0.2692307692307692,0,False,True,False,False,True,False,False,False,False
2002-09-18,130.0,73.0,146.0,55.0,2000.0,,,,2002.0,9.0,3.0,0.5,0,False,True,False,False,True,False,False,False,False
2003-07-14,130.0,97.0,237.0,286.0,3066.0,,,,2003.0,7.0,3.0,0.4092827004219409,0,False,True,False,False,True,False,False,False,False
2019-04-02,14.0,400.0,,8000.0,2600.0,,,,2019.0,4.0,2.0,,0,False,True,False,False,True,False,False,False,False
2004-05-18,130.0,82.0,193.0,106.0,1600.0,,,,2004.0,5.0,2.0,0.42487046632124353,0,False,False,False,False,False,False,False,False,True
2010-03-16,32.0,95.0,239.0,1170.0,2666.0,,,,2010.0,3.0,1.0,0.39748953974895396,0,False,True,False,False,True,False,False,False,False
2011-06-01,40.0,6.0,,,1000.0,,,,2011.0,6.0,2.0,,0,False,False,False,False,False,False,False,False,True
2011-09-07,32.0,65.0,228.0,1178.0,2500.0,,,,2011.0,9.0,3.0,0.2850877192982456,0,False,False,False,False,False,False,False,False,True
2011-10-12,32.0,125.0,315.0,1200.0,3600.0,,,,2011.0,10.0,4.0,0.3968253968253968,0,False,False,False,False,False,False,False,False,True
2011-04-03,32.0,130.0,513.0,2600.0,2000.0,,,,2011.0,4.0,2.0,0.253411306042885,0,False,True,False,False,True,False,False,False,False
2006-05-23,90.0,65.0,220.0,154.0,2000.0,,,,2006.0,5.0,2.0,0.29545454545454547,0,False,False,False,False,False,False,False,False,True
2010-03-16,32.0,40.0,239.0,1170.0,2133.0,,,,2010.0,3.0,1.0,0.16736401673640167,0,False,True,False,False,True,False,False,False,False
2006-04-19,65.0,5.0,90.0,151.0,1333.0,,,,2006.0,4.0,2.0,0.05555555555555555,0,False,True,False,False,True,False,False,False,False
2005-01-01,90.0,84.0,109.0,125.0,2800.0,,,,2005.0,1.0,1.0,0.7706422018348624,0,False,True,False,False,True,False,False,False,False
2007-06-03,65.0,35.0,77.0,105.0,2000.0,,,,2007.0,6.0,2.0,0.45454545454545453,0,False,True,False,False,True,False,False,False,False
2018-12-11,14.0,125.0,,8000.0,2200.0,,,,2018.0,12.0,4.0,,0,False,True,False,False,True,False,False,False,False
2011-04-11,45.0,3.0,65.0,140.0,1200.0,,,,2011.0,4.0,2.0,0.046153846153846156,0,False,True,False,False,True,False,False,False,False
2013-06-01,32.0,100.0,246.0,1178.0,4100.0,,,,2013.0,6.0,2.0,0.4065040650406504,0,False,False,False,False,False,False,False,False,True
2013-10-28,32.0,100.0,246.0,1178.0,4000.0,,,,2013.0,10.0,4.0,0.4065040650406504,0,False,False,False,False,False,False,False,False,True
2004-09-22,90.0,84.0,109.0,125.0,2930.0,,,,2004.0,9.0,3.0,0.7706422018348624,0,False,True,False,False,True,False,False,False,False
2008-12-01,65.0,35.0,,,2200.0,,,,2008.0,12.0,4.0,,0,False,False,False,False,False,False,False,False,True
2004-12-01,90.0,85.0,,106.0,2000.0,,,,2004.0,12.0,4.0,,0,False,False,False,False,False,False,False,False,True
2004-05-10,90.0,21.0,84.0,140.0,2000.0,,,,2004.0,5.0,2.0,0.25,0,False,True,False,False,True,False,False,False,False
2004-08-01,130.0,82.0,193.0,106.0,1600.0,,,,2004.0,8.0,3.0,0.42487046632124353,0,False,False,False,False,False,False,False,False,True
2017-07-27,28.0,65.0,246.0,1178.0,3800.0,,,,2017.0,7.0,3.0,0.26422764227642276,0,False,False,False,False,False,False,False,False,True
2001-01-01,130.0,62.0,101.0,63.0,1500.0,,,,2001.0,1.0,1.0,0.6138613861386139,0,False,False,False,False,False,False,False,False,True
2021-03-15,7.0,225.0,,,2000.0,,,,2021.0,3.0,1.0,,0,False,False,False,False,False,False,True,False,False
2013-09-04,22.0,37.0,118.0,1400.0,2400.0,,,,2013.0,9.0,3.0,0.3135593220338983,0,False,True,False,False,True,False,False,False,False
2018-10-19,14.0,65.0,,,3100.0,,,,2018.0,10.0,4.0,,0,False,True,False,False,True,False,False,False,False
2018-05-05,10.0,28.0,123.0,,1500.0,,,,2018.0,5.0,2.0,0.22764227642276422,0,False,True,False,False,True,False,False,False,False
2012-10-02,32.0,65.0,246.0,1178.0,3200.0,,,,2012.0,10.0,4.0,0.26422764227642276,0,False,False,False,False,False,False,False,False,True
2004-12-01,90.0,85.0,,106.0,1800.0,,,,2004.0,12.0,4.0,,0,False,False,False,False,False,False,False,False,True
2004-08-01,130.0,35.0,193.0,106.0,1800.0,,,,2004.0,8.0,3.0,0.18134715025906736,0,False,False,False,False,False,False,False,False,True
2009-03-30,45.0,95.0,263.0,731.0,2933.0,,,,2009.0,3.0,1.0,0.3612167300380228,0,False,True,False,False,True,False,False,False,False
2018-10-19,14.0,165.0,,,3000.0,,,,2018.0,10.0,4.0,,0,False,True,False,False,True,False,False,False,False
2017-01-03,14.0,35.0,,,3000.0,,,,2017.0,1.0,1.0,,0,False,True,False,False,True,False,False,False,False
2009-10-20,45.0,130.0,263.0,731.0,3200.0,,,,2009.0,10.0,4.0,0.49429657794676807,0,False,True,False,False,True,False,False,False,False
2005-06-27,90.0,104.0,115.0,114.0,2800.0,,,,2005.0,6.0,2.0,0.9043478260869565,0,False,False,False,False,False,False,False,False,True
2013-03-12,32.0,35.0,246.0,1178.0,2700.0,,,,2013.0,3.0,1.0,0.14227642276422764,0,False,False,False,False,False,False,False,False,True
2017-10-05,14.0,95.0,154.0,,3700.0,,,,2017.0,10.0,4.0,0.6168831168831169,0,False,True,False,False,True,False,False,False,False
2008-08-10,45.0,65.0,107.0,420.0,2667.0,,,,2008.0,8.0,3.0,0.6074766355140186,0,False,True,False,False,True,False,False,False,False
2008-09-08,65.0,95.0,285.0,450.0,2300.0,,,,2008.0,9.0,3.0,0.3333333333333333,0,False,False,False,False,False,False,False,False,True
2021-04-06,10.0,165.0,,,2100.0,,,,2021.0,4.0,2.0,,0,False,True,False,False,True,False,False,False,False
2017-07-27,28.0,65.0,246.0,1178.0,3800.0,,,,2017.0,7.0,3.0,0.26422764227642276,0,False,False,False,False,False,False,False,False,True
2001-01-01,130.0,50.0,80.0,37.0,1467.0,,,,2001.0,1.0,1.0,0.625,0,False,False,False,False,False,False,False,False,True
2006-05-23,90.0,35.0,103.0,81.0,2000.0,,,,2006.0,5.0,2.0,0.33980582524271846,0,False,False,False,False,False,False,False,False,True
2011-09-04,32.0,65.0,131.0,504.0,2700.0,,,,2011.0,9.0,3.0,0.4961832061068702,0,False,True,False,False,True,False,False,False,False
2005-08-02,90.0,85.0,,106.0,2200.0,,,,2005.0,8.0,3.0,,0,False,False,False,False,False,False,False,False,True
2021-04-06,10.0,150.0,,,2300.0,,,,2021.0,4.0,2.0,,0,False,True,False,False,True,False,False,False,False
2018-05-30,14.0,15.0,246.0,,3300.0,,,,2018.0,5.0,2.0,0.06097560975609756,0,False,False,False,False,False,False,False,False,False
2017-08-21,14.0,15.0,123.0,,1600.0,,,,2017.0,8.0,3.0,0.12195121951219512,0,False,True,False,False,True,False,False,False,False
2009-08-09,45.0,65.0,82.0,228.0,2933.0,,,,2009.0,8.0,3.0,0.7926829268292683,0,False,True,False,False,True,False,False,False,False
2012-11-01,22.0,65.0,160.0,1480.0,2700.0,,,,2012.0,11.0,4.0,0.40625,0,False,True,False,False,True,False,False,False,False
2012-09-03,22.0,55.0,94.0,,3100.0,,,,2012.0,9.0,3.0,0.5851063829787234,0,False,True,False,False,True,False,False,False,False
2015-09-01,14.0,35.0,,,2400.0,,,,2015.0,9.0,3.0,,0,False,True,False,False,True,False,False,False,False
2005-02-20,90.0,84.0,109.0,169.0,3200.0,,,,2005.0,2.0,1.0,0.7706422018348624,0,False,True,False,False,True,False,False,False,False
2018-12-21,14.0,35.0,192.0,4800.0,3400.0,,,,2018.0,12.0,4.0,0.18229166666666666,0,False,False,False,False,False,False,False,False,True
2021-03-15,7.0,155.0,,,3000.0,,,,2021.0,3.0,1.0,,0,False,False,False,False,False,False,True,False,False
2005-05-01,90.0,104.0,,106.0,3000.0,,,,2005.0,5.0,2.0,,0,False,False,False,False,False,False,False,False,True
2010-09-21,45.0,125.0,258.0,758.0,3500.0,,,,2010.0,9.0,3.0,0.4844961240310077,0,False,False,False,False,False,False,False,False,True
2018-09-01,14.0,65.0,,,3100.0,,,,2018.0,9.0,3.0,,0,False,True,False,False,True,False,False,False,False
2009-03-30,45.0,80.0,263.0,731.0,2133.0,,,,2009.0,3.0,1.0,0.3041825095057034,0,False,True,False,False,True,False,False,False,False
2015-09-01,14.0,51.0,150.0,1400.0,3700.0,,,,2015.0,9.0,3.0,0.34,0,False,True,False,False,True,False,False,False,False
2020-07-14,7.0,280.0,74.0,3800.0,2700.0,,,,2020.0,7.0,3.0,3.7837837837837838,0,False,False,False,False,False,False,True,False,False
2001-01-01,90.0,84.0,109.0,125.0,2933.0,,,,2001.0,1.0,1.0,0.7706422018348624,0,False,True,False,False,True,False,False,False,False
2010-09-21,45.0,25.0,117.0,410.0,2000.0,,,,2010.0,9.0,3.0,0.21367521367521367,0,False,False,False,False,False,False,False,False,True
2004-10-14,90.0,67.0,84.0,69.0,1800.0,,,,2004.0,10.0,4.0,0.7976190476190477,0,False,False,False,False,False,False,False,False,True
2010-03-16,32.0,60.0,239.0,1170.0,2266.0,,,,2010.0,3.0,1.0,0.2510460251046025,0,False,True,False,False,True,False,False,False,False
2021-04-06,10.0,135.0,,,2400.0,,,,2021.0,4.0,2.0,,0,False,True,False,False,True,False,False,False,False
2019-01-07,28.0,6.0,124.0,1200.0,1600.0,,,,2019.0,1.0,1.0,0.04838709677419355,0,False,False,False,False,False,False,False,False,True
2019-10-19,14.0,165.0,,,3500.0,,,,2019.0,10.0,4.0,,0,False,True,False,False,True,False,False,False,False
2019-08-01,10.0,25.0,,,1200.0,,,,2019.0,8.0,3.0,,0,False,True,False,False,True,False,False,False,False
2004-05-18,130.0,82.0,193.0,106.0,1800.0,,,,2004.0,5.0,2.0,0.42487046632124353,0,False,False,False,False,False,False,False,False,True
2012-09-01,32.0,35.0,131.0,504.0,1800.0,,,,2012.0,9.0,3.0,0.26717557251908397,0,False,True,False,False,True,False,False,False,False
2006-05-23,90.0,62.0,103.0,81.0,1600.0,,,,2006.0,5.0,2.0,0.6019417475728155,0,False,False,False,False,False,False,False,False,True
2006-09-06,90.0,65.0,220.0,154.0,2600.0,,,,2006.0,9.0,3.0,0.29545454545454547,0,False,False,False,False,False,False,False,False,True
2019-04-23,14.0,45.0,149.0,,2400.0,,,,2019.0,4.0,2.0,0.30201342281879195,0,False,True,False,False,True,False,False,False,False
2021-04-06,10.0,165.0,,,2100.0,,,,2021.0,4.0,2.0,,0,False,True,False,False,True,False,False,False,False
2005-05-31,90.0,95.0,,233.0,1800.0,,,,2005.0,5.0,2.0,,0,False,False,False,False,False,False,False,False,True
2004-08-04,90.0,115.0,109.0,125.0,3600.0,,,,2004.0,8.0,3.0,1.055045871559633,0,False,True,False,False,True,False,False,False,False
2007-10-08,90.0,45.0,230.0,227.0,2600.0,,,,2007.0,10.0,4.0,0.1956521739130435,0,False,False,False,False,False,False,False,False,True
2001-01-01,90.0,89.0,199.0,233.0,2200.0,,,,2001.0,1.0,1.0,0.4472361809045226,0,False,False,False,False,False,False,False,False,True
2006-08-27,65.0,95.0,435.0,1328.0,3000.0,,,,2006.0,8.0,3.0,0.21839080459770116,0,False,True,False,False,True,False,False,False,False
2019-10-19,14.0,165.0,,,3000.0,,,,2019.0,10.0,4.0,,0,False,True,False,False,True,False,False,False,False
2014-05-01,22.0,54.0,177.0,1400.0,3700.0,,,,2014.0,5.0,2.0,0.3050847457627119,0,False,True,False,False,True,False,False,False,False
2020-09-02,10.0,15.0,,,1100.0,,,,2020.0,9.0,3.0,,0,False,True,False,False,True,False,False,False,False
2020-07-21,7.0,35.0,,,3300.0,,,,2020.0,7.0,3.0,,0,False,False,False,False,False,False,True,False,False
2009-02-09,45.0,95.0,258.0,758.0,2600.0,,,,2009.0,2.0,1.0,0.3682170542635659,0,False,False,False,False,False,False,False,False,True
2017-12-01,14.0,10.0,,,1500.0,,,,2017.0,12.0,4.0,,0,False,True,False,False,True,False,False,False,False
2005-08-02,90.0,85.0,,106.0,2400.0,,,,2005.0,8.0,3.0,,0,False,False,False,False,False,False,False,False,True
2003-03-12,130.0,24.0,100.0,77.0,1300.0,,,,2003.0,3.0,1.0,0.24,0,False,True,False,False,True,False,False,False,False
2019-07-07,7.0,95.0,74.0,3800.0,3800.0,,,,2019.0,7.0,3.0,1.2837837837837838,0,False,False,False,False,False,False,True,False,False
2004-06-21,90.0,84.0,109.0,125.0,2933.0,,,,2004.0,6.0,2.0,0.7706422018348624,0,False,True,False,False,True,False,False,False,False
2005-03-01,90.0,55.0,,106.0,2000.0,,,,2005.0,3.0,1.0,,0,False,False,False,False,False,False,False,False,True
2019-04-02,14.0,350.0,,8000.0,2300.0,,,,2019.0,4.0,2.0,,0,False,True,False,False,True,False,False,False,False
2021-03-16,14.0,65.0,,,3700.0,,,,2021.0,3.0,1.0,,0,False,True,False,False,True,False,False,False,False
2018-10-19,14.0,165.0,,,3100.0,,,,2018.0,10.0,4.0,,0,False,True,False,False,True,False,False,False,False
2009-10-20,45.0,45.0,117.0,410.0,2800.0,,,,2009.0,10.0,4.0,0.38461538461538464,0,False,False,False,False,False,False,False,False,True
2011-06-14,32.0,45.0,228.0,1178.0,1900.0,,,,2011.0,6.0,2.0,0.19736842105263158,0,False,False,False,False,False,False,False,False,True
2009-04-19,45.0,95.0,82.0,456.0,2666.0,,,,2009.0,4.0,2.0,1.1585365853658536,0,False,True,False,False,True,False,False,False,False
2017-01-03,14.0,91.0,,,3800.0,,,,2017.0,1.0,1.0,,0,False,True,False,False,True,False,False,False,False
2005-08-19,90.0,62.0,,63.0,2000.0,,,,2005.0,8.0,3.0,,0,False,False,False,False,False,False,False,False,True
2013-09-01,22.0,115.0,160.0,1400.0,2800.0,,,,2013.0,9.0,3.0,0.71875,0,False,True,False,False,True,False,False,False,False
2001-01-01,90.0,67.0,84.0,69.0,2400.0,,,,2001.0,1.0,1.0,0.7976190476190477,0,False,False,False,False,False,False,False,False,True
2006-05-23,90.0,65.0,220.0,154.0,2400.0,,,,2006.0,5.0,2.0,0.29545454545454547,0,False,False,False,False,False,False,False,False,True
2012-12-11,32.0,9.0,,,2000.0,,,,2012.0,12.0,4.0,,0,False,True,False,False,True,False,False,False,False
2018-04-02,14.0,51.0,,,3800.0,,,,2018.0,4.0,2.0,,0,False,True,False,False,True,False,False,False,False
2012-11-05,32.0,115.0,315.0,2400.0,2500.0,,,,2012.0,11.0,4.0,0.36507936507936506,0,False,False,False,False,False,False,False,False,True
2009-09-16,45.0,95.0,169.0,300.0,2800.0,,,,2009.0,9.0,3.0,0.5621301775147929,0,False,False,False,False,False,False,False,False,True
2006-12-01,65.0,65.0,126.0,154.0,2200.0,,,,2006.0,12.0,4.0,0.5158730158730159,0,False,False,False,False,False,False,False,False,True
2013-10-08,22.0,5.0,,,1467.0,,,,2013.0,10.0,4.0,,0,False,True,False,False,True,False,False,False,False
2004-09-28,90.0,88.0,112.0,125.0,3334.0,,,,2004.0,9.0,3.0,0.7857142857142857,0,False,True,False,False,True,False,False,False,False
2002-04-02,130.0,110.0,146.0,55.0,2400.0,,,,2002.0,4.0,2.0,0.7534246575342466,0,False,True,False,False,True,False,False,False,False
2010-09-21,45.0,45.0,169.0,300.0,2600.0,,,,2010.0,9.0,3.0,0.26627218934911245,0,False,False,False,False,False,False,False,False,True
2010-01-07,45.0,82.0,296.0,774.0,2400.0,,,,2010.0,1.0,1.0,0.27702702702702703,0,False,True,False,False,True,False,False,False,False
2011-07-01,45.0,95.0,346.0,904.0,2700.0,,,,2011.0,7.0,3.0,0.2745664739884393,0,False,False,False,False,False,False,False,False,True
2012-09-03,22.0,35.0,94.0,,3000.0,,,,2012.0,9.0,3.0,0.3723404255319149,0,False,True,False,False,True,False,False,False,False
2013-09-01,22.0,15.0,118.0,1400.0,1700.0,,,,2013.0,9.0,3.0,0.1271186440677966,0,False,True,False,False,True,False,False,False,False
2008-03-05,65.0,45.0,126.0,154.0,2500.0,,,,2008.0,3.0,1.0,0.35714285714285715,0,False,False,False,False,False,False,False,False,True
2011-09-04,32.0,65.0,131.0,504.0,3400.0,,,,2011.0,9.0,3.0,0.4961832061068702,0,False,True,False,False,True,False,False,False,False
2013-12-01,22.0,54.0,177.0,1400.0,2700.0,,,,2013.0,12.0,4.0,0.3050847457627119,0,False,True,False,False,True,False,False,False,False
2015-03-01,14.0,15.0,,,2200.0,,,,2015.0,3.0,1.0,,0,False,True,False,False,True,False,False,False,False
2018-10-19,14.0,165.0,,,3500.0,,,,2018.0,10.0,4.0,,0,False,True,False,False,True,False,False,False,False
2003-04-22,130.0,85.0,193.0,106.0,1800.0,,,,2003.0,4.0,2.0,0.44041450777202074,0,False,False,False,False,False,False,False,False,True
2013-09-01,22.0,130.0,160.0,1400.0,3500.0,,,,2013.0,9.0,3.0,0.8125,0,False,True,False,False,True,False,False,False,False
2013-09-01,22.0,15.0,118.0,1400.0,1400.0,,,,2013.0,9.0,3.0,0.1271186440677966,0,False,True,False,False,True,False,False,False,False
2009-06-02,45.0,65.0,258.0,758.0,2500.0,,,,2009.0,6.0,2.0,0.25193798449612403,0,False,False,False,False,False,False,False,False,True
2008-04-02,45.0,2.0,26.0,47.0,1334.0,,,,2008.0,4.0,2.0,0.07692307692307693,0,False,True,False,False,True,False,False,False,False
2003-09-01,130.0,68.0,,63.0,2000.0,,,,2003.0,9.0,3.0,,0,False,False,False,False,False,False,False,False,True
2004-07-28,130.0,62.0,80.0,37.0,1833.0,,,,2004.0,7.0,3.0,0.775,0,False,False,False,False,False,False,False,False,True
2000-07-31,180.0,29.0,80.0,44.0,1133.0,,,,2000.0,7.0,3.0,0.3625,0,False,True,False,False,True,False,False,False,False
2011-02-20,32.0,65.0,131.0,504.0,3300.0,,,,2011.0,2.0,1.0,0.4961832061068702,0,False,True,False,False,True,False,False,False,False
2005-02-14,90.0,135.0,169.0,178.0,3600.0,,,,2005.0,2.0,1.0,0.7988165680473372,0,False,True,False,False,True,False,False,False,False
2012-06-01,32.0,65.0,131.0,504.0,2600.0,,,,2012.0,6.0,2.0,0.4961832061068702,0,False,True,False,False,True,False,False,False,False
2015-06-01,22.0,115.0,160.0,1400.0,2000.0,,,,2015.0,6.0,2.0,0.71875,0,False,True,False,False,True,False,False,False,False
2015-06-01,22.0,115.0,160.0,1400.0,1900.0,,,,2015.0,6.0,2.0,0.71875,0,False,True,False,False,True,False,False,False,False
2014-04-01,22.0,47.0,264.0,1400.0,2500.0,,,,2014.0,4.0,2.0,0.17803030303030304,0,False,True,False,False,True,False,False,False,False
2006-05-23,90.0,62.0,103.0,81.0,1800.0,,,,2006.0,5.0,2.0,0.6019417475728155,0,False,False,False,False,False,False,False,False,True
2009-10-09,45.0,95.0,169.0,300.0,2900.0,,,,2009.0,10.0,4.0,0.5621301775147929,0,False,False,False,False,False,False,False,False,True
2012-05-14,22.0,77.0,160.0,1400.0,3200.0,,,,2012.0,5.0,2.0,0.48125,0,False,True,False,False,True,False,False,False,False
2016-05-31,14.0,140.0,,,3200.0,,,,2016.0,5.0,2.0,,0,False,True,False,False,True,False,False,False,False
2021-03-16,14.0,65.0,,,2600.0,,,,2021.0,3.0,1.0,,0,False,True,False,False,True,False,False,False,False
2005-05-26,90.0,84.0,109.0,169.0,3800.0,,,,2005.0,5.0,2.0,0.7706422018348624,0,False,True,False,False,True,False,False,False,False
2011-10-12,32.0,95.0,315.0,1200.0,3300.0,,,,2011.0,10.0,4.0,0.30158730158730157,0,False,False,False,False,False,False,False,False,True
2001-01-01,90.0,89.0,156.0,154.0,2000.0,,,,2001.0,1.0,1.0,0.5705128205128205,0,False,False,False,False,False,False,False,False,True
2006-05-23,65.0,130.0,,,3200.0,,,,2006.0,5.0,2.0,,0,False,True,False,False,True,False,False,False,False
2005-08-01,130.0,35.0,193.0,106.0,1600.0,,,,2005.0,8.0,3.0,0.18134715025906736,0,False,False,False,False,False,False,False,False,True
2013-09-01,22.0,70.0,160.0,1400.0,1700.0,,,,2013.0,9.0,3.0,0.4375,0,False,True,False,False,True,False,False,False,False
2010-01-07,32.0,87.0,81.0,382.0,3333.0,,,,2010.0,1.0,1.0,1.0740740740740742,0,False,True,False,False,True,False,False,False,False
2005-04-04,90.0,89.0,83.0,69.0,2400.0,,,,2005.0,4.0,2.0,1.072289156626506,0,False,False,False,False,False,False,False,False,True
2013-12-01,22.0,7.0,,,1860.0,,,,2013.0,12.0,4.0,,0,False,True,False,False,True,False,False,False,False
2011-10-12,32.0,95.0,315.0,1200.0,3600.0,,,,2011.0,10.0,4.0,0.30158730158730157,0,False,False,False,False,False,False,False,False,True
2018-05-05,10.0,28.0,123.0,,2200.0,,,,2018.0,5.0,2.0,0.22764227642276422,0,False,True,False,False,True,False,False,False,False
2010-09-01,32.0,73.0,81.0,382.0,2800.0,,,,2010.0,9.0,3.0,0.9012345679012346,0,False,True,False,False,True,False,False,False,False
2001-01-01,130.0,62.0,101.0,63.0,1583.0,,,,2001.0,1.0,1.0,0.6138613861386139,0,False,False,False,False,False,False,False,False,True
2012-10-23,32.0,95.0,315.0,1200.0,3600.0,,,,2012.0,10.0,4.0,0.30158730158730157,0,False,False,False,False,False,False,False,False,True
2009-10-01,45.0,95.0,258.0,758.0,2800.0,,,,2009.0,10.0,4.0,0.3682170542635659,0,False,False,False,False,False,False,False,False,True
2003-04-22,130.0,85.0,193.0,106.0,1600.0,,,,2003.0,4.0,2.0,0.44041450777202074,0,False,False,False,False,False,False,False,False,True
2019-11-14,7.0,280.0,74.0,3800.0,3500.0,,,,2019.0,11.0,4.0,3.7837837837837838,0,False,False,False,False,False,False,True,False,False
2008-03-02,65.0,65.0,111.0,167.0,2600.0,,,,2008.0,3.0,1.0,0.5855855855855856,0,False,True,False,False,True,False,False,False,False
2011-09-01,32.0,35.0,149.0,624.0,2200.0,,,,2011.0,9.0,3.0,0.2348993288590604,0,False,True,False,False,True,False,False,False,False
2009-09-08,45.0,95.0,296.0,774.0,2933.0,,,,2009.0,9.0,3.0,0.32094594594594594,0,False,True,False,False,True,False,False,False,False
2013-05-23,32.0,8.0,246.0,1178.0,1000.0,,,,2013.0,5.0,2.0,0.032520325203252036,0,False,False,False,False,False,False,False,False,True
2006-05-02,65.0,130.0,140.0,376.0,3600.0,,,,2006.0,5.0,2.0,0.9285714285714286,0,False,True,False,False,True,False,False,False,False
2020-04-30,14.0,65.0,,,2900.0,,,,2020.0,4.0,2.0,,0,False,True,False,False,True,False,False,False,False
2003-06-30,130.0,85.0,193.0,106.0,1600.0,,,,2003.0,6.0,2.0,0.44041450777202074,0,False,False,False,False,False,False,False,False,True
2006-01-05,65.0,27.0,90.0,151.0,1833.0,,,,2006.0,1.0,1.0,0.3,0,False,True,False,False,True,False,False,False,False
2001-01-01,90.0,89.0,199.0,233.0,2400.0,,,,2001.0,1.0,1.0,0.4472361809045226,0,False,False,False,False,False,False,False,False,True
2011-06-14,32.0,35.0,228.0,1178.0,1900.0,,,,2011.0,6.0,2.0,0.15350877192982457,0,False,False,False,False,False,False,False,False,True
2018-09-19,12.0,65.0,192.0,4800.0,3100.0,,,,2018.0,9.0,3.0,0.3385416666666667,0,False,False,False,False,False,False,False,False,False
2019-04-23,14.0,45.0,149.0,,2300.0,,,,2019.0,4.0,2.0,0.30201342281879195,0,False,True,False,False,True,False,False,False,False
2013-06-04,22.0,28.0,118.0,1300.0,2800.0,,,,2013.0,6.0,2.0,0.23728813559322035,0,False,True,False,False,True,False,False,False,False
2012-09-03,22.0,55.0,160.0,1400.0,3000.0,,,,2012.0,9.0,3.0,0.34375,0,False,True,False,False,True,False,False,False,False
2005-03-01,90.0,55.0,,106.0,2400.0,,,,2005.0,3.0,1.0,,0,False,False,False,False,False,False,False,False,True
2009-03-30,45.0,130.0,263.0,731.0,2400.0,,,,2009.0,3.0,1.0,0.49429657794676807,0,False,True,False,False,True,False,False,False,False
2001-01-01,90.0,51.0,84.0,69.0,2000.0,,,,2001.0,1.0,1.0,0.6071428571428571,0,False,False,False,False,False,False,False,False,True
2018-10-19,14.0,95.0,180.0,,3600.0,,,,2018.0,10.0,4.0,0.5277777777777778,0,False,True,False,False,True,False,False,False,False
2004-06-21,130.0,110.0,237.0,178.0,3400.0,,,,2004.0,6.0,2.0,0.4641350210970464,0,False,True,False,False,True,False,False,False,False
2017-07-11,14.0,85.0,,8000.0,2100.0,,,,2017.0,7.0,3.0,,0,False,True,False,False,True,False,False,False,False
2008-04-23,65.0,95.0,285.0,450.0,2100.0,,,,2008.0,4.0,2.0,0.3333333333333333,0,False,False,False,False,False,False,False,False,True
2010-01-07,32.0,73.0,81.0,382.0,2933.0,,,,2010.0,1.0,1.0,0.9012345679012346,0,False,True,False,False,True,False,False,False,False
2012-02-06,32.0,100.0,228.0,1178.0,2800.0,,,,2012.0,2.0,1.0,0.43859649122807015,0,False,False,False,False,False,False,False,False,True
2005-10-01,90.0,62.0,84.0,63.0,2000.0,,,,2005.0,10.0,4.0,0.7380952380952381,0,False,False,False,False,False,False,False,False,True
2021-04-13,7.0,65.0,,,3800.0,,,,2021.0,4.0,2.0,,0,False,False,False,False,False,False,True,False,False
2021-04-06,10.0,105.0,,,2800.0,,,,2021.0,4.0,2.0,,0,False,True,False,False,True,False,False,False,False
2013-06-04,22.0,15.0,118.0,1300.0,1500.0,,,,2013.0,6.0,2.0,0.1271186440677966,0,False,True,False,False,True,False,False,False,False
2003-09-09,130.0,82.0,193.0,106.0,1800.0,,,,2003.0,9.0,3.0,0.42487046632124353,0,False,False,False,False,False,False,False,False,True
2011-09-01,32.0,35.0,149.0,624.0,2300.0,,,,2011.0,9.0,3.0,0.2348993288590604,0,False,True,False,False,True,False,False,False,False
2018-04-02,14.0,35.0,,,3100.0,,,,2018.0,4.0,2.0,,0,False,True,False,False,True,False,False,False,False
2004-08-01,130.0,82.0,193.0,106.0,1800.0,,,,2004.0,8.0,3.0,0.42487046632124353,0,False,False,False,False,False,False,False,False,True
2001-12-01,130.0,30.0,80.0,44.0,1333.0,,,,2001.0,12.0,4.0,0.375,0,False,True,False,False,True,False,False,False,False
2010-03-16,32.0,130.0,239.0,1170.0,3333.0,,,,2010.0,3.0,1.0,0.5439330543933054,0,False,True,False,False,True,False,False,False,False
2021-03-16,14.0,125.0,,,3900.0,,,,2021.0,3.0,1.0,,0,False,True,False,False,True,False,False,False,False
2021-03-15,7.0,225.0,,,2800.0,,,,2021.0,3.0,1.0,,0,False,False,False,False,False,False,True,False,False
2010-06-01,45.0,95.0,346.0,904.0,3000.0,,,,2010.0,6.0,2.0,0.2745664739884393,0,False,False,False,False,False,False,False,False,True
2021-03-16,14.0,125.0,,,3500.0,,,,2021.0,3.0,1.0,,0,False,True,False,False,True,False,False,False,False
2021-01-12,7.0,54.0,156.0,9800.0,3200.0,,,,2021.0,1.0,1.0,0.34615384615384615,0,False,False,False,False,False,False,True,False,False
2005-09-26,90.0,95.0,,233.0,2400.0,,,,2005.0,9.0,3.0,,0,False,False,False,False,False,False,False,False,True
2000-10-31,180.0,63.0,120.0,37.0,1133.0,,,,2000.0,10.0,4.0,0.525,0,False,False,False,False,False,False,False,False,True
2004-06-21,90.0,84.0,109.0,125.0,2800.0,,,,2004.0,6.0,2.0,0.7706422018348624,0,False,True,False,False,True,False,False,False,False
2014-09-02,32.0,125.0,315.0,1200.0,4000.0,,,,2014.0,9.0,3.0,0.3968253968253968,0,False,False,False,False,False,False,False,False,True
2019-01-06,12.0,15.0,210.0,4940.0,2300.0,,,,2019.0,1.0,1.0,0.07142857142857142,0,False,False,False,False,False,False,False,False,False
2016-05-31,14.0,140.0,,,3400.0,,,,2016.0,5.0,2.0,,0,False,True,False,False,True,False,False,False,False
2017-01-03,14.0,35.0,,,2400.0,,,,2017.0,1.0,1.0,,0,False,True,False,False,True,False,False,False,False
2009-06-01,45.0,80.0,258.0,758.0,3000.0,,,,2009.0,6.0,2.0,0.31007751937984496,0,False,False,False,False,False,False,False,False,True
2007-04-20,65.0,95.0,143.0,582.0,2666.0,,,,2007.0,4.0,2.0,0.6643356643356644,0,False,True,False,False,True,False,False,False,False
2014-07-01,22.0,47.0,264.0,1400.0,2500.0,,,,2014.0,7.0,3.0,0.17803030303030304,0,False,True,False,False,True,False,False,False,False
2000-06-05,180.0,38.0,120.0,37.0,600.0,,,,2000.0,6.0,2.0,0.31666666666666665,0,False,False,False,False,False,False,False,False,True
2009-10-20,45.0,45.0,117.0,410.0,2700.0,,,,2009.0,10.0,4.0,0.38461538461538464,0,False,False,False,False,False,False,False,False,True
2004-05-10,90.0,21.0,84.0,140.0,1700.0,,,,2004.0,5.0,2.0,0.25,0,False,True,False,False,True,False,False,False,False
2008-04-01,65.0,89.0,126.0,154.0,3000.0,,,,2008.0,4.0,2.0,0.7063492063492064,0,False,False,False,False,False,False,False,False,True
2003-09-01,130.0,60.0,,63.0,1667.0,,,,2003.0,9.0,3.0,,0,False,False,False,False,False,False,False,False,True
2010-04-19,32.0,73.0,81.0,382.0,3600.0,,,,2010.0,4.0,2.0,0.9012345679012346,0,False,True,False,False,True,False,False,False,False
2005-06-01,90.0,84.0,109.0,125.0,2660.0,,,,2005.0,6.0,2.0,0.7706422018348624,0,False,True,False,False,True,False,False,False,False
2008-08-10,45.0,95.0,107.0,820.0,3000.0,,,,2008.0,8.0,3.0,0.8878504672897196,0,False,True,False,False,True,False,False,False,False
2010-09-26,32.0,35.0,81.0,382.0,2534.0,,,,2010.0,9.0,3.0,0.43209876543209874,0,False,True,False,False,True,False,False,False,False
2011-04-03,32.0,45.0,216.0,1160.0,2400.0,,,,2011.0,4.0,2.0,0.20833333333333334,0,False,True,False,False,True,False,False,False,False
2010-05-30,45.0,65.0,82.0,228.0,3200.0,,,,2010.0,5.0,2.0,0.7926829268292683,0,False,True,False,False,True,False,False,False,False
2006-05-23,90.0,89.0,220.0,154.0,2200.0,,,,2006.0,5.0,2.0,0.40454545454545454,0,False,False,False,False,False,False,False,False,True
2016-06-20,14.0,215.0,,8000.0,1300.0,,,,2016.0,6.0,2.0,,0,False,True,False,False,True,False,False,False,False
2012-09-02,32.0,65.0,131.0,504.0,2900.0,,,,2012.0,9.0,3.0,0.4961832061068702,0,False,True,False,False,True,False,False,False,False
2007-09-01,65.0,5.0,143.0,291.0,1200.0,,,,2007.0,9.0,3.0,0.03496503496503497,0,False,True,False,False,True,False,False,False,False
2013-09-01,22.0,54.0,177.0,1400.0,3500.0,,,,2013.0,9.0,3.0,0.3050847457627119,0,False,True,False,False,True,False,False,False,False
2009-06-01,45.0,125.0,258.0,758.0,2000.0,,,,2009.0,6.0,2.0,0.4844961240310077,0,False,False,False,False,False,False,False,False,True
2009-05-11,45.0,95.0,258.0,758.0,2800.0,,,,2009.0,5.0,2.0,0.3682170542635659,0,False,False,False,False,False,False,False,False,True
2018-09-19,12.0,65.0,192.0,4800.0,3200.0,,,,2018.0,9.0,3.0,0.3385416666666667,0,False,False,False,False,False,False,False,False,False
2013-09-11,22.0,7.0,,,1600.0,,,,2013.0,9.0,3.0,,0,False,True,False,False,True,False,False,False,False
2020-04-14,7.0,180.0,74.0,3800.0,3700.0,,,,2020.0,4.0,2.0,2.4324324324324325,0,False,False,False,False,False,False,True,False,False
2008-03-24,45.0,150.0,107.0,820.0,3200.0,,,,2008.0,3.0,1.0,1.4018691588785046,0,False,True,False,False,True,False,False,False,False
2007-02-20,90.0,59.0,1.0,154.0,2200.0,,,,2007.0,2.0,1.0,59.0,0,False,False,False,False,False,False,False,False,True
2006-08-27,65.0,150.0,435.0,1328.0,3333.0,,,,2006.0,8.0,3.0,0.3448275862068966,0,False,True,False,False,True,False,False,False,False
2006-07-27,65.0,65.0,143.0,291.0,2667.0,,,,2006.0,7.0,3.0,0.45454545454545453,0,False,True,False,False,True,False,False,False,False
2003-11-03,130.0,110.0,237.0,178.0,3200.0,,,,2003.0,11.0,4.0,0.4641350210970464,0,False,True,False,False,True,False,False,False,False
2010-08-29,45.0,65.0,82.0,228.0,3333.0,,,,2010.0,8.0,3.0,0.7926829268292683,0,False,True,False,False,True,False,False,False,False
2017-07-11,14.0,205.0,,8000.0,2500.0,,,,2017.0,7.0,3.0,,0,False,True,False,False,True,False,False,False,False
2010-09-21,45.0,65.0,117.0,410.0,3300.0,,,,2010.0,9.0,3.0,0.5555555555555556,0,False,False,False,False,False,False,False,False,True
2007-11-19,65.0,95.0,285.0,450.0,2200.0,,,,2007.0,11.0,4.0,0.3333333333333333,0,False,False,False,False,False,False,False,False,True
2005-06-22,90.0,22.0,125.0,114.0,1600.0,,,,2005.0,6.0,2.0,0.176,0,False,False,False,False,False,False,False,False,True
2009-08-09,45.0,130.0,263.0,731.0,3066.0,,,,2009.0,8.0,3.0,0.49429657794676807,0,False,True,False,False,True,False,False,False,False
2011-07-01,32.0,17.0,131.0,504.0,1300.0,,,,2011.0,7.0,3.0,0.1297709923664122,0,False,True,False,False,True,False,False,False,False
2017-06-29,14.0,120.0,213.0,4800.0,2100.0,,,,2017.0,6.0,2.0,0.5633802816901409,0,False,False,False,False,False,False,False,False,False
2020-03-07,7.0,35.0,156.0,9800.0,3000.0,,,,2020.0,3.0,1.0,0.22435897435897437,0,False,False,False,False,False,False,True,False,False
2012-05-15,32.0,25.0,246.0,1178.0,2000.0,,,,2012.0,5.0,2.0,0.1016260162601626,0,False,False,False,False,False,False,False,False,True
2008-04-02,45.0,2.0,26.0,47.0,1100.0,,,,2008.0,4.0,2.0,0.07692307692307693,0,False,True,False,False,True,False,False,False,False
2013-01-30,32.0,125.0,315.0,1200.0,3800.0,,,,2013.0,1.0,1.0,0.3968253968253968,0,False,False,False,False,False,False,False,False,True
2012-05-14,22.0,45.0,160.0,1400.0,2500.0,,,,2012.0,5.0,2.0,0.28125,0,False,True,False,False,True,False,False,False,False
2013-12-01,22.0,54.0,177.0,1400.0,2200.0,,,,2013.0,12.0,4.0,0.3050847457627119,0,False,True,False,False,True,False,False,False,False
2009-01-18,45.0,65.0,82.0,228.0,2700.0,,,,2009.0,1.0,1.0,0.7926829268292683,0,False,True,False,False,True,False,False,False,False
2003-02-10,130.0,68.0,101.0,63.0,1833.0,,,,2003.0,2.0,1.0,0.6732673267326733,0,False,False,False,False,False,False,False,False,True
2012-10-02,32.0,100.0,246.0,1178.0,3800.0,,,,2012.0,10.0,4.0,0.4065040650406504,0,False,False,False,False,False,False,False,False,True
2021-04-06,10.0,150.0,,,3000.0,,,,2021.0,4.0,2.0,,0,False,True,False,False,True,False,False,False,False
2011-08-17,32.0,100.0,228.0,1178.0,2600.0,,,,2011.0,8.0,3.0,0.43859649122807015,0,False,False,False,False,False,False,False,False,True
2004-12-01,90.0,85.0,,106.0,2000.0,,,,2004.0,12.0,4.0,,0,False,False,False,False,False,False,False,False,True
2005-08-01,90.0,89.0,156.0,154.0,2000.0,,,,2005.0,8.0,3.0,0.5705128205128205,0,False,False,False,False,False,False,False,False,True
2003-11-17,130.0,89.0,193.0,106.0,2200.0,,,,2003.0,11.0,4.0,0.46113989637305697,0,False,False,False,False,False,False,False,False,True
2011-10-12,32.0,45.0,216.0,1160.0,2200.0,,,,2011.0,10.0,4.0,0.20833333333333334,0,False,True,False,False,True,False,False,False,False
2010-04-27,45.0,95.0,346.0,904.0,2600.0,,,,2010.0,4.0,2.0,0.2745664739884393,0,False,False,False,False,False,False,False,False,True
2021-04-06,14.0,205.0,,,3100.0,,,,2021.0,4.0,2.0,,0,False,True,False,False,True,False,False,False,False
2005-08-01,90.0,62.0,84.0,63.0,2000.0,,,,2005.0,8.0,3.0,0.7380952380952381,0,False,False,False,False,False,False,False,False,True
2007-02-20,90.0,35.0,183.0,154.0,2200.0,,,,2007.0,2.0,1.0,0.1912568306010929,0,False,False,False,False,False,False,False,False,True
2017-06-29,14.0,65.0,192.0,4800.0,3200.0,,,,2017.0,6.0,2.0,0.3385416666666667,0,False,False,False,False,False,False,False,False,False
2004-04-27,130.0,89.0,144.0,69.0,2000.0,,,,2004.0,4.0,2.0,0.6180555555555556,0,False,False,False,False,False,False,False,False,True
2018-12-11,14.0,205.0,,8000.0,2700.0,,,,2018.0,12.0,4.0,,0,False,True,False,False,True,False,False,False,False
2021-04-06,10.0,205.0,,,3100.0,,,,2021.0,4.0,2.0,,0,False,True,False,False,True,False,False,False,False
2017-01-03,14.0,51.0,,,3700.0,,,,2017.0,1.0,1.0,,0,False,True,False,False,True,False,False,False,False
2004-04-27,130.0,32.0,144.0,69.0,1800.0,,,,2004.0,4.0,2.0,0.2222222222222222,0,False,False,False,False,False,False,False,False,True
2020-07-07,7.0,105.0,74.0,3800.0,3800.0,,,,2020.0,7.0,3.0,1.4189189189189189,0,False,False,False,False,False,False,True,False,False
2011-06-19,32.0,17.0,131.0,504.0,1200.0,,,,2011.0,6.0,2.0,0.1297709923664122,0,False,True,False,False,True,False,False,False,False
2005-08-08,90.0,25.0,125.0,114.0,2200.0,,,,2005.0,8.0,3.0,0.2,0,False,False,False,False,False,False,False,False,True
2010-03-16,32.0,95.0,239.0,1170.0,3066.0,,,,2010.0,3.0,1.0,0.39748953974895396,0,False,True,False,False,True,False,False,False,False
2012-07-01,32.0,17.0,131.0,504.0,1500.0,,,,2012.0,7.0,3.0,0.1297709923664122,0,False,True,False,False,True,False,False,False,False
2008-10-01,65.0,125.0,285.0,450.0,2600.0,,,,2008.0,10.0,4.0,0.43859649122807015,0,False,False,False,False,False,False,False,False,True
2011-05-03,45.0,45.0,169.0,300.0,2700.0,,,,2011.0,5.0,2.0,0.26627218934911245,0,False,False,False,False,False,False,False,False,True
2001-01-01,130.0,45.0,101.0,63.0,1800.0,,,,2001.0,1.0,1.0,0.44554455445544555,0,False,False,False,False,False,False,False,False,True
2009-03-30,45.0,130.0,263.0,731.0,3200.0,,,,2009.0,3.0,1.0,0.49429657794676807,0,False,True,False,False,True,False,False,False,False
2008-04-20,65.0,65.0,77.0,105.0,2000.0,,,,2008.0,4.0,2.0,0.8441558441558441,0,False,True,False,False,True,False,False,False,False
2010-03-16,32.0,80.0,239.0,1170.0,2666.0,,,,2010.0,3.0,1.0,0.33472803347280333,0,False,True,False,False,True,False,False,False,False
2011-06-14,32.0,35.0,228.0,1178.0,2100.0,,,,2011.0,6.0,2.0,0.15350877192982457,0,False,False,False,False,False,False,False,False,True
2020-01-06,7.0,25.0,156.0,9800.0,2700.0,,,,2020.0,1.0,1.0,0.16025641025641027,0,False,False,False,False,False,False,True,False,False
2017-06-26,14.0,140.0,,,3500.0,,,,2017.0,6.0,2.0,,0,False,True,False,False,True,False,False,False,False
2004-10-01,90.0,73.0,109.0,125.0,3060.0,,,,2004.0,10.0,4.0,0.6697247706422018,0,False,True,False,False,True,False,False,False,False
2006-05-23,90.0,35.0,103.0,81.0,1600.0,,,,2006.0,5.0,2.0,0.33980582524271846,0,False,False,False,False,False,False,False,False,True
2020-04-30,14.0,125.0,,,3800.0,,,,2020.0,4.0,2.0,,0,False,True,False,False,True,False,False,False,False
2008-04-28,65.0,45.0,77.0,122.0,2700.0,,,,2008.0,4.0,2.0,0.5844155844155844,0,False,False,False,False,False,False,False,False,True
2004-05-18,130.0,89.0,193.0,106.0,2200.0,,,,2004.0,5.0,2.0,0.46113989637305697,0,False,False,False,False,False,False,False,False,True
2011-06-19,32.0,35.0,131.0,504.0,2100.0,,,,2011.0,6.0,2.0,0.26717557251908397,0,False,True,False,False,True,False,False,False,False
2010-09-21,45.0,45.0,169.0,300.0,2500.0,,,,2010.0,9.0,3.0,0.26627218934911245,0,False,False,False,False,False,False,False,False,True
2003-09-23,130.0,68.0,131.0,55.0,2800.0,,,,2003.0,9.0,3.0,0.5190839694656488,0,False,True,False,False,True,False,False,False,False
2010-09-01,32.0,35.0,81.0,384.0,2800.0,,,,2010.0,9.0,3.0,0.43209876543209874,0,False,True,False,False,True,False,False,False,False
2010-03-16,32.0,130.0,239.0,1170.0,3466.0,,,,2010.0,3.0,1.0,0.5439330543933054,0,False,True,False,False,True,False,False,False,False
2014-07-01,22.0,54.0,177.0,1400.0,3800.0,,,,2014.0,7.0,3.0,0.3050847457627119,0,False,True,False,False,True,False,False,False,False
2017-10-03,14.0,112.0,,,4300.0,,,,2017.0,10.0,4.0,,0,False,True,False,False,True,False,False,False,False
2001-01-01,130.0,63.0,80.0,37.0,1800.0,,,,2001.0,1.0,1.0,0.7875,0,False,False,False,False,False,False,False,False,True
2017-07-27,28.0,65.0,246.0,1178.0,3500.0,,,,2017.0,7.0,3.0,0.26422764227642276,0,False,False,False,False,False,False,False,False,True
2004-03-18,130.0,89.0,193.0,105.0,2400.0,,,,2004.0,3.0,1.0,0.46113989637305697,0,False,False,False,False,False,False,False,False,True
2020-07-21,7.0,35.0,,,3100.0,,,,2020.0,7.0,3.0,,0,False,False,False,False,False,False,True,False,False
2012-06-01,22.0,17.0,118.0,,1700.0,,,,2012.0,6.0,2.0,0.1440677966101695,0,False,True,False,False,True,False,False,False,False
2014-05-01,22.0,65.0,177.0,1400.0,2900.0,,,,2014.0,5.0,2.0,0.3672316384180791,0,False,True,False,False,True,False,False,False,False
2018-09-01,14.0,65.0,,,3700.0,,,,2018.0,9.0,3.0,,0,False,True,False,False,True,False,False,False,False
2004-06-01,130.0,89.0,193.0,106.0,2400.0,,,,2004.0,6.0,2.0,0.46113989637305697,0,False,False,False,False,False,False,False,False,True
2011-11-14,32.0,115.0,316.0,2400.0,2100.0,,,,2011.0,11.0,4.0,0.3639240506329114,0,False,False,False,False,False,False,False,False,True
2014-09-01,22.0,140.0,356.0,2600.0,3500.0,,,,2014.0,9.0,3.0,0.39325842696629215,0,False,True,False,False,True,False,False,False,False
2005-06-22,90.0,32.0,125.0,114.0,1600.0,,,,2005.0,6.0,2.0,0.256,0,False,False,False,False,False,False,False,False,True
2013-09-04,22.0,37.0,118.0,1400.0,2400.0,,,,2013.0,9.0,3.0,0.3135593220338983,0,False,True,False,False,True,False,False,False,False
2020-04-02,14.0,45.0,,,2700.0,,,,2020.0,4.0,2.0,,0,False,True,False,False,True,False,False,False,False
2019-08-01,10.0,12.0,,,700.0,,,,2019.0,8.0,3.0,,0,False,True,False,False,True,False,False,False,False
2003-06-11,130.0,35.0,131.0,55.0,2600.0,,,,2003.0,6.0,2.0,0.26717557251908397,0,False,True,False,False,True,False,False,False,False
2007-06-03,65.0,35.0,77.0,105.0,1800.0,,,,2007.0,6.0,2.0,0.45454545454545453,0,False,True,False,False,True,False,False,False,False
2021-04-06,10.0,250.0,,,2400.0,,,,2021.0,4.0,2.0,,0,False,True,False,False,True,False,False,False,False
2012-06-01,22.0,65.0,133.0,,3100.0,,,,2012.0,6.0,2.0,0.48872180451127817,0,False,True,False,False,True,False,False,False,False
2003-08-05,130.0,82.0,193.0,106.0,1400.0,,,,2003.0,8.0,3.0,0.42487046632124353,0,False,False,False,False,False,False,False,False,True
2011-09-04,32.0,45.0,216.0,1160.0,2400.0,,,,2011.0,9.0,3.0,0.20833333333333334,0,False,True,False,False,True,False,False,False,False
2005-03-29,90.0,135.0,,,3167.0,,,,2005.0,3.0,1.0,,0,False,True,False,False,True,False,False,False,False
2007-12-02,65.0,65.0,77.0,105.0,2200.0,,,,2007.0,12.0,4.0,0.8441558441558441,0,False,True,False,False,True,False,False,False,False
2010-11-22,45.0,3.0,26.0,47.0,600.0,,,,2010.0,11.0,4.0,0.11538461538461539,0,False,True,False,False,True,False,False,False,False
2012-12-03,22.0,35.0,94.0,,2300.0,,,,2012.0,12.0,4.0,0.3723404255319149,0,False,True,False,False,True,False,False,False,False
2013-09-01,22.0,37.0,118.0,1400.0,2800.0,,,,2013.0,9.0,3.0,0.3135593220338983,0,False,True,False,False,True,False,False,False,False
2017-01-03,14.0,45.0,,,2500.0,,,,2017.0,1.0,1.0,,0,False,True,False,False,True,False,False,False,False
2012-12-03,22.0,55.0,94.0,,2600.0,,,,2012.0,12.0,4.0,0.5851063829787234,0,False,True,False,False,True,False,False,False,False
2003-09-23,130.0,70.0,131.0,55.0,3067.0,,,,2003.0,9.0,3.0,0.5343511450381679,0,False,True,False,False,True,False,False,False,False
2013-06-01,32.0,35.0,246.0,1178.0,2900.0,,,,2013.0,6.0,2.0,0.14227642276422764,0,False,False,False,False,False,False,False,False,True
2009-03-30,45.0,60.0,263.0,731.0,2133.0,,,,2009.0,3.0,1.0,0.22813688212927757,0,False,True,False,False,True,False,False,False,False
2010-03-16,32.0,80.0,239.0,1170.0,2400.0,,,,2010.0,3.0,1.0,0.33472803347280333,0,False,True,False,False,True,False,False,False,False
2017-07-27,28.0,35.0,246.0,1178.0,3000.0,,,,2017.0,7.0,3.0,0.14227642276422764,0,False,False,False,False,False,False,False,False,True
2006-09-03,65.0,9.0,90.0,151.0,1066.0,,,,2006.0,9.0,3.0,0.1,0,False,True,False,False,True,False,False,False,False
2006-01-05,65.0,31.0,90.0,151.0,1992.0,,,,2006.0,1.0,1.0,0.34444444444444444,0,False,True,False,False,True,False,False,False,False
2015-06-01,22.0,165.0,160.0,1400.0,2500.0,,,,2015.0,6.0,2.0,1.03125,0,False,True,False,False,True,False,False,False,False
2008-12-01,65.0,35.0,,,2200.0,,,,2008.0,12.0,4.0,,0,False,False,False,False,False,False,False,False,True
2002-08-25,130.0,92.0,146.0,55.0,2600.0,,,,2002.0,8.0,3.0,0.6301369863013698,0,False,True,False,False,True,False,False,False,False
2017-08-01,14.0,79.0,160.0,1400.0,4100.0,,,,2017.0,8.0,3.0,0.49375,0,False,True,False,False,True,False,False,False,False
2001-01-01,130.0,62.0,101.0,63.0,1667.0,,,,2001.0,1.0,1.0,0.6138613861386139,0,False,False,False,False,False,False,False,False,True
2017-03-02,14.0,65.0,192.0,4800.0,3000.0,,,,2017.0,3.0,1.0,0.3385416666666667,0,False,False,False,False,False,False,False,False,False
2004-04-27,130.0,32.0,144.0,69.0,1800.0,,,,2004.0,4.0,2.0,0.2222222222222222,0,False,False,False,False,False,False,False,False,True
2011-11-14,32.0,130.0,435.0,2270.0,3300.0,,,,2011.0,11.0,4.0,0.2988505747126437,0,False,True,False,False,True,False,False,False,False
2010-09-01,45.0,95.0,346.0,904.0,2700.0,,,,2010.0,9.0,3.0,0.2745664739884393,0,False,False,False,False,False,False,False,False,True
2012-05-15,32.0,35.0,246.0,1178.0,1900.0,,,,2012.0,5.0,2.0,0.14227642276422764,0,False,False,False,False,False,False,False,False,True
2013-09-01,22.0,95.0,160.0,1400.0,2200.0,,,,2013.0,9.0,3.0,0.59375,0,False,True,False,False,True,False,False,False,False
2003-04-14,130.0,82.0,131.0,55.0,3000.0,,,,2003.0,4.0,2.0,0.6259541984732825,0,False,True,False,False,True,False,False,False,False
2006-01-09,90.0,110.0,199.0,233.0,2600.0,,,,2006.0,1.0,1.0,0.5527638190954773,0,False,False,False,False,False,False,False,False,True
2021-03-16,14.0,35.0,,,1300.0,,,,2021.0,3.0,1.0,,0,False,True,False,False,True,False,False,False,False
2003-12-01,130.0,68.0,,63.0,2200.0,,,,2003.0,12.0,4.0,,0,False,False,False,False,False,False,False,False,True
2006-05-17,90.0,62.0,,69.0,2200.0,,,,2006.0,5.0,2.0,,0,False,False,False,False,False,False,False,False,True
2020-04-30,14.0,65.0,,,3100.0,,,,2020.0,4.0,2.0,,0,False,True,False,False,True,False,False,False,False
2017-06-29,14.0,65.0,192.0,4800.0,3100.0,,,,2017.0,6.0,2.0,0.3385416666666667,0,False,False,False,False,False,False,False,False,False
2021-04-06,10.0,185.0,,,2900.0,,,,2021.0,4.0,2.0,,0,False,True,False,False,True,False,False,False,False
2018-02-21,14.0,50.0,213.0,4800.0,2500.0,,,,2018.0,2.0,1.0,0.2347417840375587,0,False,False,False,False,False,False,False,False,False
2004-06-28,90.0,135.0,135.0,155.0,3600.0,,,,2004.0,6.0,2.0,1.0,0,False,True,False,False,True,False,False,False,False
2012-09-27,32.0,3.0,65.0,140.0,1800.0,,,,2012.0,9.0,3.0,0.046153846153846156,0,False,True,False,False,True,False,False,False,False
2006-05-17,90.0,25.0,,69.0,2000.0,,,,2006.0,5.0,2.0,,0,False,False,False,False,False,False,False,False,True
2014-06-02,22.0,54.0,177.0,1400.0,3200.0,,,,2014.0,6.0,2.0,0.3050847457627119,0,False,True,False,False,True,False,False,False,False
2006-04-01,90.0,92.0,,106.0,3000.0,,,,2006.0,4.0,2.0,,0,False,False,False,False,False,False,False,False,True
2013-06-01,32.0,25.0,246.0,1178.0,2100.0,,,,2013.0,6.0,2.0,0.1016260162601626,0,False,False,False,False,False,False,False,False,True
2010-09-26,32.0,35.0,81.0,382.0,2667.0,,,,2010.0,9.0,3.0,0.43209876543209874,0,False,True,False,False,True,False,False,False,False
2002-09-16,130.0,35.0,131.0,55.0,2200.0,,,,2002.0,9.0,3.0,0.26717557251908397,0,False,True,False,False,True,False,False,False,False
2010-01-07,32.0,35.0,81.0,382.0,2267.0,,,,2010.0,1.0,1.0,0.43209876543209874,0,False,True,False,False,True,False,False,False,False
2018-10-03,12.0,180.0,213.0,19200.0,3500.0,,,,2018.0,10.0,4.0,0.8450704225352113,0,False,False,False,False,False,False,False,False,False
2018-09-01,14.0,95.0,,,3700.0,,,,2018.0,9.0,3.0,,0,False,True,False,False,True,False,False,False,False
2004-06-21,90.0,84.0,109.0,125.0,3200.0,,,,2004.0,6.0,2.0,0.7706422018348624,0,False,True,False,False,True,False,False,False,False
2018-10-01,14.0,28.0,123.0,,1800.0,,,,2018.0,10.0,4.0,0.22764227642276422,0,False,True,False,False,True,False,False,False,False
2009-09-24,45.0,7.0,26.0,47.0,1200.0,,,,2009.0,9.0,3.0,0.2692307692307692,0,False,True,False,False,True,False,False,False,False
2017-09-01,14.0,165.0,,,3100.0,,,,2017.0,9.0,3.0,,0,False,True,False,False,True,False,False,False,False
2020-04-30,14.0,58.0,,,4200.0,,,,2020.0,4.0,2.0,,0,False,True,False,False,True,False,False,False,False
2019-10-28,14.0,127.0,180.0,,4000.0,,,,2019.0,10.0,4.0,0.7055555555555556,0,False,True,False,False,True,False,False,False,False
2013-09-27,22.0,8.0,,,1467.0,,,,2013.0,9.0,3.0,,0,False,True,False,False,True,False,False,False,False
2005-08-01,90.0,55.0,,233.0,1800.0,,,,2005.0,8.0,3.0,,0,False,False,False,False,False,False,False,False,True
2011-06-26,32.0,130.0,239.0,1170.0,3333.0,,,,2011.0,6.0,2.0,0.5439330543933054,0,False,True,False,False,True,False,False,False,False
2017-07-11,14.0,200.0,,8000.0,3000.0,,,,2017.0,7.0,3.0,,0,False,True,False,False,True,False,False,False,False
2018-08-01,14.0,65.0,210.0,4950.0,3500.0,,,,2018.0,8.0,3.0,0.30952380952380953,0,False,False,False,False,False,False,False,False,False
2014-07-21,22.0,54.0,177.0,1400.0,3200.0,,,,2014.0,7.0,3.0,0.3050847457627119,0,False,True,False,False,True,False,False,False,False
2008-04-02,45.0,1.0,26.0,47.0,800.0,,,,2008.0,4.0,2.0,0.038461538461538464,0,False,True,False,False,True,False,False,False,False
2009-08-30,45.0,65.0,82.0,228.0,2500.0,,,,2009.0,8.0,3.0,0.7926829268292683,0,False,True,False,False,True,False,False,False,False
2006-05-23,90.0,89.0,220.0,154.0,2400.0,,,,2006.0,5.0,2.0,0.40454545454545454,0,False,False,False,False,False,False,False,False,True
2005-05-31,90.0,67.0,156.0,154.0,2000.0,,,,2005.0,5.0,2.0,0.42948717948717946,0,False,False,False,False,False,False,False,False,True
2016-01-11,28.0,95.0,246.0,1178.0,4000.0,,,,2016.0,1.0,1.0,0.3861788617886179,0,False,False,False,False,False,False,False,False,True
2013-06-01,32.0,35.0,246.0,1178.0,2500.0,,,,2013.0,6.0,2.0,0.14227642276422764,0,False,False,False,False,False,False,False,False,True
2008-03-01,65.0,65.0,118.0,221.0,1800.0,,,,2008.0,3.0,1.0,0.5508474576271186,0,False,False,False,False,False,False,False,False,True
2005-03-29,90.0,135.0,,,3000.0,,,,2005.0,3.0,1.0,,0,False,True,False,False,True,False,False,False,False
,14.0,25.0,149.0,,1900.0,,,,,,,0.16778523489932887,0,False,True,False,False,True,False,False,False,False
2010-01-07,45.0,82.0,296.0,774.0,2533.0,,,,2010.0,1.0,1.0,0.27702702702702703,0,False,True,False,False,True,False,False,False,False
2004-02-02,130.0,89.0,131.0,55.0,3400.0,,,,2004.0,2.0,1.0,0.6793893129770993,0,False,True,False,False,True,False,False,False,False
2003-06-25,130.0,73.0,146.0,55.0,2600.0,,,,2003.0,6.0,2.0,0.5,0,False,True,False,False,True,False,False,False,False
2006-05-23,90.0,62.0,183.0,154.0,2200.0,,,,2006.0,5.0,2.0,0.33879781420765026,0,False,False,False,False,False,False,False,False,True
2005-02-20,90.0,84.0,109.0,169.0,3000.0,,,,2005.0,2.0,1.0,0.7706422018348624,0,False,True,False,False,True,False,False,False,False
2008-05-01,65.0,65.0,76.0,105.0,1866.0,,,,2008.0,5.0,2.0,0.8552631578947368,0,False,True,False,False,True,False,False,False,False
2006-06-01,65.0,31.0,,,2000.0,,,,2006.0,6.0,2.0,,0,False,False,False,False,False,False,False,False,True
2004-02-14,130.0,55.0,193.0,106.0,2000.0,,,,2004.0,2.0,1.0,0.2849740932642487,0,False,False,False,False,False,False,False,False,True
2014-07-21,22.0,54.0,177.0,1400.0,3600.0,,,,2014.0,7.0,3.0,0.3050847457627119,0,False,True,False,False,True,False,False,False,False
2014-05-01,22.0,84.0,177.0,1400.0,3600.0,,,,2014.0,5.0,2.0,0.4745762711864407,0,False,True,False,False,True,False,False,False,False
2012-09-03,22.0,77.0,133.0,,3000.0,,,,2012.0,9.0,3.0,0.5789473684210527,0,False,True,False,False,True,False,False,False,False
2001-01-01,130.0,62.0,101.0,63.0,1750.0,,,,2001.0,1.0,1.0,0.6138613861386139,0,False,False,False,False,False,False,False,False,True
2017-01-03,14.0,65.0,,,3600.0,,,,2017.0,1.0,1.0,,0,False,True,False,False,True,False,False,False,False
2006-06-28,65.0,31.0,90.0,151.0,2333.0,,,,2006.0,6.0,2.0,0.34444444444444444,0,False,True,False,False,True,False,False,False,False
2006-04-19,65.0,5.0,90.0,151.0,1200.0,,,,2006.0,4.0,2.0,0.05555555555555555,0,False,True,False,False,True,False,False,False,False
2004-06-01,130.0,89.0,144.0,69.0,2200.0,,,,2004.0,6.0,2.0,0.6180555555555556,0,False,False,False,False,False,False,False,False,True
2018-02-12,14.0,65.0,210.0,4950.0,3600.0,,,,2018.0,2.0,1.0,0.30952380952380953,0,False,False,False,False,False,False,False,False,False
2020-01-06,12.0,15.0,210.0,4940.0,2600.0,,,,2020.0,1.0,1.0,0.07142857142857142,0,False,False,False,False,False,False,False,False,False
2009-10-20,45.0,25.0,117.0,410.0,1800.0,,,,2009.0,10.0,4.0,0.21367521367521367,0,False,False,False,False,False,False,False,False,True
2016-06-20,14.0,230.0,,8000.0,1300.0,,,,2016.0,6.0,2.0,,0,False,True,False,False,True,False,False,False,False
2002-09-11,130.0,89.0,217.0,55.0,2790.0,,,,2002.0,9.0,3.0,0.41013824884792627,0,False,True,False,False,True,False,False,False,False
2004-02-01,90.0,115.0,109.0,125.0,3200.0,,,,2004.0,2.0,1.0,1.055045871559633,0,False,True,False,False,True,False,False,False,False
2002-08-21,130.0,65.0,80.0,37.0,2000.0,,,,2002.0,8.0,3.0,0.8125,0,False,False,False,False,False,False,False,False,True
2007-04-01,65.0,65.0,143.0,291.0,1860.0,,,,2007.0,4.0,2.0,0.45454545454545453,0,False,True,False,False,True,False,False,False,False
2009-06-01,45.0,80.0,258.0,758.0,3100.0,,,,2009.0,6.0,2.0,0.31007751937984496,0,False,False,False,False,False,False,False,False,True
2014-05-01,22.0,54.0,177.0,1400.0,2900.0,,,,2014.0,5.0,2.0,0.3050847457627119,0,False,True,False,False,True,False,False,False,False
2011-05-22,32.0,65.0,131.0,504.0,2600.0,,,,2011.0,5.0,2.0,0.4961832061068702,0,False,True,False,False,True,False,False,False,False
2018-09-01,14.0,65.0,,,3700.0,,,,2018.0,9.0,3.0,,0,False,True,False,False,True,False,False,False,False
2006-11-30,90.0,125.0,235.0,227.0,2600.0,,,,2006.0,11.0,4.0,0.5319148936170213,0,False,False,False,False,False,False,False,False,True
2008-06-03,45.0,4.0,96.0,47.0,1600.0,,,,2008.0,6.0,2.0,0.041666666666666664,0,False,True,False,False,True,False,False,False,False
2019-07-07,7.0,65.0,74.0,3800.0,3600.0,,,,2019.0,7.0,3.0,0.8783783783783784,0,False,False,False,False,False,False,True,False,False
2003-05-21,130.0,69.0,131.0,55.0,2600.0,,,,2003.0,5.0,2.0,0.5267175572519084,0,False,True,False,False,True,False,False,False,False
2019-10-22,12.0,15.0,210.0,4940.0,2100.0,,,,2019.0,10.0,4.0,0.07142857142857142,0,False,False,False,False,False,False,False,False,False
2021-03-16,14.0,65.0,,,2700.0,,,,2021.0,3.0,1.0,,0,False,True,False,False,True,False,False,False,False
2018-02-01,14.0,65.0,,,3100.0,,,,2018.0,2.0,1.0,,0,False,True,False,False,True,False,False,False,False
2013-09-01,22.0,47.0,264.0,1400.0,2600.0,,,,2013.0,9.0,3.0,0.17803030303030304,0,False,True,False,False,True,False,False,False,False
2004-08-01,130.0,35.0,193.0,106.0,2000.0,,,,2004.0,8.0,3.0,0.18134715025906736,0,False,False,False,False,False,False,False,False,True
2000-11-20,180.0,58.0,217.0,42.0,1500.0,,,,2000.0,11.0,4.0,0.2672811059907834,0,False,True,False,False,True,False,False,False,False
2018-02-21,14.0,15.0,210.0,4950.0,2300.0,,,,2018.0,2.0,1.0,0.07142857142857142,0,False,False,False,False,False,False,False,False,False
2010-07-19,45.0,82.0,296.0,774.0,2666.0,,,,2010.0,7.0,3.0,0.27702702702702703,0,False,True,False,False,True,False,False,False,False
2009-03-30,45.0,95.0,263.0,731.0,2800.0,,,,2009.0,3.0,1.0,0.3612167300380228,0,False,True,False,False,True,False,False,False,False
2001-08-27,180.0,72.0,217.0,42.0,2000.0,,,,2001.0,8.0,3.0,0.3317972350230415,0,False,True,False,False,True,False,False,False,False
2008-06-01,65.0,32.0,,,2100.0,,,,2008.0,6.0,2.0,,0,False,False,False,False,False,False,False,False,True
2006-05-23,90.0,89.0,220.0,154.0,2400.0,,,,2006.0,5.0,2.0,0.40454545454545454,0,False,False,False,False,False,False,False,False,True
2006-07-27,65.0,75.0,143.0,291.0,2933.0,,,,2006.0,7.0,3.0,0.5244755244755245,0,False,True,False,False,True,False,False,False,False
2005-08-02,90.0,110.0,,233.0,2000.0,,,,2005.0,8.0,3.0,,0,False,False,False,False,False,False,False,False,True
2006-05-23,65.0,95.0,,,2830.0,,,,2006.0,5.0,2.0,,0,False,True,False,False,True,False,False,False,False
2016-06-20,14.0,215.0,,8000.0,1400.0,,,,2016.0,6.0,2.0,,0,False,True,False,False,True,False,False,False,False
2021-04-06,14.0,165.0,,,2800.0,,,,2021.0,4.0,2.0,,0,False,True,False,False,True,False,False,False,False
2004-06-24,90.0,84.0,109.0,125.0,2667.0,,,,2004.0,6.0,2.0,0.7706422018348624,0,False,True,False,False,True,False,False,False,False
2014-09-05,14.0,5.0,50.0,,800.0,,,,2014.0,9.0,3.0,0.1,0,False,True,False,False,True,False,False,False,False
2020-07-21,7.0,35.0,,,3300.0,,,,2020.0,7.0,3.0,,0,False,False,False,False,False,False,True,False,False
2020-09-02,10.0,28.0,,,3000.0,,,,2020.0,9.0,3.0,,0,False,True,False,False,True,False,False,False,False
2017-06-26,14.0,140.0,,,3300.0,,,,2017.0,6.0,2.0,,0,False,True,False,False,True,False,False,False,False
2004-02-01,130.0,97.0,237.0,286.0,3200.0,,,,2004.0,2.0,1.0,0.4092827004219409,0,False,True,False,False,True,False,False,False,False
2013-09-01,22.0,37.0,118.0,1400.0,2000.0,,,,2013.0,9.0,3.0,0.3135593220338983,0,False,True,False,False,True,False,False,False,False
2020-04-30,14.0,65.0,,,2800.0,,,,2020.0,4.0,2.0,,0,False,True,False,False,True,False,False,False,False
2014-10-27,14.0,5.0,50.0,,1200.0,,,,2014.0,10.0,4.0,0.1,0,False,True,False,False,True,False,False,False,False
2018-12-19,14.0,255.0,,8000.0,3100.0,,,,2018.0,12.0,4.0,,0,False,True,False,False,True,False,False,False,False
2008-09-01,65.0,35.0,,,2300.0,,,,2008.0,9.0,3.0,,0,False,False,False,False,False,False,False,False,True
2018-02-12,14.0,65.0,210.0,4950.0,3500.0,,,,2018.0,2.0,1.0,0.30952380952380953,0,False,False,False,False,False,False,False,False,False
2009-07-22,45.0,95.0,258.0,758.0,3000.0,,,,2009.0,7.0,3.0,0.3682170542635659,0,False,False,False,False,False,False,False,False,True
2020-04-14,7.0,155.0,74.0,3800.0,3500.0,,,,2020.0,4.0,2.0,2.0945945945945947,0,False,False,False,False,False,False,True,False,False
2004-06-01,90.0,88.0,112.0,125.0,2800.0,,,,2004.0,6.0,2.0,0.7857142857142857,0,False,True,False,False,True,False,False,False,False
2019-08-01,10.0,25.0,,,1300.0,,,,2019.0,8.0,3.0,,0,False,True,False,False,True,False,False,False,False
2008-08-01,65.0,22.0,77.0,122.0,1800.0,,,,2008.0,8.0,3.0,0.2857142857142857,0,False,False,False,False,False,False,False,False,True
2015-07-01,14.0,65.0,,,3400.0,,,,2015.0,7.0,3.0,,0,False,True,False,False,True,False,False,False,False
2006-12-05,65.0,65.0,126.0,154.0,2500.0,,,,2006.0,12.0,4.0,0.5158730158730159,0,False,False,False,False,False,False,False,False,True
2006-05-23,65.0,130.0,,,3730.0,,,,2006.0,5.0,2.0,,0,False,True,False,False,True,False,False,False,False
2012-09-01,32.0,35.0,131.0,504.0,1900.0,,,,2012.0,9.0,3.0,0.26717557251908397,0,False,True,False,False,True,False,False,False,False
2011-05-22,32.0,65.0,216.0,1160.0,2500.0,,,,2011.0,5.0,2.0,0.30092592592592593,0,False,True,False,False,True,False,False,False,False
2001-06-01,130.0,30.0,80.0,44.0,1000.0,,,,2001.0,6.0,2.0,0.375,0,False,True,False,False,True,False,False,False,False
2011-10-02,32.0,35.0,131.0,504.0,2200.0,,,,2011.0,10.0,4.0,0.26717557251908397,0,False,True,False,False,True,False,False,False,False
2004-05-18,130.0,82.0,193.0,106.0,1400.0,,,,2004.0,5.0,2.0,0.42487046632124353,0,False,False,False,False,False,False,False,False,True
2006-05-23,90.0,65.0,220.0,154.0,2200.0,,,,2006.0,5.0,2.0,0.29545454545454547,0,False,False,False,False,False,False,False,False,True
2010-09-21,45.0,125.0,346.0,904.0,3000.0,,,,2010.0,9.0,3.0,0.36127167630057805,0,False,False,False,False,False,False,False,False,True
2007-07-23,65.0,95.0,143.0,582.0,2400.0,,,,2007.0,7.0,3.0,0.6643356643356644,0,False,True,False,False,True,False,False,False,False
2009-04-01,45.0,35.0,107.0,410.0,2100.0,,,,2009.0,4.0,2.0,0.32710280373831774,0,False,True,False,False,True,False,False,False,False
2017-01-03,14.0,65.0,,,3400.0,,,,2017.0,1.0,1.0,,0,False,True,False,False,True,False,False,False,False
2013-12-01,22.0,54.0,177.0,1400.0,2800.0,,,,2013.0,12.0,4.0,0.3050847457627119,0,False,True,False,False,True,False,False,False,False
2006-08-27,65.0,150.0,435.0,1328.0,3166.0,,,,2006.0,8.0,3.0,0.3448275862068966,0,False,True,False,False,True,False,False,False,False
2013-06-17,22.0,300.0,350.0,5000.0,1100.0,,,,2013.0,6.0,2.0,0.8571428571428571,0,False,True,False,False,True,False,False,False,False
2014-05-01,22.0,54.0,177.0,1400.0,3600.0,,,,2014.0,5.0,2.0,0.3050847457627119,0,False,True,False,False,True,False,False,False,False
2013-06-01,32.0,65.0,246.0,1178.0,3700.0,,,,2013.0,6.0,2.0,0.26422764227642276,0,False,False,False,False,False,False,False,False,True
2005-03-29,90.0,135.0,,286.0,3167.0,,,,2005.0,3.0,1.0,,0,False,True,False,False,True,False,False,False,False
2009-01-10,45.0,65.0,82.0,228.0,2933.0,,,,2009.0,1.0,1.0,0.7926829268292683,0,False,True,False,False,True,False,False,False,False
2013-09-16,32.0,45.0,246.0,1178.0,2500.0,,,,2013.0,9.0,3.0,0.18292682926829268,0,False,False,False,False,False,False,False,False,True
2001-10-09,180.0,66.0,150.0,37.0,1533.0,,,,2001.0,10.0,4.0,0.44,0,False,False,False,False,False,False,False,False,True
2013-09-01,22.0,95.0,160.0,1400.0,1900.0,,,,2013.0,9.0,3.0,0.59375,0,False,True,False,False,True,False,False,False,False
2016-05-31,28.0,25.0,124.0,1200.0,2900.0,,,,2016.0,5.0,2.0,0.20161290322580644,0,False,False,False,False,False,False,False,False,True
2013-09-01,22.0,35.0,177.0,1400.0,2900.0,,,,2013.0,9.0,3.0,0.1977401129943503,0,False,True,False,False,True,False,False,False,False
2013-06-04,22.0,15.0,118.0,1400.0,1300.0,,,,2013.0,6.0,2.0,0.1271186440677966,0,False,True,False,False,True,False,False,False,False
2009-07-23,45.0,65.0,117.0,410.0,2800.0,,,,2009.0,7.0,3.0,0.5555555555555556,0,False,False,False,False,False,False,False,False,True
2004-05-18,130.0,82.0,193.0,106.0,1400.0,,,,2004.0,5.0,2.0,0.42487046632124353,0,False,False,False,False,False,False,False,False,True
2021-04-06,10.0,165.0,,,2100.0,,,,2021.0,4.0,2.0,,0,False,True,False,False,True,False,False,False,False
2017-01-03,14.0,51.0,,,3000.0,,,,2017.0,1.0,1.0,,0,False,True,False,False,True,False,False,False,False
2013-06-01,32.0,65.0,246.0,1178.0,3500.0,,,,2013.0,6.0,2.0,0.26422764227642276,0,False,False,False,False,False,False,False,False,True
2004-05-10,90.0,21.0,84.0,140.0,1800.0,,,,2004.0,5.0,2.0,0.25,0,False,True,False,False,True,False,False,False,False
2006-05-23,90.0,89.0,156.0,154.0,2400.0,,,,2006.0,5.0,2.0,0.5705128205128205,0,False,False,False,False,False,False,False,False,True
2012-12-04,32.0,65.0,315.0,1200.0,2600.0,,,,2012.0,12.0,4.0,0.20634920634920634,0,False,False,False,False,False,False,False,False,True
2013-09-01,22.0,95.0,160.0,1400.0,2000.0,,,,2013.0,9.0,3.0,0.59375,0,False,True,False,False,True,False,False,False,False
2017-07-27,14.0,65.0,192.0,4800.0,3100.0,,,,2017.0,7.0,3.0,0.3385416666666667,0,False,False,False,False,False,False,False,False,False
2010-10-01,45.0,125.0,346.0,904.0,3500.0,,,,2010.0,10.0,4.0,0.36127167630057805,0,False,False,False,False,False,False,False,False,True
2013-12-01,22.0,7.0,,,2170.0,,,,2013.0,12.0,4.0,,0,False,True,False,False,True,False,False,False,False
2017-01-03,14.0,35.0,,,2900.0,,,,2017.0,1.0,1.0,,0,False,True,False,False,True,False,False,False,False
2010-03-16,32.0,95.0,239.0,1170.0,2800.0,,,,2010.0,3.0,1.0,0.39748953974895396,0,False,True,False,False,True,False,False,False,False
2005-08-02,90.0,110.0,,233.0,1800.0,,,,2005.0,8.0,3.0,,0,False,False,False,False,False,False,False,False,True
2012-08-01,22.0,17.0,118.0,,1600.0,,,,2012.0,8.0,3.0,0.1440677966101695,0,False,True,False,False,True,False,False,False,False
2004-08-01,90.0,62.0,84.0,63.0,1600.0,,,,2004.0,8.0,3.0,0.7380952380952381,0,False,False,False,False,False,False,False,False,True
2009-10-01,45.0,80.0,258.0,758.0,2800.0,,,,2009.0,10.0,4.0,0.31007751937984496,0,False,False,False,False,False,False,False,False,True
2010-01-25,45.0,65.0,117.0,410.0,3100.0,,,,2010.0,1.0,1.0,0.5555555555555556,0,False,False,False,False,False,False,False,False,True
2015-03-01,14.0,15.0,,,2000.0,,,,2015.0,3.0,1.0,,0,False,True,False,False,True,False,False,False,False
2005-06-12,90.0,115.0,109.0,125.0,3400.0,,,,2005.0,6.0,2.0,1.055045871559633,0,False,True,False,False,True,False,False,False,False
2012-06-03,22.0,17.0,118.0,,1700.0,,,,2012.0,6.0,2.0,0.1440677966101695,0,False,True,False,False,True,False,False,False,False
2009-03-30,45.0,80.0,263.0,731.0,1866.0,,,,2009.0,3.0,1.0,0.3041825095057034,0,False,True,False,False,True,False,False,False,False
2012-09-01,32.0,65.0,131.0,504.0,2700.0,,,,2012.0,9.0,3.0,0.4961832061068702,0,False,True,False,False,True,False,False,False,False
2004-04-27,130.0,89.0,144.0,105.0,2400.0,,,,2004.0,4.0,2.0,0.6180555555555556,0,False,False,False,False,False,False,False,False,True
2003-06-11,130.0,66.0,131.0,55.0,2667.0,,,,2003.0,6.0,2.0,0.5038167938931297,0,False,True,False,False,True,False,False,False,False
2021-03-16,14.0,35.0,,,1500.0,,,,2021.0,3.0,1.0,,0,False,True,False,False,True,False,False,False,False
2011-11-14,32.0,115.0,316.0,2400.0,2300.0,,,,2011.0,11.0,4.0,0.3639240506329114,0,False,False,False,False,False,False,False,False,True
2012-05-01,32.0,115.0,316.0,2400.0,2400.0,,,,2012.0,5.0,2.0,0.3639240506329114,0,False,False,False,False,False,False,False,False,True
2013-09-01,22.0,130.0,160.0,1400.0,3700.0,,,,2013.0,9.0,3.0,0.8125,0,False,True,False,False,True,False,False,False,False
2008-03-27,65.0,95.0,285.0,450.0,2400.0,,,,2008.0,3.0,1.0,0.3333333333333333,0,False,False,False,False,False,False,False,False,True
2005-08-01,130.0,35.0,193.0,106.0,1600.0,,,,2005.0,8.0,3.0,0.18134715025906736,0,False,False,False,False,False,False,False,False,True
2008-03-27,65.0,95.0,285.0,450.0,2300.0,,,,2008.0,3.0,1.0,0.3333333333333333,0,False,False,False,False,False,False,False,False,True
2012-10-23,32.0,95.0,315.0,1200.0,4000.0,,,,2012.0,10.0,4.0,0.30158730158730157,0,False,False,False,False,False,False,False,False,True
2008-02-01,65.0,65.0,126.0,154.0,2800.0,,,,2008.0,2.0,1.0,0.5158730158730159,0,False,False,False,False,False,False,False,False,True
2018-04-05,14.0,28.0,123.0,,3000.0,,,,2018.0,4.0,2.0,0.22764227642276422,0,False,True,False,False,True,False,False,False,False
2014-02-23,22.0,4.0,,,1580.0,,,,2014.0,2.0,1.0,,0,False,True,False,False,True,False,False,False,False
2010-01-07,32.0,73.0,81.0,382.0,3333.0,,,,2010.0,1.0,1.0,0.9012345679012346,0,False,True,False,False,True,False,False,False,False
2017-07-11,14.0,85.0,,8000.0,2100.0,,,,2017.0,7.0,3.0,,0,False,True,False,False,True,False,False,False,False
2005-06-28,90.0,84.0,109.0,125.0,3200.0,,,,2005.0,6.0,2.0,0.7706422018348624,0,False,True,False,False,True,False,False,False,False
2005-08-02,90.0,110.0,,233.0,2200.0,,,,2005.0,8.0,3.0,,0,False,False,False,False,False,False,False,False,True
2021-03-16,14.0,65.0,,,4100.0,,,,2021.0,3.0,1.0,,0,False,True,False,False,True,False,False,False,False
2002-11-20,130.0,73.0,146.0,55.0,2100.0,,,,2002.0,11.0,4.0,0.5,0,False,True,False,False,True,False,False,False,False
2021-03-16,14.0,125.0,,,3900.0,,,,2021.0,3.0,1.0,,0,False,True,False,False,True,False,False,False,False
2019-04-02,14.0,250.0,,8000.0,2300.0,,,,2019.0,4.0,2.0,,0,False,True,False,False,True,False,False,False,False
2011-02-20,32.0,35.0,131.0,504.0,2700.0,,,,2011.0,2.0,1.0,0.26717557251908397,0,False,True,False,False,True,False,False,False,False
2012-10-02,32.0,65.0,246.0,1178.0,3600.0,,,,2012.0,10.0,4.0,0.26422764227642276,0,False,False,False,False,False,False,False,False,True
2014-05-01,22.0,88.0,177.0,1400.0,4000.0,,,,2014.0,5.0,2.0,0.4971751412429379,0,False,True,False,False,True,False,False,False,False
2004-12-01,90.0,84.0,109.0,125.0,3060.0,,,,2004.0,12.0,4.0,0.7706422018348624,0,False,True,False,False,True,False,False,False,False
2001-07-01,130.0,30.0,80.0,44.0,1000.0,,,,2001.0,7.0,3.0,0.375,0,False,True,False,False,True,False,False,False,False
2021-01-12,7.0,35.0,156.0,9800.0,2800.0,,,,2021.0,1.0,1.0,0.22435897435897437,0,False,False,False,False,False,False,True,False,False
2019-11-25,7.0,280.0,74.0,3800.0,3700.0,,,,2019.0,11.0,4.0,3.7837837837837838,0,False,False,False,False,False,False,True,False,False
2001-01-01,90.0,84.0,109.0,125.0,3060.0,,,,2001.0,1.0,1.0,0.7706422018348624,0,False,True,False,False,True,False,False,False,False
2008-04-21,65.0,45.0,126.0,154.0,2300.0,,,,2008.0,4.0,2.0,0.35714285714285715,0,False,False,False,False,False,False,False,False,True
2007-11-30,45.0,130.0,107.0,820.0,3000.0,,,,2007.0,11.0,4.0,1.2149532710280373,0,False,True,False,False,True,False,False,False,False
2011-11-01,32.0,10.0,66.0,176.0,2133.0,,,,2011.0,11.0,4.0,0.15151515151515152,0,False,True,False,False,True,False,False,False,False
2021-04-06,14.0,150.0,,,2500.0,,,,2021.0,4.0,2.0,,0,False,True,False,False,True,False,False,False,False
2017-04-11,14.0,65.0,192.0,4800.0,3200.0,,,,2017.0,4.0,2.0,0.3385416666666667,0,False,False,False,False,False,False,False,False,False
2001-10-09,180.0,63.0,150.0,37.0,1400.0,,,,2001.0,10.0,4.0,0.42,0,False,False,False,False,False,False,False,False,True
2020-02-07,7.0,280.0,74.0,3800.0,2900.0,,,,2020.0,2.0,1.0,3.7837837837837838,0,False,False,False,False,False,False,True,False,False
2013-06-17,22.0,245.0,350.0,5000.0,1053.0,,,,2013.0,6.0,2.0,0.7,0,False,True,False,False,True,False,False,False,False
2012-12-11,32.0,6.0,,,1600.0,,,,2012.0,12.0,4.0,,0,False,True,False,False,True,False,False,False,False
2005-04-14,130.0,62.0,,105.0,2000.0,,,,2005.0,4.0,2.0,,0,False,False,False,False,False,False,False,False,True
2006-01-16,65.0,130.0,140.0,376.0,3400.0,,,,2006.0,1.0,1.0,0.9285714285714286,0,False,True,False,False,True,False,False,False,False
2011-11-14,32.0,100.0,228.0,1178.0,3000.0,,,,2011.0,11.0,4.0,0.43859649122807015,0,False,False,False,False,False,False,False,False,True
2001-07-02,180.0,61.0,217.0,42.0,1600.0,,,,2001.0,7.0,3.0,0.28110599078341014,0,False,True,False,False,True,False,False,False,False
2015-07-02,14.0,65.0,177.0,,3300.0,,,,2015.0,7.0,3.0,0.3672316384180791,0,False,True,False,False,True,False,False,False,False
2015-06-01,22.0,115.0,160.0,1400.0,2100.0,,,,2015.0,6.0,2.0,0.71875,0,False,True,False,False,True,False,False,False,False
2019-08-07,7.0,225.0,74.0,3800.0,2400.0,,,,2019.0,8.0,3.0,3.0405405405405403,0,False,False,False,False,False,False,True,False,False
2009-01-08,45.0,125.0,258.0,758.0,3000.0,,,,2009.0,1.0,1.0,0.4844961240310077,0,False,False,False,False,False,False,False,False,True
2013-09-01,22.0,80.0,160.0,1400.0,2400.0,,,,2013.0,9.0,3.0,0.5,0,False,True,False,False,True,False,False,False,False
2020-04-30,14.0,95.0,,,4100.0,,,,2020.0,4.0,2.0,,0,False,True,False,False,True,False,False,False,False
2004-10-19,90.0,89.0,115.0,105.0,2400.0,,,,2004.0,10.0,4.0,0.7739130434782608,0,False,False,False,False,False,False,False,False,True
2011-06-01,32.0,17.0,149.0,624.0,1600.0,,,,2011.0,6.0,2.0,0.11409395973154363,0,False,True,False,False,True,False,False,False,False
2007-04-09,65.0,130.0,143.0,582.0,2933.0,,,,2007.0,4.0,2.0,0.9090909090909091,0,False,True,False,False,True,False,False,False,False
2019-04-23,14.0,65.0,180.0,,3100.0,,,,2019.0,4.0,2.0,0.3611111111111111,0,False,True,False,False,True,False,False,False,False
2019-07-07,7.0,65.0,74.0,3800.0,3600.0,,,,2019.0,7.0,3.0,0.8783783783783784,0,False,False,False,False,False,False,True,False,False
2014-09-01,22.0,140.0,356.0,2600.0,3000.0,,,,2014.0,9.0,3.0,0.39325842696629215,0,False,True,False,False,True,False,False,False,False
2011-09-04,32.0,65.0,131.0,504.0,2500.0,,,,2011.0,9.0,3.0,0.4961832061068702,0,False,True,False,False,True,False,False,False,False
2015-09-01,14.0,51.0,150.0,1400.0,3300.0,,,,2015.0,9.0,3.0,0.34,0,False,True,False,False,True,False,False,False,False
2010-11-22,45.0,3.0,26.0,47.0,600.0,,,,2010.0,11.0,4.0,0.11538461538461539,0,False,True,False,False,True,False,False,False,False
2003-06-01,130.0,110.0,146.0,55.0,3060.0,,,,2003.0,6.0,2.0,0.7534246575342466,0,False,True,False,False,True,False,False,False,False
2017-01-03,14.0,65.0,,,3000.0,,,,2017.0,1.0,1.0,,0,False,True,False,False,True,False,False,False,False
2001-07-01,130.0,30.0,80.0,44.0,1200.0,,,,2001.0,7.0,3.0,0.375,0,False,True,False,False,True,False,False,False,False
2001-01-01,130.0,25.0,144.0,69.0,1800.0,,,,2001.0,1.0,1.0,0.1736111111111111,0,False,False,False,False,False,False,False,False,True
2010-03-16,32.0,95.0,239.0,1170.0,2933.0,,,,2010.0,3.0,1.0,0.39748953974895396,0,False,True,False,False,True,False,False,False,False
2017-07-29,14.0,140.0,213.0,9600.0,3200.0,,,,2017.0,7.0,3.0,0.6572769953051644,0,False,False,False,False,False,False,False,False,False
2011-09-04,32.0,45.0,216.0,1160.0,2400.0,,,,2011.0,9.0,3.0,0.20833333333333334,0,False,True,False,False,True,False,False,False,False
2008-11-17,45.0,130.0,263.0,731.0,2666.0,,,,2008.0,11.0,4.0,0.49429657794676807,0,False,True,False,False,True,False,False,False,False
2009-08-30,45.0,65.0,82.0,228.0,2400.0,,,,2009.0,8.0,3.0,0.7926829268292683,0,False,True,False,False,True,False,False,False,False
2019-04-23,14.0,65.0,,,3000.0,,,,2019.0,4.0,2.0,,0,False,True,False,False,True,False,False,False,False
2005-12-01,90.0,135.0,213.0,200.0,3000.0,,,,2005.0,12.0,4.0,0.6338028169014085,0,False,True,False,False,True,False,False,False,False
2011-04-03,32.0,95.0,216.0,1160.0,3100.0,,,,2011.0,4.0,2.0,0.4398148148148148,0,False,True,False,False,True,False,False,False,False
2006-01-05,65.0,27.0,90.0,151.0,1660.0,,,,2006.0,1.0,1.0,0.3,0,False,True,False,False,True,False,False,False,False
2012-06-01,22.0,35.0,6.0,,2900.0,,,,2012.0,6.0,2.0,5.833333333333333,0,False,True,False,False,True,False,False,False,False
2004-06-21,90.0,84.0,109.0,125.0,3000.0,,,,2004.0,6.0,2.0,0.7706422018348624,0,False,True,False,False,True,False,False,False,False
2005-02-20,90.0,84.0,109.0,169.0,3400.0,,,,2005.0,2.0,1.0,0.7706422018348624,0,False,True,False,False,True,False,False,False,False
2009-11-01,45.0,130.0,263.0,731.0,3200.0,,,,2009.0,11.0,4.0,0.49429657794676807,0,False,True,False,False,True,False,False,False,False
2009-05-09,45.0,65.0,82.0,228.0,2800.0,,,,2009.0,5.0,2.0,0.7926829268292683,0,False,True,False,False,True,False,False,False,False
2021-03-16,14.0,35.0,,,3000.0,,,,2021.0,3.0,1.0,,0,False,True,False,False,True,False,False,False,False
2001-01-01,130.0,53.0,80.0,37.0,1600.0,,,,2001.0,1.0,1.0,0.6625,0,False,False,False,False,False,False,False,False,True
2013-05-23,32.0,4.0,246.0,1178.0,1000.0,,,,2013.0,5.0,2.0,0.016260162601626018,0,False,False,False,False,False,False,False,False,True
2002-04-23,130.0,89.0,217.0,55.0,2394.0,,,,2002.0,4.0,2.0,0.41013824884792627,0,False,True,False,False,True,False,False,False,False
2003-08-05,130.0,82.0,193.0,106.0,1600.0,,,,2003.0,8.0,3.0,0.42487046632124353,0,False,False,False,False,False,False,False,False,True
2004-06-24,90.0,84.0,109.0,125.0,2800.0,,,,2004.0,6.0,2.0,0.7706422018348624,0,False,True,False,False,True,False,False,False,False
2012-05-14,22.0,69.0,160.0,1400.0,3600.0,,,,2012.0,5.0,2.0,0.43125,0,False,True,False,False,True,False,False,False,False
2011-09-04,32.0,45.0,216.0,1160.0,2500.0,,,,2011.0,9.0,3.0,0.20833333333333334,0,False,True,False,False,True,False,False,False,False
2013-09-01,22.0,130.0,160.0,1400.0,3400.0,,,,2013.0,9.0,3.0,0.8125,0,False,True,False,False,True,False,False,False,False
2020-09-17,14.0,45.0,,,2200.0,,,,2020.0,9.0,3.0,,0,False,True,False,False,True,False,False,False,False
2018-12-21,14.0,35.0,192.0,4800.0,3400.0,,,,2018.0,12.0,4.0,0.18229166666666666,0,False,False,False,False,False,False,False,False,True
2010-05-04,45.0,1.0,65.0,140.0,800.0,,,,2010.0,5.0,2.0,0.015384615384615385,0,False,True,False,False,True,False,False,False,False
2011-06-19,32.0,17.0,131.0,504.0,1100.0,,,,2011.0,6.0,2.0,0.1297709923664122,0,False,True,False,False,True,False,False,False,False
2010-02-14,32.0,130.0,239.0,1170.0,3333.0,,,,2010.0,2.0,1.0,0.5439330543933054,0,False,True,False,False,True,False,False,False,False
2006-05-28,65.0,84.0,109.0,125.0,3200.0,,,,2006.0,5.0,2.0,0.7706422018348624,0,False,True,False,False,True,False,False,False,False
2014-10-27,14.0,5.0,50.0,,1100.0,,,,2014.0,10.0,4.0,0.1,0,False,True,False,False,True,False,False,False,False
2008-08-31,65.0,35.0,77.0,105.0,2200.0,,,,2008.0,8.0,3.0,0.45454545454545453,0,False,True,False,False,True,False,False,False,False
2021-03-15,7.0,200.0,,,2850.0,,,,2021.0,3.0,1.0,,0,False,False,False,False,False,False,True,False,False
2001-01-01,130.0,68.0,101.0,63.0,2167.0,,,,2001.0,1.0,1.0,0.6732673267326733,0,False,False,False,False,False,False,False,False,True
2018-04-02,14.0,35.0,,,1700.0,,,,2018.0,4.0,2.0,,0,False,True,False,False,True,False,False,False,False
2014-02-23,22.0,7.0,,,2160.0,,,,2014.0,2.0,1.0,,0,False,True,False,False,True,False,False,False,False
2012-12-04,32.0,25.0,315.0,1200.0,1900.0,,,,2012.0,12.0,4.0,0.07936507936507936,0,False,False,False,False,False,False,False,False,True
2011-01-04,40.0,9.0,75.0,,1200.0,,,,2011.0,1.0,1.0,0.12,0,False,False,False,False,False,False,False,False,True
2020-01-06,7.0,35.0,156.0,9800.0,2900.0,,,,2020.0,1.0,1.0,0.22435897435897437,0,False,False,False,False,False,False,True,False,False
2006-01-04,90.0,35.0,125.0,114.0,2400.0,,,,2006.0,1.0,1.0,0.28,0,False,False,False,False,False,False,False,False,True
2011-06-19,32.0,35.0,131.0,504.0,1600.0,,,,2011.0,6.0,2.0,0.26717557251908397,0,False,True,False,False,True,False,False,False,False
2020-04-30,14.0,65.0,,,2900.0,,,,2020.0,4.0,2.0,,0,False,True,False,False,True,False,False,False,False
2005-09-26,90.0,95.0,,233.0,2400.0,,,,2005.0,9.0,3.0,,0,False,False,False,False,False,False,False,False,True
2013-06-07,22.0,47.0,264.0,1400.0,2400.0,,,,2013.0,6.0,2.0,0.17803030303030304,0,False,True,False,False,True,False,False,False,False
2020-09-02,10.0,15.0,,,1100.0,,,,2020.0,9.0,3.0,,0,False,True,False,False,True,False,False,False,False
2009-06-02,45.0,10.0,107.0,410.0,1300.0,,,,2009.0,6.0,2.0,0.09345794392523364,0,False,True,False,False,True,False,False,False,False
2005-05-26,90.0,130.0,206.0,169.0,2800.0,,,,2005.0,5.0,2.0,0.6310679611650486,0,False,True,False,False,True,False,False,False,False
2010-09-14,45.0,3.0,26.0,47.0,1000.0,,,,2010.0,9.0,3.0,0.11538461538461539,0,False,True,False,False,True,False,False,False,False
2006-06-26,65.0,80.0,,,3000.0,,,,2006.0,6.0,2.0,,0,False,True,False,False,True,False,False,False,False
2005-03-01,90.0,55.0,,106.0,2200.0,,,,2005.0,3.0,1.0,,0,False,False,False,False,False,False,False,False,True
2011-09-01,32.0,35.0,149.0,624.0,2100.0,,,,2011.0,9.0,3.0,0.2348993288590604,0,False,True,False,False,True,False,False,False,False
2005-08-02,90.0,104.0,,106.0,2600.0,,,,2005.0,8.0,3.0,,0,False,False,False,False,False,False,False,False,True
2002-06-10,130.0,60.0,80.0,37.0,1667.0,,,,2002.0,6.0,2.0,0.75,0,False,False,False,False,False,False,False,False,True
2016-09-01,28.0,25.0,,,2400.0,,,,2016.0,9.0,3.0,,0,False,False,False,False,False,False,False,False,True
2005-08-01,90.0,55.0,,233.0,1600.0,,,,2005.0,8.0,3.0,,0,False,False,False,False,False,False,False,False,True
2010-09-21,45.0,80.0,258.0,758.0,3300.0,,,,2010.0,9.0,3.0,0.31007751937984496,0,False,False,False,False,False,False,False,False,True
2010-06-20,32.0,35.0,81.0,384.0,1877.0,,,,2010.0,6.0,2.0,0.43209876543209874,0,False,True,False,False,True,False,False,False,False
2008-06-03,45.0,8.0,96.0,47.0,1600.0,,,,2008.0,6.0,2.0,0.08333333333333333,0,False,True,False,False,True,False,False,False,False
2004-12-01,90.0,84.0,109.0,125.0,2660.0,,,,2004.0,12.0,4.0,0.7706422018348624,0,False,True,False,False,True,False,False,False,False
2014-05-22,22.0,7.0,,,1830.0,,,,2014.0,5.0,2.0,,0,False,True,False,False,True,False,False,False,False
2012-09-01,22.0,35.0,118.0,1400.0,2400.0,,,,2012.0,9.0,3.0,0.2966101694915254,0,False,True,False,False,True,False,False,False,False
2012-10-23,32.0,95.0,315.0,1200.0,3500.0,,,,2012.0,10.0,4.0,0.30158730158730157,0,False,False,False,False,False,False,False,False,True
2013-02-06,45.0,65.0,117.0,410.0,3600.0,,,,2013.0,2.0,1.0,0.5555555555555556,0,False,False,False,False,False,False,False,False,True
2012-11-05,32.0,85.0,315.0,2400.0,1800.0,,,,2012.0,11.0,4.0,0.2698412698412698,0,False,False,False,False,False,False,False,False,True
2001-07-01,130.0,29.0,80.0,44.0,1133.0,,,,2001.0,7.0,3.0,0.3625,0,False,True,False,False,True,False,False,False,False
2006-01-16,65.0,130.0,140.0,376.0,2800.0,,,,2006.0,1.0,1.0,0.9285714285714286,0,False,True,False,False,True,False,False,False,False
2005-02-21,90.0,115.0,109.0,169.0,3733.0,,,,2005.0,2.0,1.0,1.055045871559633,0,False,True,False,False,True,False,False,False,False
2010-05-04,45.0,2.0,65.0,140.0,1600.0,,,,2010.0,5.0,2.0,0.03076923076923077,0,False,True,False,False,True,False,False,False,False
2016-01-14,28.0,25.0,,,1700.0,,,,2016.0,1.0,1.0,,0,False,False,False,False,False,False,False,False,True
2007-02-20,65.0,45.0,77.0,122.0,2000.0,,,,2007.0,2.0,1.0,0.5844155844155844,0,False,False,False,False,False,False,False,False,True
2018-12-11,14.0,205.0,,8000.0,2900.0,,,,2018.0,12.0,4.0,,0,False,True,False,False,True,False,False,False,False
2015-03-01,14.0,15.0,,,1800.0,,,,2015.0,3.0,1.0,,0,False,True,False,False,True,False,False,False,False
2021-04-06,14.0,150.0,,,2500.0,,,,2021.0,4.0,2.0,,0,False,True,False,False,True,False,False,False,False
2009-03-30,45.0,80.0,263.0,731.0,2400.0,,,,2009.0,3.0,1.0,0.3041825095057034,0,False,True,False,False,True,False,False,False,False
2008-03-24,45.0,136.0,107.0,820.0,3200.0,,,,2008.0,3.0,1.0,1.2710280373831775,0,False,True,False,False,True,False,False,False,False
2004-05-18,130.0,30.0,193.0,106.0,1400.0,,,,2004.0,5.0,2.0,0.15544041450777202,0,False,False,False,False,False,False,False,False,True
2010-09-14,45.0,3.0,26.0,47.0,1300.0,,,,2010.0,9.0,3.0,0.11538461538461539,0,False,True,False,False,True,False,False,False,False
2011-12-20,32.0,35.0,228.0,1178.0,1600.0,,,,2011.0,12.0,4.0,0.15350877192982457,0,False,False,False,False,False,False,False,False,True
2018-04-05,14.0,28.0,123.0,,2300.0,,,,2018.0,4.0,2.0,0.22764227642276422,0,False,True,False,False,True,False,False,False,False
2008-12-01,65.0,35.0,,,2100.0,,,,2008.0,12.0,4.0,,0,False,False,False,False,False,False,False,False,True
2010-01-07,32.0,35.0,81.0,384.0,2677.0,,,,2010.0,1.0,1.0,0.43209876543209874,0,False,True,False,False,True,False,False,False,False
2008-02-01,65.0,65.0,126.0,154.0,2900.0,,,,2008.0,2.0,1.0,0.5158730158730159,0,False,False,False,False,False,False,False,False,True
2021-03-16,14.0,65.0,,,2500.0,,,,2021.0,3.0,1.0,,0,False,True,False,False,True,False,False,False,False
2001-01-01,130.0,62.0,101.0,63.0,2000.0,,,,2001.0,1.0,1.0,0.6138613861386139,0,False,False,False,False,False,False,False,False,True
2012-11-01,22.0,35.0,160.0,,2800.0,,,,2012.0,11.0,4.0,0.21875,0,False,True,False,False,True,False,False,False,False
2009-02-09,45.0,95.0,258.0,758.0,2800.0,,,,2009.0,2.0,1.0,0.3682170542635659,0,False,False,False,False,False,False,False,False,True
2019-08-07,7.0,120.0,74.0,3800.0,2800.0,,,,2019.0,8.0,3.0,1.6216216216216217,0,False,False,False,False,False,False,True,False,False
2007-10-08,65.0,45.0,126.0,154.0,1900.0,,,,2007.0,10.0,4.0,0.35714285714285715,0,False,False,False,False,False,False,False,False,True
2013-09-01,22.0,84.0,177.0,1400.0,3500.0,,,,2013.0,9.0,3.0,0.4745762711864407,0,False,True,False,False,True,False,False,False,False
2006-01-16,65.0,130.0,140.0,376.0,3460.0,,,,2006.0,1.0,1.0,0.9285714285714286,0,False,True,False,False,True,False,False,False,False
2014-04-01,22.0,37.0,264.0,1400.0,2300.0,,,,2014.0,4.0,2.0,0.14015151515151514,0,False,True,False,False,True,False,False,False,False
2005-02-15,130.0,62.0,144.0,69.0,1800.0,,,,2005.0,2.0,1.0,0.4305555555555556,0,False,False,False,False,False,False,False,False,True
2005-02-14,90.0,135.0,169.0,178.0,3000.0,,,,2005.0,2.0,1.0,0.7988165680473372,0,False,True,False,False,True,False,False,False,False
2011-10-01,32.0,35.0,149.0,624.0,2400.0,,,,2011.0,10.0,4.0,0.2348993288590604,0,False,True,False,False,True,False,False,False,False
2021-04-06,14.0,150.0,,,2400.0,,,,2021.0,4.0,2.0,,0,False,True,False,False,True,False,False,False,False
2008-01-01,65.0,65.0,126.0,154.0,2800.0,,,,2008.0,1.0,1.0,0.5158730158730159,0,False,False,False,False,False,False,False,False,True
2012-05-15,32.0,35.0,246.0,1178.0,2700.0,,,,2012.0,5.0,2.0,0.14227642276422764,0,False,False,False,False,False,False,False,False,True
2020-07-21,7.0,65.0,,,3700.0,,,,2020.0,7.0,3.0,,0,False,False,False,False,False,False,True,False,False
2021-04-06,10.0,205.0,,,3000.0,,,,2021.0,4.0,2.0,,0,False,True,False,False,True,False,False,False,False
2017-10-26,14.0,15.0,246.0,,2200.0,,,,2017.0,10.0,4.0,0.06097560975609756,0,False,False,False,False,False,False,False,False,False
2021-04-06,14.0,250.0,,,2900.0,,,,2021.0,4.0,2.0,,0,False,True,False,False,True,False,False,False,False
2007-09-25,65.0,65.0,126.0,154.0,2600.0,,,,2007.0,9.0,3.0,0.5158730158730159,0,False,False,False,False,False,False,False,False,True
2013-05-23,32.0,15.0,246.0,1178.0,1400.0,,,,2013.0,5.0,2.0,0.06097560975609756,0,False,False,False,False,False,False,False,False,True
2006-03-06,90.0,95.0,,233.0,2800.0,,,,2006.0,3.0,1.0,,0,False,False,False,False,False,False,False,False,True
2011-06-01,32.0,35.0,149.0,624.0,2200.0,,,,2011.0,6.0,2.0,0.2348993288590604,0,False,True,False,False,True,False,False,False,False
2007-07-01,65.0,75.0,143.0,291.0,3000.0,,,,2007.0,7.0,3.0,0.5244755244755245,0,False,True,False,False,True,False,False,False,False
2011-12-20,32.0,100.0,228.0,1178.0,3000.0,,,,2011.0,12.0,4.0,0.43859649122807015,0,False,False,False,False,False,False,False,False,True
2004-07-28,130.0,62.0,80.0,37.0,1992.0,,,,2004.0,7.0,3.0,0.775,0,False,False,False,False,False,False,False,False,True
2018-01-01,14.0,65.0,,,3100.0,,,,2018.0,1.0,1.0,,0,False,True,False,False,True,False,False,False,False
2017-04-11,14.0,95.0,192.0,4800.0,3600.0,,,,2017.0,4.0,2.0,0.4947916666666667,0,False,False,False,False,False,False,False,False,False
2001-01-01,90.0,84.0,109.0,125.0,2933.0,,,,2001.0,1.0,1.0,0.7706422018348624,0,False,True,False,False,True,False,False,False,False
2018-04-02,14.0,51.0,,,3900.0,,,,2018.0,4.0,2.0,,0,False,True,False,False,True,False,False,False,False
2010-05-31,45.0,300.0,684.0,2300.0,1200.0,,,,2010.0,5.0,2.0,0.43859649122807015,0,False,True,False,False,True,False,False,False,False
2008-06-01,65.0,8.0,77.0,122.0,1000.0,,,,2008.0,6.0,2.0,0.1038961038961039,0,False,False,False,False,False,False,False,False,True
2010-09-26,32.0,35.0,81.0,382.0,2667.0,,,,2010.0,9.0,3.0,0.43209876543209874,0,False,True,False,False,True,False,False,False,False
2004-04-27,130.0,89.0,144.0,69.0,2200.0,,,,2004.0,4.0,2.0,0.6180555555555556,0,False,False,False,False,False,False,False,False,True
2015-09-01,14.0,51.0,150.0,1400.0,3900.0,,,,2015.0,9.0,3.0,0.34,0,False,True,False,False,True,False,False,False,False
2007-05-27,65.0,35.0,143.0,293.0,2400.0,,,,2007.0,5.0,2.0,0.24475524475524477,0,False,True,False,False,True,False,False,False,False
2011-12-20,32.0,65.0,228.0,1178.0,2500.0,,,,2011.0,12.0,4.0,0.2850877192982456,0,False,False,False,False,False,False,False,False,True
2006-07-27,65.0,35.0,143.0,293.0,2000.0,,,,2006.0,7.0,3.0,0.24475524475524477,0,False,True,False,False,True,False,False,False,False
2020-09-02,10.0,15.0,,,1800.0,,,,2020.0,9.0,3.0,,0,False,True,False,False,True,False,False,False,False
2003-06-11,130.0,70.0,131.0,55.0,3067.0,,,,2003.0,6.0,2.0,0.5343511450381679,0,False,True,False,False,True,False,False,False,False
2020-01-06,7.0,54.0,156.0,9800.0,2900.0,,,,2020.0,1.0,1.0,0.34615384615384615,0,False,False,False,False,False,False,True,False,False
2018-10-01,12.0,65.0,192.0,4800.0,3600.0,,,,2018.0,10.0,4.0,0.3385416666666667,0,False,False,False,False,False,False,False,False,False
2002-01-07,130.0,92.0,146.0,55.0,2200.0,,,,2002.0,1.0,1.0,0.6301369863013698,0,False,True,False,False,True,False,False,False,False
2008-11-30,65.0,65.0,77.0,105.0,2200.0,,,,2008.0,11.0,4.0,0.8441558441558441,0,False,True,False,False,True,False,False,False,False
2011-05-22,32.0,65.0,131.0,504.0,2600.0,,,,2011.0,5.0,2.0,0.4961832061068702,0,False,True,False,False,True,False,False,False,False
2008-08-15,65.0,95.0,285.0,450.0,2500.0,,,,2008.0,8.0,3.0,0.3333333333333333,0,False,False,False,False,False,False,False,False,True
2001-08-27,180.0,72.0,217.0,42.0,2000.0,,,,2001.0,8.0,3.0,0.3317972350230415,0,False,True,False,False,True,False,False,False,False
2018-10-19,14.0,165.0,,,3800.0,,,,2018.0,10.0,4.0,,0,False,True,False,False,True,False,False,False,False
2006-12-05,65.0,65.0,126.0,154.0,2300.0,,,,2006.0,12.0,4.0,0.5158730158730159,0,False,False,False,False,False,False,False,False,True
2009-05-31,65.0,65.0,77.0,105.0,2400.0,,,,2009.0,5.0,2.0,0.8441558441558441,0,False,True,False,False,True,False,False,False,False
2008-04-23,65.0,95.0,285.0,450.0,2300.0,,,,2008.0,4.0,2.0,0.3333333333333333,0,False,False,False,False,False,False,False,False,True
2003-08-05,130.0,89.0,193.0,106.0,2000.0,,,,2003.0,8.0,3.0,0.46113989637305697,0,False,False,False,False,False,False,False,False,True
2020-07-21,12.0,35.0,,,3400.0,,,,2020.0,7.0,3.0,,0,False,False,False,False,False,False,False,False,False
2018-04-02,14.0,51.0,,,3700.0,,,,2018.0,4.0,2.0,,0,False,True,False,False,True,False,False,False,False
2020-04-02,14.0,45.0,,,2600.0,,,,2020.0,4.0,2.0,,0,False,True,False,False,True,False,False,False,False
2010-09-21,45.0,95.0,169.0,300.0,3100.0,,,,2010.0,9.0,3.0,0.5621301775147929,0,False,False,False,False,False,False,False,False,True
2005-03-29,90.0,135.0,,,3334.0,,,,2005.0,3.0,1.0,,0,False,True,False,False,True,False,False,False,False
2013-06-01,32.0,35.0,246.0,1178.0,2500.0,,,,2013.0,6.0,2.0,0.14227642276422764,0,False,False,False,False,False,False,False,False,True
2008-08-01,45.0,45.0,107.0,,2267.0,,,,2008.0,8.0,3.0,0.4205607476635514,0,False,True,False,False,True,False,False,False,False
2011-02-14,32.0,95.0,239.0,1170.0,3200.0,,,,2011.0,2.0,1.0,0.39748953974895396,0,False,True,False,False,True,False,False,False,False
2009-03-02,45.0,2.0,26.0,47.0,1100.0,,,,2009.0,3.0,1.0,0.07692307692307693,0,False,True,False,False,True,False,False,False,False
2021-03-15,7.0,225.0,,,2000.0,,,,2021.0,3.0,1.0,,0,False,False,False,False,False,False,True,False,False
2017-06-29,14.0,170.0,213.0,4800.0,2400.0,,,,2017.0,6.0,2.0,0.7981220657276995,0,False,False,False,False,False,False,False,False,False
2012-09-03,22.0,45.0,160.0,1400.0,2700.0,,,,2012.0,9.0,3.0,0.28125,0,False,True,False,False,True,False,False,False,False
2001-01-01,130.0,62.0,101.0,63.0,2200.0,,,,2001.0,1.0,1.0,0.6138613861386139,0,False,False,False,False,False,False,False,False,True
2001-10-09,180.0,60.0,150.0,63.0,1333.0,,,,2001.0,10.0,4.0,0.4,0,False,False,False,False,False,False,False,False,True
2012-06-01,22.0,35.0,118.0,,2700.0,,,,2012.0,6.0,2.0,0.2966101694915254,0,False,True,False,False,True,False,False,False,False
2013-12-01,22.0,54.0,177.0,1400.0,2400.0,,,,2013.0,12.0,4.0,0.3050847457627119,0,False,True,False,False,True,False,False,False,False
2013-06-17,22.0,300.0,350.0,5000.0,1100.0,,,,2013.0,6.0,2.0,0.8571428571428571,0,False,True,False,False,True,False,False,False,False
2008-03-01,65.0,65.0,118.0,221.0,2200.0,,,,2008.0,3.0,1.0,0.5508474576271186,0,False,False,False,False,False,False,False,False,True
2005-09-26,90.0,95.0,,233.0,1800.0,,,,2005.0,9.0,3.0,,0,False,False,False,False,False,False,False,False,True
2011-04-03,32.0,80.0,216.0,1160.0,3100.0,,,,2011.0,4.0,2.0,0.37037037037037035,0,False,True,False,False,True,False,False,False,False
2012-10-02,32.0,65.0,246.0,1178.0,3200.0,,,,2012.0,10.0,4.0,0.26422764227642276,0,False,False,False,False,False,False,False,False,True
2010-01-01,45.0,95.0,258.0,758.0,2800.0,,,,2010.0,1.0,1.0,0.3682170542635659,0,False,False,False,False,False,False,False,False,True
2009-03-30,45.0,130.0,263.0,731.0,2666.0,,,,2009.0,3.0,1.0,0.49429657794676807,0,False,True,False,False,True,False,False,False,False
2013-09-01,22.0,130.0,257.0,1860.0,3700.0,,,,2013.0,9.0,3.0,0.5058365758754864,0,False,True,False,False,True,False,False,False,False
2014-10-27,14.0,5.0,50.0,,800.0,,,,2014.0,10.0,4.0,0.1,0,False,True,False,False,True,False,False,False,False
2010-03-16,45.0,80.0,263.0,731.0,2000.0,,,,2010.0,3.0,1.0,0.3041825095057034,0,False,True,False,False,True,False,False,False,False
2021-03-15,7.0,225.0,,,2750.0,,,,2021.0,3.0,1.0,,0,False,False,False,False,False,False,True,False,False
2020-07-14,7.0,280.0,74.0,3800.0,3500.0,,,,2020.0,7.0,3.0,3.7837837837837838,0,False,False,False,False,False,False,True,False,False
2020-07-14,7.0,280.0,74.0,3800.0,4000.0,,,,2020.0,7.0,3.0,3.7837837837837838,0,False,False,False,False,False,False,True,False,False
2021-04-06,14.0,150.0,,,2000.0,,,,2021.0,4.0,2.0,,0,False,True,False,False,True,False,False,False,False
2015-03-01,14.0,28.0,,,2700.0,,,,2015.0,3.0,1.0,,0,False,True,False,False,True,False,False,False,False
2017-01-03,14.0,35.0,,,2900.0,,,,2017.0,1.0,1.0,,0,False,True,False,False,True,False,False,False,False
2017-07-17,14.0,35.0,,,3600.0,,,,2017.0,7.0,3.0,,0,False,True,False,False,True,False,False,False,False
2017-01-03,14.0,51.0,,,2900.0,,,,2017.0,1.0,1.0,,0,False,True,False,False,True,False,False,False,False
2007-08-20,90.0,125.0,230.0,227.0,3200.0,,,,2007.0,8.0,3.0,0.5434782608695652,0,False,False,False,False,False,False,False,False,True
2019-04-23,14.0,62.0,,,3700.0,,,,2019.0,4.0,2.0,,0,False,True,False,False,True,False,False,False,False
2007-07-15,65.0,130.0,143.0,582.0,3000.0,,,,2007.0,7.0,3.0,0.9090909090909091,0,False,True,False,False,True,False,False,False,False
2008-01-01,45.0,65.0,107.0,410.0,2667.0,,,,2008.0,1.0,1.0,0.6074766355140186,0,False,True,False,False,True,False,False,False,False
2018-12-11,14.0,165.0,,8000.0,2400.0,,,,2018.0,12.0,4.0,,0,False,True,False,False,True,False,False,False,False
2004-05-18,130.0,82.0,193.0,106.0,1800.0,,,,2004.0,5.0,2.0,0.42487046632124353,0,False,False,False,False,False,False,False,False,True
2007-10-08,90.0,45.0,230.0,227.0,2200.0,,,,2007.0,10.0,4.0,0.1956521739130435,0,False,False,False,False,False,False,False,False,True
2004-04-27,130.0,89.0,144.0,69.0,2200.0,,,,2004.0,4.0,2.0,0.6180555555555556,0,False,False,False,False,False,False,False,False,True
2010-07-18,45.0,95.0,296.0,774.0,2800.0,,,,2010.0,7.0,3.0,0.32094594594594594,0,False,True,False,False,True,False,False,False,False
2018-09-19,12.0,95.0,192.0,4800.0,3600.0,,,,2018.0,9.0,3.0,0.4947916666666667,0,False,False,False,False,False,False,False,False,False
2012-05-15,32.0,17.0,246.0,1178.0,2100.0,,,,2012.0,5.0,2.0,0.06910569105691057,0,False,False,False,False,False,False,False,False,True
2001-01-03,180.0,52.0,217.0,42.0,1300.0,,,,2001.0,1.0,1.0,0.23963133640552994,0,False,True,False,False,True,False,False,False,False
2021-03-15,7.0,280.0,,,2950.0,,,,2021.0,3.0,1.0,,0,False,False,False,False,False,False,True,False,False
2021-03-15,7.0,190.0,,,3200.0,,,,2021.0,3.0,1.0,,0,False,False,False,False,False,False,True,False,False
2012-10-09,40.0,5.0,,,1000.0,,,,2012.0,10.0,4.0,,0,False,False,False,False,False,False,False,False,True
2008-03-27,65.0,140.0,285.0,450.0,2600.0,,,,2008.0,3.0,1.0,0.49122807017543857,0,False,False,False,False,False,False,False,False,True
2006-05-23,90.0,89.0,220.0,154.0,2000.0,,,,2006.0,5.0,2.0,0.40454545454545454,0,False,False,False,False,False,False,False,False,True
2018-02-21,14.0,45.0,210.0,4950.0,3250.0,,,,2018.0,2.0,1.0,0.21428571428571427,0,False,False,False,False,False,False,False,False,False
2005-03-10,90.0,35.0,125.0,114.0,1800.0,,,,2005.0,3.0,1.0,0.28,0,False,False,False,False,False,False,False,False,True
2011-02-14,32.0,80.0,239.0,1170.0,2266.0,,,,2011.0,2.0,1.0,0.33472803347280333,0,False,True,False,False,True,False,False,False,False
2020-07-21,7.0,65.0,,,3600.0,,,,2020.0,7.0,3.0,,0,False,False,False,False,False,False,True,False,False
2017-01-03,14.0,51.0,,,3900.0,,,,2017.0,1.0,1.0,,0,False,True,False,False,True,False,False,False,False
2021-04-06,14.0,165.0,,,2300.0,,,,2021.0,4.0,2.0,,0,False,True,False,False,True,False,False,False,False
2010-09-01,45.0,45.0,117.0,234.0,2400.0,,,,2010.0,9.0,3.0,0.38461538461538464,0,False,False,False,False,False,False,False,False,True
2003-09-01,130.0,63.0,,63.0,1800.0,,,,2003.0,9.0,3.0,,0,False,False,False,False,False,False,False,False,True
2003-06-30,130.0,85.0,193.0,106.0,1400.0,,,,2003.0,6.0,2.0,0.44041450777202074,0,False,False,False,False,False,False,False,False,True
2009-10-20,45.0,65.0,117.0,410.0,2700.0,,,,2009.0,10.0,4.0,0.5555555555555556,0,False,False,False,False,False,False,False,False,True
2007-07-22,65.0,65.0,111.0,167.0,2200.0,,,,2007.0,7.0,3.0,0.5855855855855856,0,False,True,False,False,True,False,False,False,False
2017-06-29,14.0,170.0,213.0,4800.0,2000.0,,,,2017.0,6.0,2.0,0.7981220657276995,0,False,False,False,False,False,False,False,False,False
2001-01-01,90.0,59.0,84.0,69.0,2200.0,,,,2001.0,1.0,1.0,0.7023809523809523,0,False,False,False,False,False,False,False,False,True
2001-08-27,180.0,58.0,217.0,42.0,1500.0,,,,2001.0,8.0,3.0,0.2672811059907834,0,False,True,False,False,True,False,False,False,False
2009-08-09,45.0,60.0,263.0,731.0,2400.0,,,,2009.0,8.0,3.0,0.22813688212927757,0,False,True,False,False,True,False,False,False,False
2007-08-01,65.0,44.0,143.0,,2800.0,,,,2007.0,8.0,3.0,0.3076923076923077,0,False,True,False,False,True,False,False,False,False
2008-04-23,65.0,95.0,285.0,450.0,2400.0,,,,2008.0,4.0,2.0,0.3333333333333333,0,False,False,False,False,False,False,False,False,True
2013-09-01,22.0,37.0,118.0,1400.0,2300.0,,,,2013.0,9.0,3.0,0.3135593220338983,0,False,True,False,False,True,False,False,False,False
2014-02-01,32.0,15.0,246.0,1178.0,1500.0,,,,2014.0,2.0,1.0,0.06097560975609756,0,False,False,False,False,False,False,False,False,True
2006-09-06,90.0,65.0,220.0,154.0,2600.0,,,,2006.0,9.0,3.0,0.29545454545454547,0,False,False,False,False,False,False,False,False,True
2018-12-21,14.0,35.0,192.0,4800.0,3500.0,,,,2018.0,12.0,4.0,0.18229166666666666,0,False,False,False,False,False,False,False,False,True
2011-09-04,32.0,95.0,216.0,1160.0,3000.0,,,,2011.0,9.0,3.0,0.4398148148148148,0,False,True,False,False,True,False,False,False,False
2002-11-20,130.0,73.0,146.0,55.0,2200.0,,,,2002.0,11.0,4.0,0.5,0,False,True,False,False,True,False,False,False,False
2020-04-02,14.0,45.0,,,2400.0,,,,2020.0,4.0,2.0,,0,False,True,False,False,True,False,False,False,False
2004-10-19,130.0,89.0,193.0,106.0,2400.0,,,,2004.0,10.0,4.0,0.46113989637305697,0,False,False,False,False,False,False,False,False,True
2007-10-08,65.0,45.0,126.0,154.0,2100.0,,,,2007.0,10.0,4.0,0.35714285714285715,0,False,False,False,False,False,False,False,False,True
2005-08-02,90.0,85.0,,106.0,2400.0,,,,2005.0,8.0,3.0,,0,False,False,False,False,False,False,False,False,True
2011-05-03,45.0,45.0,169.0,300.0,2600.0,,,,2011.0,5.0,2.0,0.26627218934911245,0,False,False,False,False,False,False,False,False,True
2009-03-02,45.0,2.0,26.0,47.0,1600.0,,,,2009.0,3.0,1.0,0.07692307692307693,0,False,True,False,False,True,False,False,False,False
2017-01-03,14.0,51.0,,,3600.0,,,,2017.0,1.0,1.0,,0,False,True,False,False,True,False,False,False,False
2015-09-01,14.0,51.0,150.0,1400.0,3600.0,,,,2015.0,9.0,3.0,0.34,0,False,True,False,False,True,False,False,False,False
2018-12-11,14.0,105.0,,8000.0,3800.0,,,,2018.0,12.0,4.0,,0,False,True,False,False,True,False,False,False,False
2021-04-06,14.0,165.0,,,2800.0,,,,2021.0,4.0,2.0,,0,False,True,False,False,True,False,False,False,False
2020-11-05,7.0,105.0,,,3800.0,,,,2020.0,11.0,4.0,,0,False,False,False,False,False,False,True,False,False
2009-01-01,65.0,15.0,77.0,122.0,1600.0,,,,2009.0,1.0,1.0,0.19480519480519481,0,False,False,False,False,False,False,False,False,True
2010-05-11,45.0,95.0,258.0,758.0,3200.0,,,,2010.0,5.0,2.0,0.3682170542635659,0,False,False,False,False,False,False,False,False,True
2011-10-01,32.0,35.0,149.0,624.0,2300.0,,,,2011.0,10.0,4.0,0.2348993288590604,0,False,True,False,False,True,False,False,False,False
2005-02-14,90.0,92.0,,106.0,2600.0,,,,2005.0,2.0,1.0,,0,False,False,False,False,False,False,False,False,True
2005-10-01,90.0,62.0,84.0,63.0,1800.0,,,,2005.0,10.0,4.0,0.7380952380952381,0,False,False,False,False,False,False,False,False,True
2012-10-02,32.0,65.0,246.0,1178.0,3600.0,,,,2012.0,10.0,4.0,0.26422764227642276,0,False,False,False,False,False,False,False,False,True
2003-09-23,130.0,76.0,131.0,55.0,3200.0,,,,2003.0,9.0,3.0,0.5801526717557252,0,False,True,False,False,True,False,False,False,False
2000-06-05,180.0,54.0,120.0,37.0,1000.0,,,,2000.0,6.0,2.0,0.45,0,False,False,False,False,False,False,False,False,True
2014-07-21,22.0,54.0,177.0,1400.0,3800.0,,,,2014.0,7.0,3.0,0.3050847457627119,0,False,True,False,False,True,False,False,False,False
2005-04-01,90.0,62.0,84.0,63.0,2000.0,,,,2005.0,4.0,2.0,0.7380952380952381,0,False,False,False,False,False,False,False,False,True
2010-05-04,45.0,1.0,65.0,140.0,1200.0,,,,2010.0,5.0,2.0,0.015384615384615385,0,False,True,False,False,True,False,False,False,False
2006-12-05,65.0,65.0,126.0,154.0,2600.0,,,,2006.0,12.0,4.0,0.5158730158730159,0,False,False,False,False,False,False,False,False,True
2006-05-23,90.0,62.0,103.0,81.0,2000.0,,,,2006.0,5.0,2.0,0.6019417475728155,0,False,False,False,False,False,False,False,False,True
2020-09-17,14.0,45.0,,,2400.0,,,,2020.0,9.0,3.0,,0,False,True,False,False,True,False,False,False,False
2005-08-02,90.0,104.0,,106.0,2800.0,,,,2005.0,8.0,3.0,,0,False,False,False,False,False,False,False,False,True
2019-08-01,10.0,12.0,,,1100.0,,,,2019.0,8.0,3.0,,0,False,True,False,False,True,False,False,False,False
2005-03-29,90.0,135.0,,286.0,3333.0,,,,2005.0,3.0,1.0,,0,False,True,False,False,True,False,False,False,False
2007-02-20,90.0,62.0,230.0,227.0,2400.0,,,,2007.0,2.0,1.0,0.26956521739130435,0,False,False,False,False,False,False,False,False,True
2021-03-16,14.0,65.0,,,2600.0,,,,2021.0,3.0,1.0,,0,False,True,False,False,True,False,False,False,False
2009-03-30,45.0,80.0,263.0,731.0,2533.0,,,,2009.0,3.0,1.0,0.3041825095057034,0,False,True,False,False,True,False,False,False,False
2005-02-14,90.0,135.0,169.0,178.0,3400.0,,,,2005.0,2.0,1.0,0.7988165680473372,0,False,True,False,False,True,False,False,False,False
2015-03-01,14.0,15.0,,,2400.0,,,,2015.0,3.0,1.0,,0,False,True,False,False,True,False,False,False,False
2011-05-03,45.0,95.0,169.0,300.0,3400.0,,,,2011.0,5.0,2.0,0.5621301775147929,0,False,False,False,False,False,False,False,False,True
2009-03-02,45.0,2.0,26.0,47.0,1334.0,,,,2009.0,3.0,1.0,0.07692307692307693,0,False,True,False,False,True,False,False,False,False
2018-04-03,14.0,51.0,,,3100.0,,,,2018.0,4.0,2.0,,0,False,True,False,False,True,False,False,False,False
2002-01-07,130.0,110.0,146.0,55.0,2261.0,,,,2002.0,1.0,1.0,0.7534246575342466,0,False,True,False,False,True,False,False,False,False
2011-09-04,32.0,35.0,131.0,504.0,2000.0,,,,2011.0,9.0,3.0,0.26717557251908397,0,False,True,False,False,True,False,False,False,False
2021-03-16,14.0,35.0,,,1500.0,,,,2021.0,3.0,1.0,,0,False,True,False,False,True,False,False,False,False
2018-02-14,14.0,65.0,,,3100.0,,,,2018.0,2.0,1.0,,0,False,True,False,False,True,False,False,False,False
2010-12-07,45.0,125.0,346.0,904.0,2900.0,,,,2010.0,12.0,4.0,0.36127167630057805,0,False,False,False,False,False,False,False,False,True
2015-03-01,14.0,15.0,,,2300.0,,,,2015.0,3.0,1.0,,0,False,True,False,False,True,False,False,False,False
2012-09-03,22.0,45.0,160.0,1400.0,2800.0,,,,2012.0,9.0,3.0,0.28125,0,False,True,False,False,True,False,False,False,False
2009-11-04,45.0,80.0,258.0,758.0,3100.0,,,,2009.0,11.0,4.0,0.31007751937984496,0,False,False,False,False,False,False,False,False,True
2009-03-30,45.0,95.0,263.0,731.0,2666.0,,,,2009.0,3.0,1.0,0.3612167300380228,0,False,True,False,False,True,False,False,False,False
2010-02-28,45.0,130.0,263.0,731.0,2800.0,,,,2010.0,2.0,1.0,0.49429657794676807,0,False,True,False,False,True,False,False,False,False
2012-06-03,32.0,65.0,131.0,504.0,3100.0,,,,2012.0,6.0,2.0,0.4961832061068702,0,False,True,False,False,True,False,False,False,False
2013-09-01,22.0,65.0,177.0,1400.0,2800.0,,,,2013.0,9.0,3.0,0.3672316384180791,0,False,True,False,False,True,False,False,False,False
2009-03-30,45.0,38.0,263.0,731.0,2000.0,,,,2009.0,3.0,1.0,0.1444866920152091,0,False,True,False,False,True,False,False,False,False
2009-04-01,45.0,95.0,258.0,758.0,3200.0,,,,2009.0,4.0,2.0,0.3682170542635659,0,False,False,False,False,False,False,False,False,True
2005-08-01,90.0,55.0,,233.0,1800.0,,,,2005.0,8.0,3.0,,0,False,False,False,False,False,False,False,False,True
2011-06-14,32.0,35.0,228.0,1178.0,1500.0,,,,2011.0,6.0,2.0,0.15350877192982457,0,False,False,False,False,False,False,False,False,True
2004-06-21,90.0,115.0,109.0,125.0,3800.0,,,,2004.0,6.0,2.0,1.055045871559633,0,False,True,False,False,True,False,False,False,False
2010-03-16,32.0,130.0,239.0,1170.0,3333.0,,,,2010.0,3.0,1.0,0.5439330543933054,0,False,True,False,False,True,False,False,False,False
2021-03-15,7.0,200.0,,,2600.0,,,,2021.0,3.0,1.0,,0,False,False,False,False,False,False,True,False,False
2018-08-13,12.0,180.0,213.0,19200.0,3500.0,,,,2018.0,8.0,3.0,0.8450704225352113,0,False,False,False,False,False,False,False,False,False
2005-03-29,90.0,135.0,,,3333.0,,,,2005.0,3.0,1.0,,0,False,True,False,False,True,False,False,False,False
2013-06-01,32.0,100.0,246.0,1178.0,3900.0,,,,2013.0,6.0,2.0,0.4065040650406504,0,False,False,False,False,False,False,False,False,True
2011-06-30,32.0,65.0,228.0,1178.0,2400.0,,,,2011.0,6.0,2.0,0.2850877192982456,0,False,False,False,False,False,False,False,False,True
2001-01-01,130.0,77.0,101.0,63.0,2200.0,,,,2001.0,1.0,1.0,0.7623762376237624,0,False,False,False,False,False,False,False,False,True
2020-04-30,14.0,125.0,,,3700.0,,,,2020.0,4.0,2.0,,0,False,True,False,False,True,False,False,False,False
2008-01-01,65.0,15.0,77.0,122.0,1600.0,,,,2008.0,1.0,1.0,0.19480519480519481,0,False,False,False,False,False,False,False,False,True
2014-07-21,22.0,35.0,177.0,1400.0,3200.0,,,,2014.0,7.0,3.0,0.1977401129943503,0,False,True,False,False,True,False,False,False,False
2011-02-14,32.0,130.0,239.0,1170.0,3466.0,,,,2011.0,2.0,1.0,0.5439330543933054,0,False,True,False,False,True,False,False,False,False
2021-04-06,10.0,270.0,,,2400.0,,,,2021.0,4.0,2.0,,0,False,True,False,False,True,False,False,False,False
2000-06-05,180.0,38.0,120.0,37.0,650.0,,,,2000.0,6.0,2.0,0.31666666666666665,0,False,False,False,False,False,False,False,False,True
2004-07-28,130.0,62.0,144.0,63.0,1800.0,,,,2004.0,7.0,3.0,0.4305555555555556,0,False,False,False,False,False,False,False,False,True
2015-12-15,32.0,125.0,315.0,1200.0,3600.0,,,,2015.0,12.0,4.0,0.3968253968253968,0,False,False,False,False,False,False,False,False,True
2004-06-01,130.0,89.0,193.0,105.0,2400.0,,,,2004.0,6.0,2.0,0.46113989637305697,0,False,False,False,False,False,False,False,False,True
2008-06-01,65.0,35.0,,,2400.0,,,,2008.0,6.0,2.0,,0,False,False,False,False,False,False,False,False,True
2008-07-01,45.0,44.0,107.0,,3067.0,,,,2008.0,7.0,3.0,0.411214953271028,0,False,True,False,False,True,False,False,False,False
2021-04-06,10.0,185.0,,,2200.0,,,,2021.0,4.0,2.0,,0,False,True,False,False,True,False,False,False,False
2010-11-22,45.0,4.0,26.0,47.0,1000.0,,,,2010.0,11.0,4.0,0.15384615384615385,0,False,True,False,False,True,False,False,False,False
2009-01-18,45.0,65.0,82.0,456.0,2666.0,,,,2009.0,1.0,1.0,0.7926829268292683,0,False,True,False,False,True,False,False,False,False
2014-01-20,22.0,47.0,177.0,1400.0,2900.0,,,,2014.0,1.0,1.0,0.2655367231638418,0,False,True,False,False,True,False,False,False,False
2009-12-21,45.0,6.0,66.0,123.0,1667.0,,,,2009.0,12.0,4.0,0.09090909090909091,0,False,True,False,False,True,False,False,False,False
2011-05-22,32.0,35.0,131.0,504.0,2200.0,,,,2011.0,5.0,2.0,0.26717557251908397,0,False,True,False,False,True,False,False,False,False
2017-07-27,28.0,65.0,246.0,1178.0,3200.0,,,,2017.0,7.0,3.0,0.26422764227642276,0,False,False,False,False,False,False,False,False,True
2001-10-09,180.0,64.0,150.0,37.0,1467.0,,,,2001.0,10.0,4.0,0.4266666666666667,0,False,False,False,False,False,False,False,False,True
2005-08-01,90.0,92.0,,106.0,2800.0,,,,2005.0,8.0,3.0,,0,False,False,False,False,False,False,False,False,True
2021-04-06,10.0,105.0,,,2300.0,,,,2021.0,4.0,2.0,,0,False,True,False,False,True,False,False,False,False
2017-08-21,14.0,15.0,123.0,,1700.0,,,,2017.0,8.0,3.0,0.12195121951219512,0,False,True,False,False,True,False,False,False,False
2011-04-03,32.0,95.0,216.0,1160.0,3300.0,,,,2011.0,4.0,2.0,0.4398148148148148,0,False,True,False,False,True,False,False,False,False
,14.0,380.0,,,4000.0,,,,,,,,0,False,True,False,False,True,False,False,False,False
2015-03-01,14.0,28.0,,,2900.0,,,,2015.0,3.0,1.0,,0,False,True,False,False,True,False,False,False,False
2008-05-01,45.0,5.0,107.0,410.0,1200.0,,,,2008.0,5.0,2.0,0.04672897196261682,0,False,True,False,False,True,False,False,False,False
2007-08-01,65.0,45.0,,,2100.0,,,,2007.0,8.0,3.0,,0,False,False,False,False,False,False,False,False,True
2018-04-02,14.0,45.0,126.0,,2500.0,,,,2018.0,4.0,2.0,0.35714285714285715,0,False,True,False,False,True,False,False,False,False
2001-08-27,180.0,64.0,217.0,42.0,1700.0,,,,2001.0,8.0,3.0,0.29493087557603687,0,False,True,False,False,True,False,False,False,False
2011-10-12,32.0,125.0,315.0,1200.0,3100.0,,,,2011.0,10.0,4.0,0.3968253968253968,0,False,False,False,False,False,False,False,False,True
2020-01-06,7.0,25.0,156.0,9800.0,2300.0,,,,2020.0,1.0,1.0,0.16025641025641027,0,False,False,False,False,False,False,True,False,False
2010-01-07,32.0,73.0,81.0,382.0,3200.0,,,,2010.0,1.0,1.0,0.9012345679012346,0,False,True,False,False,True,False,False,False,False
2002-04-23,130.0,30.0,131.0,55.0,1800.0,,,,2002.0,4.0,2.0,0.22900763358778625,0,False,True,False,False,True,False,False,False,False
2011-09-04,32.0,35.0,131.0,504.0,1600.0,,,,2011.0,9.0,3.0,0.26717557251908397,0,False,True,False,False,True,False,False,False,False
2006-01-05,65.0,31.0,90.0,151.0,1660.0,,,,2006.0,1.0,1.0,0.34444444444444444,0,False,True,False,False,True,False,False,False,False
2009-03-30,45.0,130.0,263.0,731.0,2533.0,,,,2009.0,3.0,1.0,0.49429657794676807,0,False,True,False,False,True,False,False,False,False
2013-06-01,32.0,65.0,246.0,1178.0,3900.0,,,,2013.0,6.0,2.0,0.26422764227642276,0,False,False,False,False,False,False,False,False,True
2011-04-03,32.0,80.0,216.0,1160.0,3400.0,,,,2011.0,4.0,2.0,0.37037037037037035,0,False,True,False,False,True,False,False,False,False
2004-10-10,130.0,104.0,193.0,105.0,2600.0,,,,2004.0,10.0,4.0,0.538860103626943,0,False,False,False,False,False,False,False,False,True
2011-12-20,32.0,45.0,228.0,1178.0,2200.0,,,,2011.0,12.0,4.0,0.19736842105263158,0,False,False,False,False,False,False,False,False,True
2021-04-06,10.0,205.0,,,2000.0,,,,2021.0,4.0,2.0,,0,False,True,False,False,True,False,False,False,False
2009-04-23,45.0,125.0,258.0,758.0,3200.0,,,,2009.0,4.0,2.0,0.4844961240310077,0,False,False,False,False,False,False,False,False,True
2003-06-30,130.0,85.0,193.0,106.0,1600.0,,,,2003.0,6.0,2.0,0.44041450777202074,0,False,False,False,False,False,False,False,False,True
2003-04-22,130.0,85.0,193.0,106.0,1400.0,,,,2003.0,4.0,2.0,0.44041450777202074,0,False,False,False,False,False,False,False,False,True
2004-07-28,130.0,62.0,80.0,37.0,1500.0,,,,2004.0,7.0,3.0,0.775,0,False,False,False,False,False,False,False,False,True
2012-06-01,22.0,35.0,118.0,,2500.0,,,,2012.0,6.0,2.0,0.2966101694915254,0,False,True,False,False,True,False,False,False,False
2011-06-19,32.0,35.0,131.0,504.0,2000.0,,,,2011.0,6.0,2.0,0.26717557251908397,0,False,True,False,False,True,False,False,False,False
2012-09-03,22.0,55.0,94.0,,3300.0,,,,2012.0,9.0,3.0,0.5851063829787234,0,False,True,False,False,True,False,False,False,False
2019-08-07,7.0,120.0,74.0,3800.0,2800.0,,,,2019.0,8.0,3.0,1.6216216216216217,0,False,False,False,False,False,False,True,False,False
2018-09-01,14.0,65.0,,,3000.0,,,,2018.0,9.0,3.0,,0,False,True,False,False,True,False,False,False,False
2007-10-08,65.0,65.0,126.0,154.0,2700.0,,,,2007.0,10.0,4.0,0.5158730158730159,0,False,False,False,False,False,False,False,False,True
2005-08-16,130.0,62.0,,105.0,2600.0,,,,2005.0,8.0,3.0,,0,False,False,False,False,False,False,False,False,True
2004-02-02,130.0,110.0,237.0,178.0,3400.0,,,,2004.0,2.0,1.0,0.4641350210970464,0,False,True,False,False,True,False,False,False,False
2010-05-25,32.0,18.0,81.0,384.0,1200.0,,,,2010.0,5.0,2.0,0.2222222222222222,0,False,True,False,False,True,False,False,False,False
2002-08-25,130.0,110.0,146.0,55.0,2660.0,,,,2002.0,8.0,3.0,0.7534246575342466,0,False,True,False,False,True,False,False,False,False
2019-07-07,7.0,105.0,74.0,3800.0,3900.0,,,,2019.0,7.0,3.0,1.4189189189189189,0,False,False,False,False,False,False,True,False,False
2015-03-01,14.0,15.0,,,1900.0,,,,2015.0,3.0,1.0,,0,False,True,False,False,True,False,False,False,False
2000-10-31,180.0,54.0,120.0,37.0,1000.0,,,,2000.0,10.0,4.0,0.45,0,False,False,False,False,False,False,False,False,True
2017-01-03,14.0,51.0,,,4100.0,,,,2017.0,1.0,1.0,,0,False,True,False,False,True,False,False,False,False
2010-04-18,45.0,65.0,82.0,228.0,2800.0,,,,2010.0,4.0,2.0,0.7926829268292683,0,False,True,False,False,True,False,False,False,False
2021-03-15,7.0,240.0,,,2000.0,,,,2021.0,3.0,1.0,,0,False,False,False,False,False,False,True,False,False
2005-02-14,90.0,135.0,169.0,178.0,3200.0,,,,2005.0,2.0,1.0,0.7988165680473372,0,False,True,False,False,True,False,False,False,False
2012-05-14,22.0,77.0,160.0,1400.0,3500.0,,,,2012.0,5.0,2.0,0.48125,0,False,True,False,False,True,False,False,False,False
2002-10-01,130.0,74.0,80.0,37.0,2250.0,,,,2002.0,10.0,4.0,0.925,0,False,False,False,False,False,False,False,False,True
2017-06-29,14.0,95.0,192.0,4800.0,3400.0,,,,2017.0,6.0,2.0,0.4947916666666667,0,False,False,False,False,False,False,False,False,False
2012-05-14,22.0,69.0,160.0,1400.0,3400.0,,,,2012.0,5.0,2.0,0.43125,0,False,True,False,False,True,False,False,False,False
2008-10-10,45.0,65.0,82.0,228.0,2800.0,,,,2008.0,10.0,4.0,0.7926829268292683,0,False,True,False,False,True,False,False,False,False
2015-03-01,14.0,15.0,,,1700.0,,,,2015.0,3.0,1.0,,0,False,True,False,False,True,False,False,False,False
2004-05-04,90.0,89.0,115.0,105.0,2200.0,,,,2004.0,5.0,2.0,0.7739130434782608,0,False,False,False,False,False,False,False,False,True
2019-01-06,12.0,35.0,210.0,4940.0,2100.0,,,,2019.0,1.0,1.0,0.16666666666666666,0,False,False,False,False,False,False,False,False,False
2003-09-01,130.0,68.0,,63.0,2133.0,,,,2003.0,9.0,3.0,,0,False,False,False,False,False,False,False,False,True
2017-10-05,14.0,62.0,,,2800.0,,,,2017.0,10.0,4.0,,0,False,True,False,False,True,False,False,False,False
2018-09-19,12.0,65.0,192.0,4800.0,2800.0,,,,2018.0,9.0,3.0,0.3385416666666667,0,False,False,False,False,False,False,False,False,False
2010-05-30,32.0,73.0,81.0,382.0,3200.0,,,,2010.0,5.0,2.0,0.9012345679012346,0,False,True,False,False,True,False,False,False,False
2009-03-30,45.0,80.0,263.0,731.0,2000.0,,,,2009.0,3.0,1.0,0.3041825095057034,0,False,True,False,False,True,False,False,False,False
2018-02-01,14.0,65.0,,,3100.0,,,,2018.0,2.0,1.0,,0,False,True,False,False,True,False,False,False,False
2019-08-07,7.0,155.0,74.0,3800.0,3000.0,,,,2019.0,8.0,3.0,2.0945945945945947,0,False,False,False,False,False,False,True,False,False
2012-06-01,22.0,77.0,8.0,,3200.0,,,,2012.0,6.0,2.0,9.625,0,False,True,False,False,True,False,False,False,False
2011-11-14,32.0,100.0,228.0,1178.0,3000.0,,,,2011.0,11.0,4.0,0.43859649122807015,0,False,False,False,False,False,False,False,False,True
2017-07-17,14.0,51.0,,,4000.0,,,,2017.0,7.0,3.0,,0,False,True,False,False,True,False,False,False,False
2012-09-27,32.0,19.0,246.0,1178.0,1600.0,,,,2012.0,9.0,3.0,0.07723577235772358,0,False,False,False,False,False,False,False,False,True
2002-10-01,130.0,68.0,80.0,37.0,2167.0,,,,2002.0,10.0,4.0,0.85,0,False,False,False,False,False,False,False,False,True
2003-01-14,130.0,35.0,131.0,55.0,2400.0,,,,2003.0,1.0,1.0,0.26717557251908397,0,False,True,False,False,True,False,False,False,False
2001-01-01,130.0,62.0,80.0,37.0,1733.0,,,,2001.0,1.0,1.0,0.775,0,False,False,False,False,False,False,False,False,True
2012-12-04,32.0,35.0,315.0,1200.0,2200.0,,,,2012.0,12.0,4.0,0.1111111111111111,0,False,False,False,False,False,False,False,False,True
2009-04-01,45.0,125.0,258.0,758.0,3200.0,,,,2009.0,4.0,2.0,0.4844961240310077,0,False,False,False,False,False,False,False,False,True
2010-01-07,32.0,73.0,81.0,382.0,3066.0,,,,2010.0,1.0,1.0,0.9012345679012346,0,False,True,False,False,True,False,False,False,False
2008-07-01,65.0,125.0,285.0,450.0,2500.0,,,,2008.0,7.0,3.0,0.43859649122807015,0,False,False,False,False,False,False,False,False,True
2007-06-03,65.0,35.0,77.0,105.0,1600.0,,,,2007.0,6.0,2.0,0.45454545454545453,0,False,True,False,False,True,False,False,False,False
2004-10-10,90.0,104.0,115.0,114.0,2600.0,,,,2004.0,10.0,4.0,0.9043478260869565,0,False,False,False,False,False,False,False,False,True
2013-12-01,22.0,4.0,,,1580.0,,,,2013.0,12.0,4.0,,0,False,True,False,False,True,False,False,False,False
2004-12-01,90.0,85.0,,106.0,2000.0,,,,2004.0,12.0,4.0,,0,False,False,False,False,False,False,False,False,True
2011-12-20,32.0,35.0,228.0,1178.0,1500.0,,,,2011.0,12.0,4.0,0.15350877192982457,0,False,False,False,False,False,False,False,False,True
2016-06-20,14.0,215.0,,8000.0,1300.0,,,,2016.0,6.0,2.0,,0,False,True,False,False,True,False,False,False,False
2014-05-01,22.0,54.0,177.0,1400.0,3300.0,,,,2014.0,5.0,2.0,0.3050847457627119,0,False,True,False,False,True,False,False,False,False
2011-10-01,32.0,17.0,149.0,624.0,1400.0,,,,2011.0,10.0,4.0,0.11409395973154363,0,False,True,False,False,True,False,False,False,False
2021-04-06,10.0,185.0,,,2400.0,,,,2021.0,4.0,2.0,,0,False,True,False,False,True,False,False,False,False
2006-05-23,65.0,95.0,,,2667.0,,,,2006.0,5.0,2.0,,0,False,True,False,False,True,False,False,False,False
2005-04-14,130.0,83.0,,105.0,2200.0,,,,2005.0,4.0,2.0,,0,False,False,False,False,False,False,False,False,True
2003-09-09,130.0,89.0,193.0,106.0,2000.0,,,,2003.0,9.0,3.0,0.46113989637305697,0,False,False,False,False,False,False,False,False,True
2004-06-24,90.0,73.0,109.0,125.0,2533.0,,,,2004.0,6.0,2.0,0.6697247706422018,0,False,True,False,False,True,False,False,False,False
2007-10-21,65.0,19.0,77.0,105.0,1200.0,,,,2007.0,10.0,4.0,0.24675324675324675,0,False,True,False,False,True,False,False,False,False
2008-03-25,45.0,95.0,107.0,820.0,2833.0,,,,2008.0,3.0,1.0,0.8878504672897196,0,False,True,False,False,True,False,False,False,False
2013-09-01,22.0,15.0,118.0,1300.0,2100.0,,,,2013.0,9.0,3.0,0.1271186440677966,0,False,True,False,False,True,False,False,False,False
2019-11-25,7.0,280.0,74.0,3800.0,3800.0,,,,2019.0,11.0,4.0,3.7837837837837838,0,False,False,False,False,False,False,True,False,False
2016-05-31,14.0,140.0,,,3600.0,,,,2016.0,5.0,2.0,,0,False,True,False,False,True,False,False,False,False
2006-05-23,90.0,89.0,220.0,154.0,2600.0,,,,2006.0,5.0,2.0,0.40454545454545454,0,False,False,False,False,False,False,False,False,True
2012-10-23,32.0,95.0,315.0,1200.0,3300.0,,,,2012.0,10.0,4.0,0.30158730158730157,0,False,False,False,False,False,False,False,False,True
2007-08-01,65.0,45.0,,,1900.0,,,,2007.0,8.0,3.0,,0,False,False,False,False,False,False,False,False,True
2008-09-08,65.0,65.0,285.0,450.0,1900.0,,,,2008.0,9.0,3.0,0.22807017543859648,0,False,False,False,False,False,False,False,False,True
2010-03-16,32.0,60.0,239.0,1170.0,2000.0,,,,2010.0,3.0,1.0,0.2510460251046025,0,False,True,False,False,True,False,False,False,False
2005-07-15,90.0,25.0,,69.0,2000.0,,,,2005.0,7.0,3.0,,0,False,False,False,False,False,False,False,False,True
2009-01-18,45.0,65.0,82.0,456.0,2333.0,,,,2009.0,1.0,1.0,0.7926829268292683,0,False,True,False,False,True,False,False,False,False
2019-08-07,7.0,155.0,74.0,3800.0,2400.0,,,,2019.0,8.0,3.0,2.0945945945945947,0,False,False,False,False,False,False,True,False,False
2011-12-01,32.0,7.0,66.0,176.0,1867.0,,,,2011.0,12.0,4.0,0.10606060606060606,0,False,True,False,False,True,False,False,False,False
2001-04-23,180.0,64.0,217.0,42.0,1700.0,,,,2001.0,4.0,2.0,0.29493087557603687,0,False,True,False,False,True,False,False,False,False
2004-04-27,130.0,89.0,144.0,69.0,2000.0,,,,2004.0,4.0,2.0,0.6180555555555556,0,False,False,False,False,False,False,False,False,True
2009-09-08,45.0,95.0,296.0,774.0,2800.0,,,,2009.0,9.0,3.0,0.32094594594594594,0,False,True,False,False,True,False,False,False,False
2016-06-20,14.0,245.0,,8000.0,1500.0,,,,2016.0,6.0,2.0,,0,False,True,False,False,True,False,False,False,False
2010-05-30,45.0,95.0,296.0,774.0,2933.0,,,,2010.0,5.0,2.0,0.32094594594594594,0,False,True,False,False,True,False,False,False,False
2019-01-06,12.0,15.0,210.0,4940.0,2100.0,,,,2019.0,1.0,1.0,0.07142857142857142,0,False,False,False,False,False,False,False,False,False
2011-11-01,32.0,10.0,66.0,176.0,1867.0,,,,2011.0,11.0,4.0,0.15151515151515152,0,False,True,False,False,True,False,False,False,False
2005-08-01,90.0,89.0,156.0,154.0,2000.0,,,,2005.0,8.0,3.0,0.5705128205128205,0,False,False,False,False,False,False,False,False,True
2011-06-01,32.0,35.0,149.0,624.0,2200.0,,,,2011.0,6.0,2.0,0.2348993288590604,0,False,True,False,False,True,False,False,False,False
2020-01-06,7.0,54.0,156.0,9800.0,3000.0,,,,2020.0,1.0,1.0,0.34615384615384615,0,False,False,False,False,False,False,True,False,False
2019-01-08,14.0,15.0,246.0,,2000.0,,,,2019.0,1.0,1.0,0.06097560975609756,0,False,False,False,False,False,False,False,False,False
2011-01-04,40.0,18.0,75.0,,1500.0,,,,2011.0,1.0,1.0,0.24,0,False,False,False,False,False,False,False,False,True
2010-01-07,32.0,35.0,81.0,382.0,2533.0,,,,2010.0,1.0,1.0,0.43209876543209874,0,False,True,False,False,True,False,False,False,False
2003-09-09,130.0,82.0,193.0,106.0,1600.0,,,,2003.0,9.0,3.0,0.42487046632124353,0,False,False,False,False,False,False,False,False,True
2017-01-03,14.0,91.0,,,4200.0,,,,2017.0,1.0,1.0,,0,False,True,False,False,True,False,False,False,False
2011-02-14,32.0,80.0,239.0,1170.0,2133.0,,,,2011.0,2.0,1.0,0.33472803347280333,0,False,True,False,False,True,False,False,False,False
2019-08-21,14.0,25.0,,,1100.0,,,,2019.0,8.0,3.0,,0,False,True,False,False,True,False,False,False,False
2018-02-14,14.0,65.0,,,3000.0,,,,2018.0,2.0,1.0,,0,False,True,False,False,True,False,False,False,False
2005-04-04,90.0,67.0,83.0,69.0,1800.0,,,,2005.0,4.0,2.0,0.8072289156626506,0,False,False,False,False,False,False,False,False,True
2020-04-30,14.0,65.0,,,2800.0,,,,2020.0,4.0,2.0,,0,False,True,False,False,True,False,False,False,False
2012-06-01,22.0,35.0,118.0,,2800.0,,,,2012.0,6.0,2.0,0.2966101694915254,0,False,True,False,False,True,False,False,False,False
2006-04-19,65.0,5.0,90.0,151.0,1066.0,,,,2006.0,4.0,2.0,0.05555555555555555,0,False,True,False,False,True,False,False,False,False
2006-05-23,90.0,62.0,103.0,81.0,2000.0,,,,2006.0,5.0,2.0,0.6019417475728155,0,False,False,False,False,False,False,False,False,True
2003-09-09,130.0,82.0,193.0,106.0,1800.0,,,,2003.0,9.0,3.0,0.42487046632124353,0,False,False,False,False,False,False,False,False,True
2013-12-01,22.0,12.0,118.0,1400.0,1100.0,,,,2013.0,12.0,4.0,0.1016949152542373,0,False,True,False,False,True,False,False,False,False
2009-08-09,45.0,130.0,263.0,731.0,3333.0,,,,2009.0,8.0,3.0,0.49429657794676807,0,False,True,False,False,True,False,False,False,False
2005-04-01,90.0,62.0,84.0,63.0,1800.0,,,,2005.0,4.0,2.0,0.7380952380952381,0,False,False,False,False,False,False,False,False,True
2012-06-01,22.0,17.0,118.0,,1800.0,,,,2012.0,6.0,2.0,0.1440677966101695,0,False,True,False,False,True,False,False,False,False
2021-01-12,7.0,35.0,156.0,9800.0,3000.0,,,,2021.0,1.0,1.0,0.22435897435897437,0,False,False,False,False,False,False,True,False,False
2003-06-30,130.0,85.0,193.0,106.0,1400.0,,,,2003.0,6.0,2.0,0.44041450777202074,0,False,False,False,False,False,False,False,False,True
2012-09-01,22.0,17.0,118.0,1400.0,1800.0,,,,2012.0,9.0,3.0,0.1440677966101695,0,False,True,False,False,True,False,False,False,False
2012-10-23,32.0,95.0,315.0,1200.0,3800.0,,,,2012.0,10.0,4.0,0.30158730158730157,0,False,False,False,False,False,False,False,False,True
2005-08-02,90.0,85.0,,106.0,2200.0,,,,2005.0,8.0,3.0,,0,False,False,False,False,False,False,False,False,True
2017-06-29,14.0,170.0,213.0,4800.0,2400.0,,,,2017.0,6.0,2.0,0.7981220657276995,0,False,False,False,False,False,False,False,False,False
2013-09-11,22.0,7.0,,,2000.0,,,,2013.0,9.0,3.0,,0,False,True,False,False,True,False,False,False,False
2021-03-16,14.0,65.0,,,4200.0,,,,2021.0,3.0,1.0,,0,False,True,False,False,True,False,False,False,False
2019-04-29,12.0,105.0,192.0,4800.0,3700.0,,,,2019.0,4.0,2.0,0.546875,0,False,False,False,False,False,False,False,False,False
2021-04-06,10.0,230.0,,,2800.0,,,,2021.0,4.0,2.0,,0,False,True,False,False,True,False,False,False,False
2005-01-19,90.0,27.0,84.0,140.0,1860.0,,,,2005.0,1.0,1.0,0.32142857142857145,0,False,True,False,False,True,False,False,False,False
2010-09-21,45.0,45.0,117.0,410.0,2600.0,,,,2010.0,9.0,3.0,0.38461538461538464,0,False,False,False,False,False,False,False,False,True
2010-09-26,32.0,35.0,81.0,384.0,2133.0,,,,2010.0,9.0,3.0,0.43209876543209874,0,False,True,False,False,True,False,False,False,False
2012-05-14,22.0,69.0,160.0,1400.0,3300.0,,,,2012.0,5.0,2.0,0.43125,0,False,True,False,False,True,False,False,False,False
2013-09-01,22.0,37.0,118.0,1300.0,2900.0,,,,2013.0,9.0,3.0,0.3135593220338983,0,False,True,False,False,True,False,False,False,False
2020-04-02,14.0,45.0,,,2400.0,,,,2020.0,4.0,2.0,,0,False,True,False,False,True,False,False,False,False
2013-09-27,22.0,2.0,,,1333.0,,,,2013.0,9.0,3.0,,0,False,True,False,False,True,False,False,False,False
2016-01-14,28.0,32.0,,,2000.0,,,,2016.0,1.0,1.0,,0,False,False,False,False,False,False,False,False,True
2006-07-27,65.0,35.0,143.0,293.0,2166.0,,,,2006.0,7.0,3.0,0.24475524475524477,0,False,True,False,False,True,False,False,False,False
2018-06-05,14.0,95.0,,,4000.0,,,,2018.0,6.0,2.0,,0,False,True,False,False,True,False,False,False,False
2021-03-15,7.0,225.0,,,2300.0,,,,2021.0,3.0,1.0,,0,False,False,False,False,False,False,True,False,False
2009-04-23,45.0,125.0,258.0,758.0,3000.0,,,,2009.0,4.0,2.0,0.4844961240310077,0,False,False,False,False,False,False,False,False,True
2018-01-08,14.0,15.0,246.0,,2500.0,,,,2018.0,1.0,1.0,0.06097560975609756,0,False,False,False,False,False,False,False,False,False
2005-03-10,90.0,35.0,125.0,114.0,1600.0,,,,2005.0,3.0,1.0,0.28,0,False,False,False,False,False,False,False,False,True
2012-06-01,22.0,35.0,118.0,,2600.0,,,,2012.0,6.0,2.0,0.2966101694915254,0,False,True,False,False,True,False,False,False,False
2013-08-29,22.0,47.0,264.0,1400.0,1800.0,,,,2013.0,8.0,3.0,0.17803030303030304,0,False,True,False,False,True,False,False,False,False
2005-05-31,90.0,95.0,,233.0,2000.0,,,,2005.0,5.0,2.0,,0,False,False,False,False,False,False,False,False,True
2019-08-01,10.0,12.0,,,800.0,,,,2019.0,8.0,3.0,,0,False,True,False,False,True,False,False,False,False
2021-03-16,14.0,125.0,,,3500.0,,,,2021.0,3.0,1.0,,0,False,True,False,False,True,False,False,False,False
2010-05-04,45.0,1.0,65.0,140.0,900.0,,,,2010.0,5.0,2.0,0.015384615384615385,0,False,True,False,False,True,False,False,False,False
2012-12-04,32.0,65.0,315.0,1200.0,3000.0,,,,2012.0,12.0,4.0,0.20634920634920634,0,False,False,False,False,False,False,False,False,True
2005-08-01,90.0,92.0,,106.0,2800.0,,,,2005.0,8.0,3.0,,0,False,False,False,False,False,False,False,False,True
2005-05-26,90.0,130.0,206.0,169.0,2800.0,,,,2005.0,5.0,2.0,0.6310679611650486,0,False,True,False,False,True,False,False,False,False
2004-06-28,90.0,135.0,135.0,155.0,2800.0,,,,2004.0,6.0,2.0,1.0,0,False,True,False,False,True,False,False,False,False
2019-08-07,7.0,155.0,74.0,3800.0,3100.0,,,,2019.0,8.0,3.0,2.0945945945945947,0,False,False,False,False,False,False,True,False,False
2021-04-06,14.0,205.0,,,2600.0,,,,2021.0,4.0,2.0,,0,False,True,False,False,True,False,False,False,False
2001-01-01,130.0,68.0,101.0,63.0,1917.0,,,,2001.0,1.0,1.0,0.6732673267326733,0,False,False,False,False,False,False,False,False,True
2019-08-21,14.0,25.0,,,1800.0,,,,2019.0,8.0,3.0,,0,False,True,False,False,True,False,False,False,False
2017-01-03,14.0,35.0,,,3400.0,,,,2017.0,1.0,1.0,,0,False,True,False,False,True,False,False,False,False
2019-04-23,14.0,45.0,149.0,,2600.0,,,,2019.0,4.0,2.0,0.30201342281879195,0,False,True,False,False,True,False,False,False,False
2005-07-15,90.0,62.0,,69.0,1800.0,,,,2005.0,7.0,3.0,,0,False,False,False,False,False,False,False,False,True
2021-04-06,10.0,185.0,,,2400.0,,,,2021.0,4.0,2.0,,0,False,True,False,False,True,False,False,False,False
2020-03-16,7.0,54.0,156.0,9800.0,3300.0,,,,2020.0,3.0,1.0,0.34615384615384615,0,False,False,False,False,False,False,True,False,False
2007-07-01,65.0,65.0,143.0,291.0,2333.0,,,,2007.0,7.0,3.0,0.45454545454545453,0,False,True,False,False,True,False,False,False,False
2004-12-01,90.0,85.0,,106.0,2000.0,,,,2004.0,12.0,4.0,,0,False,False,False,False,False,False,False,False,True
2007-02-01,90.0,65.0,220.0,154.0,2600.0,,,,2007.0,2.0,1.0,0.29545454545454547,0,False,False,False,False,False,False,False,False,True
2011-04-03,32.0,95.0,216.0,1160.0,100.0,,,,2011.0,4.0,2.0,0.4398148148148148,1,False,True,False,False,True,False,False,False,False
2002-06-25,150.0,,174.0,80.0,200.0,,,,2002.0,6.0,2.0,,1,False,False,False,True,False,False,False,True,False
2019-02-23,14.0,25.0,132.0,3300.0,1469.0,18.38,1177.0,36.77,2019.0,2.0,1.0,0.1893939393939394,1,False,False,True,False,False,True,False,False,False
2008-03-02,130.0,,,,200.0,,12.8,,2008.0,3.0,1.0,,1,False,True,False,False,True,False,False,False,False
2008-09-30,55.0,20.0,73.0,242.0,600.0,,96.0,,2008.0,9.0,3.0,0.273972602739726,1,True,False,False,False,False,False,True,False,False
2006-08-08,110.0,,110.0,75.0,350.0,,,,2006.0,8.0,3.0,,1,False,False,True,False,False,False,True,False,False
2004-09-01,110.0,44.0,156.0,120.0,400.0,,,,2004.0,9.0,3.0,0.28205128205128205,1,True,False,False,False,False,False,True,False,False
2005-09-30,130.0,,225.0,222.0,425.0,,,,2005.0,9.0,3.0,,1,False,False,True,False,False,False,True,False,False
2007-12-12,80.0,200.0,420.0,720.0,600.0,,384.0,,2007.0,12.0,4.0,0.47619047619047616,1,True,False,False,False,False,False,True,False,False
2008-06-03,65.0,20.0,144.0,314.0,450.0,,35.2,,2008.0,6.0,2.0,0.1388888888888889,1,False,False,True,False,False,False,False,False,True
2020-04-30,14.0,15.0,,,350.0,921.6,460.8,115.2,2020.0,4.0,2.0,,1,False,True,False,False,True,False,False,False,False
2012-11-18,40.0,33.0,146.0,880.0,550.0,,176.0,,2012.0,11.0,4.0,0.22602739726027396,1,False,False,False,False,False,True,False,False,False
2020-10-28,7.0,250.0,520.0,26800.0,1700.0,32330.0,16170.000000000002,1010.0,2020.0,10.0,4.0,0.4807692307692308,1,False,False,False,False,False,False,True,False,False
2013-04-29,22.0,45.0,,,200.0,,136.0,34.0,2013.0,4.0,2.0,,1,False,True,False,False,True,False,False,False,False
2013-06-27,28.0,130.0,294.0,3540.0,823.0,,2046.0,85.25,2013.0,6.0,2.0,0.4421768707482993,1,False,False,True,False,False,False,True,False,False
2015-09-01,14.0,15.0,,,300.0,,768.0,,2015.0,9.0,3.0,,1,False,True,False,False,True,False,False,False,False
2010-09-03,40.0,35.0,238.0,1170.0,570.0,,328.3,27.36,2010.0,9.0,3.0,0.14705882352941177,1,False,False,True,False,False,False,True,False,False
2013-11-23,28.0,25.0,110.0,1178.0,600.0,,153.6,9.6,2013.0,11.0,4.0,0.22727272727272727,1,False,False,False,False,False,False,True,False,False
2009-06-01,55.0,30.0,146.0,514.0,600.0,,384.0,,2009.0,6.0,2.0,0.2054794520547945,1,True,False,False,False,False,False,True,False,False
2018-03-27,12.0,250.0,815.0,21100.0,1290.0,31330.0,15670.0,7834.0,2018.0,3.0,1.0,0.3067484662576687,1,False,False,True,False,False,False,True,False,False
2007-05-02,90.0,171.0,484.0,681.0,600.0,,345.6,,2007.0,5.0,2.0,0.35330578512396693,1,False,False,True,False,False,False,True,False,False
2010-03-26,40.0,215.0,529.0,3100.0,608.0,,1089.0,136.1,2010.0,3.0,1.0,0.4064272211720227,1,False,False,True,False,False,False,True,False,False
2013-04-01,28.0,33.0,87.0,1020.0,575.0,,441.6,18.4,2013.0,4.0,2.0,0.3793103448275862,1,False,False,True,False,False,False,True,False,False
2006-02-01,110.0,16.0,110.0,75.0,300.0,,,,2006.0,2.0,1.0,0.14545454545454545,1,False,False,True,False,False,False,True,False,False
2013-06-28,28.0,130.0,118.0,1270.0,850.0,,326.4,13.6,2013.0,6.0,2.0,1.1016949152542372,1,False,False,True,False,False,False,True,False,False
2015-11-15,28.0,15.0,125.0,1200.0,200.0,737.3,737.3,368.6,2015.0,11.0,4.0,0.12,1,False,False,False,False,False,False,False,False,False
2007-10-27,80.0,175.0,181.0,232.0,500.0,,240.0,,2007.0,10.0,4.0,0.9668508287292817,1,True,False,False,False,False,False,True,False,False
2014-05-28,28.0,375.0,561.0,7080.0,705.0,,5046.0,1682.0,2014.0,5.0,2.0,0.6684491978609626,1,False,False,True,False,False,False,True,False,False
2003-12-14,150.0,,65.0,29.0,250.0,,,,2003.0,12.0,4.0,,1,False,False,True,False,False,False,True,False,False
,20.0,10.0,118.0,2000.0,640.0,471.6,235.8,7.368,,,,0.0847457627118644,1,False,False,True,False,False,False,True,False,False
2011-02-01,32.0,,216.0,1160.0,850.0,,259.2,,2011.0,2.0,1.0,,1,False,True,False,False,True,False,False,False,False
2019-03-13,14.0,150.0,232.0,5700.0,1074.0,4394.0,4394.0,274.6,2019.0,3.0,1.0,0.646551724137931,1,False,False,False,False,False,False,False,False,False
2019-08-21,14.0,15.0,,,300.0,806.4,403.2,100.8,2019.0,8.0,3.0,,1,False,True,False,False,True,False,False,False,False
2002-02-19,150.0,,142.0,63.0,300.0,,,,2002.0,2.0,1.0,,1,False,False,True,False,False,False,True,False,False
2004-06-01,130.0,,92.0,76.0,333.0,,,,2004.0,6.0,2.0,,1,True,False,False,False,False,False,True,False,False
2015-02-05,28.0,75.0,148.0,1870.0,1020.0,,1389.0,43.4,2015.0,2.0,1.0,0.5067567567567568,1,False,False,True,False,False,False,True,False,False
2012-01-05,40.0,19.0,59.0,292.0,650.0,,104.0,,2012.0,1.0,1.0,0.3220338983050847,1,False,False,False,False,False,False,True,False,False
2014-10-07,28.0,,398.0,5200.0,924.0,,2657.0,83.04,2014.0,10.0,4.0,,1,False,False,True,False,False,False,True,False,False
2002-07-01,150.0,,215.0,110.0,277.0,,,,2002.0,7.0,3.0,,1,True,False,False,False,False,False,True,False,False
2018-01-01,16.0,250.0,471.0,11800.0,1557.0,167.0,10690.0,334.0,2018.0,1.0,1.0,0.5307855626326964,1,False,False,True,False,False,False,True,False,False
2016-05-15,28.0,,125.0,1550.0,780.0,588.8,588.8,36.8,2016.0,5.0,2.0,,1,False,False,False,False,False,False,True,False,False
2016-05-18,28.0,,148.0,1870.0,1033.0,,1672.0,52.24,2016.0,5.0,2.0,,1,False,False,True,False,False,False,True,False,False
2007-12-29,130.0,49.0,289.0,160.0,400.0,,,,2007.0,12.0,4.0,0.1695501730103806,1,True,False,False,False,False,False,True,False,False
2010-01-10,40.0,14.0,57.0,260.0,525.0,,36.8,,2010.0,1.0,1.0,0.24561403508771928,1,False,False,True,False,False,False,True,False,False
2008-09-01,55.0,110.0,192.0,666.0,660.0,,422.4,84.48,2008.0,9.0,3.0,0.5729166666666666,1,True,False,False,False,False,False,True,False,False
,180.0,30.0,131.0,30.0,200.0,,,,,,,0.22900763358778625,1,False,False,False,True,False,False,True,False,False
2014-09-05,14.0,15.0,,,300.0,,307.2,76.8,2014.0,9.0,3.0,,1,False,True,False,False,True,False,False,False,False
2004-12-17,0.0,,,,250.0,,,,2004.0,12.0,4.0,,1,False,False,False,True,False,False,False,True,False
2012-08-22,28.0,130.0,294.0,3540.0,823.0,,2046.0,85.25,2012.0,8.0,3.0,0.4421768707482993,1,False,False,True,False,False,False,True,False,False
2010-11-15,40.0,150.0,332.0,1950.0,650.0,,748.8,62.4,2010.0,11.0,4.0,0.45180722891566266,1,False,False,True,False,False,False,True,False,False
2014-10-12,28.0,,125.0,1550.0,925.0,721.9,721.9,45.12,2014.0,10.0,4.0,,1,False,False,False,False,False,False,True,False,False
2007-10-01,90.0,41.0,150.0,157.0,500.0,,,,2007.0,10.0,4.0,0.2733333333333333,1,True,False,False,False,False,False,True,False,False
2006-04-18,90.0,20.0,196.0,278.0,375.0,,,,2006.0,4.0,2.0,0.10204081632653061,1,False,False,True,False,False,False,True,False,False
2001-02-19,180.0,23.0,80.0,30.0,183.0,,,,2001.0,2.0,1.0,0.2875,1,True,False,False,False,False,False,True,False,False
2012-01-05,40.0,25.0,67.0,370.0,625.0,,200.0,,2012.0,1.0,1.0,0.373134328358209,1,False,False,False,False,False,False,True,False,False
2008-07-21,65.0,125.0,324.0,754.0,725.0,,448.0,,2008.0,7.0,3.0,0.38580246913580246,1,False,False,True,False,False,False,True,False,False
2003-12-14,150.0,,65.0,29.0,250.0,,,,2003.0,12.0,4.0,,1,False,False,True,False,False,False,True,False,False
2007-02-12,90.0,143.0,484.0,681.0,513.0,,228.1,,2007.0,2.0,1.0,0.29545454545454547,1,False,False,True,False,False,False,True,False,False
2010-06-03,40.0,20.0,,,300.0,,,,2010.0,6.0,2.0,,1,False,False,True,False,False,False,True,False,False
2011-01-05,40.0,35.0,116.0,585.0,672.0,,258.0,21.5,2011.0,1.0,1.0,0.3017241379310345,1,False,False,True,False,False,False,True,False,False
2019-11-26,12.0,250.0,815.0,21100.0,1245.0,32710.0,16350.000000000002,8177.0,2019.0,11.0,4.0,0.3067484662576687,1,False,False,True,False,False,False,True,False,False
2020-08-15,12.0,25.0,200.0,4700.0,720.0,3333.0,1667.0,52.08,2020.0,8.0,3.0,0.125,1,False,False,True,False,False,False,True,False,False
,,215.0,529.0,3100.0,608.0,,1089.0,,,,,0.4064272211720227,1,False,False,True,False,False,False,True,False,False
2019-06-03,7.0,475.0,331.0,13230.0,1574.0,28180.0,14090.0,880.6,2019.0,6.0,2.0,1.4350453172205437,1,False,False,False,False,False,False,True,False,False
2004-04-14,110.0,,287.0,222.0,325.0,,,,2004.0,4.0,2.0,,1,False,False,True,False,False,False,True,False,False
2016-09-13,16.0,250.0,471.0,11800.0,1303.0,183.7,11760.0,367.4,2016.0,9.0,3.0,0.5307855626326964,1,False,False,True,False,False,False,True,False,False
2015-09-29,28.0,75.0,160.0,2080.0,1000.0,,1536.0,96.0,2015.0,9.0,3.0,0.46875,1,False,False,False,False,False,False,True,False,False
2017-05-17,14.0,25.0,74.0,1800.0,1469.0,18.38,1177.0,36.77,2017.0,5.0,2.0,0.33783783783783783,1,False,False,True,False,False,True,False,False,False
2003-06-16,150.0,,215.0,117.0,378.0,,,,2003.0,6.0,2.0,,1,True,False,False,False,False,False,True,False,False
2004-08-09,130.0,55.0,225.0,222.0,350.0,,,,2004.0,8.0,3.0,0.24444444444444444,1,False,False,True,False,False,False,True,False,False
,55.0,110.0,192.0,666.0,777.0,,497.3,99.46,,,,0.5729166666666666,1,True,False,False,False,False,False,True,False,False
2020-08-04,7.0,85.0,158.0,6400.0,1000.0,8448.0,4224.0,264.0,2020.0,8.0,3.0,0.5379746835443038,1,False,False,False,False,False,False,True,False,False
2007-06-28,65.0,35.0,153.0,390.0,600.0,,144.0,,2007.0,6.0,2.0,0.22875816993464052,1,True,False,False,False,False,False,True,False,False
2021-04-12,8.0,150.0,628.0,28300.0,885.0,31240.0,31240.0,976.3,2021.0,4.0,2.0,0.23885350318471338,1,False,False,True,False,False,True,False,False,False
2001-08-14,180.0,,115.0,30.0,187.0,,,,2001.0,8.0,3.0,,1,True,False,False,False,False,False,True,False,False
,40.0,215.0,529.0,3100.0,608.0,,855.4,,,,,0.4064272211720227,1,False,False,True,False,False,False,True,False,False
2010-12-24,40.0,62.0,238.0,1170.0,625.0,,480.0,40.0,2010.0,12.0,4.0,0.2605042016806723,1,False,False,True,False,False,False,True,False,False
2014-07-02,28.0,225.0,294.0,3540.0,745.0,,2289.0,95.36,2014.0,7.0,3.0,0.7653061224489796,1,False,False,True,False,False,False,True,False,False
,,30.0,131.0,30.0,200.0,,,,,,,0.22900763358778625,1,False,False,False,True,False,False,True,False,False
2009-03-04,55.0,150.0,260.0,754.0,675.0,,414.7,,2009.0,3.0,1.0,0.5769230769230769,1,False,False,True,False,False,False,True,False,False
2004-12-01,130.0,69.0,297.0,160.0,520.0,,,,2004.0,12.0,4.0,0.23232323232323232,1,True,False,False,False,False,False,True,False,False
2011-02-22,40.0,100.0,332.0,1950.0,475.0,,638.4,53.2,2011.0,2.0,1.0,0.30120481927710846,1,False,False,True,False,False,False,True,False,False
2015-08-30,28.0,225.0,398.0,5200.0,557.0,,4825.0,150.8,2015.0,8.0,3.0,0.5653266331658291,1,False,False,True,False,False,False,True,False,False
2002-09-25,150.0,,65.0,29.0,275.0,,,,2002.0,9.0,3.0,,1,False,False,True,False,False,False,True,False,False
2018-02-21,16.0,75.0,314.0,7200.0,1328.0,86.41,5530.0,172.8,2018.0,2.0,1.0,0.23885350318471338,1,False,False,True,False,False,False,True,False,False
2008-07-29,65.0,60.0,240.0,505.0,530.0,,127.2,,2008.0,7.0,3.0,0.25,1,False,False,True,False,False,False,True,False,False
2004-01-26,150.0,,98.0,36.0,250.0,,,,2004.0,1.0,1.0,,1,True,False,False,False,False,False,False,True,False
2004-02-19,150.0,,65.0,29.0,250.0,,,,2004.0,2.0,1.0,,1,False,False,True,False,False,False,True,False,False
2007-05-14,65.0,,153.0,390.0,680.0,,163.2,,2007.0,5.0,2.0,,1,True,False,False,False,False,False,True,False,False
2013-05-30,28.0,55.0,221.0,2540.0,628.0,,1009.0,42.05,2013.0,5.0,2.0,0.248868778280543,1,False,False,True,False,False,False,True,False,False
2010-01-07,40.0,11.0,59.0,292.0,650.0,,104.0,,2010.0,1.0,1.0,0.1864406779661017,1,True,False,False,False,False,False,True,False,False
2004-11-14,110.0,47.0,154.0,146.0,500.0,,,,2004.0,11.0,4.0,0.3051948051948052,1,False,False,True,False,False,False,True,False,False
2013-04-01,28.0,,77.0,950.0,850.0,,691.2,43.2,2013.0,4.0,2.0,,1,False,False,False,False,False,False,True,False,False
2009-03-10,55.0,50.0,121.0,314.0,738.0,,117.5,,2009.0,3.0,1.0,0.4132231404958678,1,False,False,True,False,False,False,True,False,False
2015-05-05,28.0,50.0,77.0,950.0,730.0,,599.0,37.44,2015.0,5.0,2.0,0.6493506493506493,1,False,False,False,False,False,False,True,False,False
2006-10-01,80.0,66.0,230.0,330.0,575.0,,,,2006.0,10.0,4.0,0.28695652173913044,1,True,False,False,False,False,False,True,False,False
2016-08-30,14.0,15.0,,,300.0,768.0,384.0,96.0,2016.0,8.0,3.0,,1,False,True,False,False,True,False,False,False,False
2016-06-29,14.0,150.0,232.0,5700.0,1120.0,5834.0,5834.0,364.6,2016.0,6.0,2.0,0.646551724137931,1,False,False,False,False,False,False,False,False,False
2003-09-15,130.0,,,90.0,350.0,,,,2003.0,9.0,3.0,,1,False,False,False,True,False,False,False,True,False
2018-04-11,14.0,50.0,103.0,2200.0,1100.0,1647.0,1647.0,103.0,2018.0,4.0,2.0,0.4854368932038835,1,False,False,False,False,False,False,False,False,False
2012-03-22,40.0,33.0,116.0,585.0,660.0,,253.4,21.12,2012.0,3.0,1.0,0.28448275862068967,1,False,False,True,False,False,False,True,False,False
2003-03-01,150.0,,81.0,36.0,250.0,,,,2003.0,3.0,1.0,,1,True,False,False,False,False,False,False,True,False
2004-08-03,130.0,57.0,281.0,160.0,491.0,,,,2004.0,8.0,3.0,0.20284697508896798,1,True,False,False,False,False,False,True,False,False
2006-04-18,90.0,45.0,196.0,278.0,375.0,,,,2006.0,4.0,2.0,0.22959183673469388,1,False,False,True,False,False,False,True,False,False
2007-04-17,80.0,40.0,127.0,210.0,500.0,,38.4,,2007.0,4.0,2.0,0.31496062992125984,1,False,False,True,False,False,False,False,False,True
2007-03-05,90.0,154.0,484.0,681.0,500.0,,230.4,,2007.0,3.0,1.0,0.3181818181818182,1,False,False,True,False,False,False,True,False,False
2019-05-27,12.0,50.0,200.0,4700.0,1395.0,5215.0,2607.0,81.48,2019.0,5.0,2.0,0.25,1,False,False,True,False,False,False,True,False,False
2006-11-11,90.0,80.0,258.0,300.0,550.0,,,,2006.0,11.0,4.0,0.31007751937984496,1,False,False,True,False,False,True,False,False,False
,180.0,15.0,112.0,14.0,166.0,,,,,,,0.13392857142857142,1,False,False,False,True,False,False,True,False,False
2017-04-18,14.0,150.0,232.0,5700.0,1168.0,5095.0,5095.0,318.5,2017.0,4.0,2.0,0.646551724137931,1,False,False,False,False,False,False,False,False,False
2002-07-01,150.0,,215.0,110.0,325.0,,,,2002.0,7.0,3.0,,1,True,False,False,False,False,False,True,False,False
2013-11-22,28.0,245.0,561.0,7080.0,745.0,,5046.0,1682.0,2013.0,11.0,4.0,0.43672014260249553,1,False,False,True,False,False,False,True,False,False
2017-02-01,16.0,75.0,200.0,4400.0,1493.0,38.88,2488.0,77.76,2017.0,2.0,1.0,0.375,1,False,False,True,False,False,False,True,False,False
2010-11-09,40.0,18.0,75.0,450.0,488.0,,78.08,,2010.0,11.0,4.0,0.24,1,False,False,False,False,False,False,True,False,False
2009-01-09,55.0,,73.0,242.0,680.0,,108.8,,2009.0,1.0,1.0,,1,True,False,False,False,False,False,True,False,False
2000-07-25,180.0,,64.0,20.0,200.0,,,,2000.0,7.0,3.0,,1,False,False,True,False,False,False,True,False,False
2013-10-08,28.0,65.0,77.0,950.0,1000.0,,806.4,50.4,2013.0,10.0,4.0,0.8441558441558441,1,False,False,False,False,False,False,True,False,False
2007-02-01,90.0,,150.0,157.0,500.0,,,,2007.0,2.0,1.0,,1,True,False,False,False,False,False,True,False,False
2019-05-27,12.0,80.0,545.0,13600.0,780.0,14130.0,7066.0,220.8,2019.0,5.0,2.0,0.14678899082568808,1,False,False,True,False,False,False,True,False,False
2002-02-06,150.0,,65.0,29.0,250.0,,,,2002.0,2.0,1.0,,1,False,False,True,False,False,False,True,False,False
2008-04-28,65.0,84.0,324.0,754.0,550.0,,264.0,,2008.0,4.0,2.0,0.25925925925925924,1,False,False,True,False,False,False,True,False,False
2003-03-15,150.0,,101.0,36.0,300.0,,,,2003.0,3.0,1.0,,1,False,False,True,False,False,False,True,False,False
2012-02-20,40.0,150.0,332.0,1950.0,736.0,,847.9,70.66,2012.0,2.0,1.0,0.45180722891566266,1,False,False,True,False,False,False,True,False,False
2004-02-25,130.0,,133.0,82.0,295.0,,,,2004.0,2.0,1.0,,1,False,False,True,False,False,False,True,False,False
2013-10-08,28.0,30.0,77.0,950.0,730.0,,499.2,,2013.0,10.0,4.0,0.38961038961038963,1,False,False,False,False,False,False,True,False,False
2001-04-18,180.0,79.0,188.0,54.0,147.0,,,,2001.0,4.0,2.0,0.42021276595744683,1,False,False,False,True,False,True,False,False,False
2004-03-17,150.0,,91.0,45.0,270.0,,,,2004.0,3.0,1.0,,1,False,False,True,False,False,False,True,False,False
2018-09-30,28.0,65.0,118.0,1270.0,1058.0,,812.5,33.86,2018.0,9.0,3.0,0.5508474576271186,1,False,False,True,False,False,False,True,False,False
2015-09-01,14.0,15.0,123.0,,300.0,691.2,345.6,86.4,2015.0,9.0,3.0,0.12195121951219512,1,False,True,False,False,True,False,False,False,False
2012-01-07,40.0,11.0,104.0,716.0,450.0,,360.0,,2012.0,1.0,1.0,0.10576923076923077,1,False,False,False,False,False,False,True,False,False
2015-11-07,28.0,15.0,125.0,1200.0,200.0,553.0,553.0,276.5,2015.0,11.0,4.0,0.12,1,False,False,False,False,False,False,False,False,False
2019-05-27,12.0,60.0,445.0,10800.0,600.0,9331.0,4666.0,145.8,2019.0,5.0,2.0,0.1348314606741573,1,False,False,True,False,False,False,True,False,False
2010-01-07,40.0,30.0,166.0,1040.0,500.0,,800.0,,2010.0,1.0,1.0,0.18072289156626506,1,True,False,False,False,False,False,True,False,False
2018-10-18,16.0,120.0,314.0,7200.0,1506.0,68.36,4375.0,136.7,2018.0,10.0,4.0,0.3821656050955414,1,False,False,True,False,False,False,True,False,False
2013-06-03,22.0,45.0,,,200.0,,736.0,184.0,2013.0,6.0,2.0,,1,False,True,False,False,True,False,False,False,False
2015-03-13,28.0,75.0,148.0,1870.0,993.0,,1439.0,44.96,2015.0,3.0,1.0,0.5067567567567568,1,False,False,True,False,False,False,True,False,False
2011-03-08,40.0,375.0,389.0,2640.0,830.0,,2550.0,637.4,2011.0,3.0,1.0,0.9640102827763496,1,False,False,False,False,False,False,True,False,False
2013-04-01,28.0,45.0,118.0,1270.0,810.0,,622.1,25.92,2013.0,4.0,2.0,0.3813559322033898,1,False,False,True,False,False,False,True,False,False
2006-10-25,110.0,30.0,74.0,107.0,325.0,,,,2006.0,10.0,4.0,0.40540540540540543,1,True,False,False,False,False,False,True,False,False
2005-01-01,110.0,,154.0,146.0,300.0,,,,2005.0,1.0,1.0,,1,False,False,True,False,False,False,True,False,False
2014-01-01,28.0,,56.0,690.0,1030.0,,659.2,,2014.0,1.0,1.0,,1,False,False,False,False,False,False,True,False,False
,28.0,35.0,294.0,3540.0,797.0,,2142.0,89.26,,,,0.11904761904761904,1,False,False,True,False,False,False,True,False,False
2010-01-10,40.0,14.0,57.0,260.0,606.0,,48.96,,2010.0,1.0,1.0,0.24561403508771928,1,False,False,True,False,False,False,True,False,False
2009-04-09,55.0,188.0,470.0,1400.0,610.0,,622.1,77.76,2009.0,4.0,2.0,0.4,1,False,False,True,False,False,False,True,False,False
2017-01-11,28.0,25.0,,,1041.0,,799.5,24.98,2017.0,1.0,1.0,,1,False,False,True,False,False,False,True,False,False
2007-08-01,90.0,13.0,,,667.0,,,,2007.0,8.0,3.0,,1,False,True,False,False,True,False,False,False,False
2008-06-04,55.0,55.0,192.0,666.0,660.0,,422.4,84.48,2008.0,6.0,2.0,0.2864583333333333,1,True,False,False,False,False,False,True,False,False
2002-02-06,150.0,,101.0,36.0,250.0,,,,2002.0,2.0,1.0,,1,False,False,True,False,False,False,True,False,False
2014-03-24,28.0,15.0,116.0,585.0,738.0,,141.7,11.81,2014.0,3.0,1.0,0.12931034482758622,1,False,False,True,False,False,False,True,False,False
2014-09-05,14.0,15.0,133.0,,300.0,,729.6,182.4,2014.0,9.0,3.0,0.11278195488721804,1,False,True,False,False,True,False,False,False,False
2019-07-23,12.0,250.0,545.0,13600.0,1650.0,22300.0,11150.0,348.5,2019.0,7.0,3.0,0.45871559633027525,1,False,False,True,False,False,False,True,False,False
2007-11-08,90.0,,150.0,157.0,398.0,,,,2007.0,11.0,4.0,,1,True,False,False,False,False,False,True,False,False
2011-01-04,40.0,26.0,104.0,716.0,500.0,,480.0,,2011.0,1.0,1.0,0.25,1,False,False,False,False,False,False,True,False,False
2015-05-05,28.0,50.0,56.0,690.0,830.0,,547.2,,2015.0,5.0,2.0,0.8928571428571429,1,False,False,False,False,False,False,True,False,False
2007-04-17,80.0,40.0,127.0,210.0,459.0,,29.38,,2007.0,4.0,2.0,0.31496062992125984,1,False,False,True,False,False,False,True,False,False
2012-04-24,28.0,25.0,123.0,1500.0,575.0,,691.2,43.2,2012.0,4.0,2.0,0.2032520325203252,1,False,False,False,False,False,False,True,False,False
2012-01-05,40.0,45.0,118.0,716.0,600.0,,576.0,,2012.0,1.0,1.0,0.3813559322033898,1,False,False,False,False,False,False,True,False,False
2012-06-06,40.0,18.0,75.0,450.0,500.0,,80.0,,2012.0,6.0,2.0,0.24,1,False,False,False,False,False,False,True,False,False
2007-01-10,80.0,130.0,230.0,330.0,575.0,,,,2007.0,1.0,1.0,0.5652173913043478,1,True,False,False,False,False,False,True,False,False
2001-08-14,150.0,,120.0,60.0,300.0,,,,2001.0,8.0,3.0,,1,True,False,False,False,False,False,True,False,False
2014-10-02,28.0,225.0,438.0,6200.0,824.0,,4219.0,2109.0,2014.0,10.0,4.0,0.5136986301369864,1,False,False,False,False,False,False,True,False,False
2011-01-04,40.0,,104.0,716.0,600.0,,576.0,,2011.0,1.0,1.0,,1,False,False,False,False,False,False,True,False,False
2012-01-07,40.0,13.0,104.0,716.0,500.0,,480.0,,2012.0,1.0,1.0,0.125,1,False,False,False,False,False,False,True,False,False
2015-12-01,28.0,50.0,160.0,2080.0,930.0,,1428.0,89.28,2015.0,12.0,4.0,0.3125,1,False,False,False,False,False,False,True,False,False
2019-01-08,14.0,10.0,210.0,4940.0,300.0,3331.0,1665.0,104.1,2019.0,1.0,1.0,0.047619047619047616,1,False,False,False,False,False,False,False,False,False
2014-03-17,28.0,15.0,116.0,585.0,775.0,,297.6,24.8,2014.0,3.0,1.0,0.12931034482758622,1,False,False,True,False,False,False,True,False,False
2005-03-07,110.0,,156.0,120.0,425.0,,,,2005.0,3.0,1.0,,1,True,False,False,False,False,False,True,False,False
2020-01-29,12.0,65.0,445.0,10800.0,975.0,9101.0,4550.0,142.2,2020.0,1.0,1.0,0.14606741573033707,1,False,False,True,False,False,False,True,False,False
2005-03-01,110.0,,156.0,120.0,350.0,,,,2005.0,3.0,1.0,,1,True,False,False,False,False,False,True,False,False
2005-12-20,90.0,113.0,288.0,321.0,600.0,,,,2005.0,12.0,4.0,0.3923611111111111,1,True,False,False,False,False,False,True,False,False
2015-05-05,28.0,,123.0,1500.0,900.0,,1171.0,73.2,2015.0,5.0,2.0,,1,False,False,False,False,False,False,True,False,False
2017-11-17,28.0,30.0,,,978.0,,772.6,24.14,2017.0,11.0,4.0,,1,False,False,True,False,False,False,True,False,False
2012-10-23,28.0,35.0,118.0,1270.0,797.0,,306.0,12.75,2012.0,10.0,4.0,0.2966101694915254,1,False,False,True,False,False,False,True,False,False
2012-01-05,40.0,60.0,118.0,716.0,650.0,,624.0,,2012.0,1.0,1.0,0.5084745762711864,1,False,False,False,False,False,False,True,False,False
2008-07-29,65.0,65.0,324.0,754.0,500.0,,240.0,,2008.0,7.0,3.0,0.2006172839506173,1,False,False,True,False,False,False,True,False,False
2006-02-01,90.0,,81.0,112.0,350.0,,,,2006.0,2.0,1.0,,1,False,False,True,False,False,False,False,False,True
2007-03-05,90.0,134.0,484.0,681.0,500.0,,230.4,,2007.0,3.0,1.0,0.2768595041322314,1,False,False,True,False,False,False,True,False,False
2006-02-01,90.0,,81.0,112.0,425.0,,,,2006.0,2.0,1.0,,1,False,False,True,False,False,False,False,False,True
2012-02-15,28.0,80.0,123.0,1500.0,1000.0,,1280.0,80.0,2012.0,2.0,1.0,0.6504065040650406,1,False,False,False,False,False,False,True,False,False
2003-05-01,150.0,,92.0,76.0,300.0,,,,2003.0,5.0,2.0,,1,True,False,False,False,False,False,False,False,True
2007-11-01,65.0,65.0,324.0,754.0,500.0,,240.0,,2007.0,11.0,4.0,0.2006172839506173,1,False,False,True,False,False,False,True,False,False
2010-02-09,40.0,39.0,104.0,627.0,625.0,,500.0,,2010.0,2.0,1.0,0.375,1,True,False,False,False,False,False,True,False,False
2012-03-22,28.0,20.0,118.0,1270.0,500.0,,384.0,16.0,2012.0,3.0,1.0,0.1694915254237288,1,False,False,True,False,False,False,True,False,False
2003-04-01,150.0,,120.0,60.0,250.0,,,,2003.0,4.0,2.0,,1,True,False,False,False,False,False,True,False,False
2007-03-01,80.0,,100.0,107.0,480.0,,,,2007.0,3.0,1.0,,1,True,False,False,False,False,False,True,False,False
2010-01-07,40.0,7.0,59.0,292.0,500.0,,80.0,,2010.0,1.0,1.0,0.11864406779661017,1,True,False,False,False,False,False,True,False,False
2015-09-29,40.0,25.0,67.0,370.0,600.0,,192.0,,2015.0,9.0,3.0,0.373134328358209,1,False,False,False,False,False,False,True,False,False
2007-02-28,80.0,,73.0,120.0,400.0,,,,2007.0,2.0,1.0,,1,True,False,False,False,False,False,False,False,True
,55.0,106.0,192.0,666.0,777.0,,497.3,99.46,,,,0.5520833333333334,1,True,False,False,False,False,False,True,False,False
2004-12-12,90.0,4.0,,,133.0,,,,2004.0,12.0,4.0,,1,False,False,False,True,False,True,False,False,False
2016-06-01,28.0,15.0,125.0,1200.0,200.0,251.5,251.5,15.72,2016.0,6.0,2.0,0.12,1,False,False,False,False,False,False,False,False,False
2014-09-17,28.0,15.0,245.0,2410.0,497.0,,254.5,15.9,2014.0,9.0,3.0,0.061224489795918366,1,False,False,False,False,False,False,False,False,False
2015-06-29,28.0,120.0,398.0,5200.0,773.0,,2573.0,80.39,2015.0,6.0,2.0,0.3015075376884422,1,False,False,True,False,False,False,True,False,False
2016-10-25,14.0,75.0,132.0,3300.0,1291.0,33.41,2138.0,66.82,2016.0,10.0,4.0,0.5681818181818182,1,False,False,True,False,False,True,False,False,False
2020-02-10,14.0,20.0,132.0,3300.0,747.0,18.74,1199.0,37.48,2020.0,2.0,1.0,0.15151515151515152,1,False,False,True,False,False,True,False,False,False
2003-06-05,150.0,,101.0,36.0,199.0,,,,2003.0,6.0,2.0,,1,False,False,True,False,False,False,True,False,False
2007-11-06,80.0,127.0,420.0,720.0,600.0,,384.0,,2007.0,11.0,4.0,0.30238095238095236,1,True,False,False,False,False,False,True,False,False
2013-06-17,22.0,300.0,350.0,5000.0,1238.0,,650.5,,2013.0,6.0,2.0,0.8571428571428571,1,False,True,False,False,True,False,False,False,False
2008-08-15,65.0,12.0,86.0,210.0,580.0,,23.2,,2008.0,8.0,3.0,0.13953488372093023,1,False,False,True,False,False,False,True,False,False
2009-03-03,65.0,45.0,240.0,505.0,400.0,,128.0,,2009.0,3.0,1.0,0.1875,1,False,False,True,False,False,False,True,False,False
2003-09-15,130.0,,,110.0,300.0,,,,2003.0,9.0,3.0,,1,False,False,False,True,False,False,False,True,False
2015-06-29,28.0,150.0,398.0,5200.0,861.0,,4252.0,132.9,2015.0,6.0,2.0,0.3768844221105528,1,False,False,True,False,False,False,True,False,False
2008-09-11,55.0,65.0,135.0,378.0,796.0,,191.0,,2008.0,9.0,3.0,0.48148148148148145,1,True,False,False,False,False,False,True,False,False
2014-01-07,28.0,,56.0,690.0,780.0,,547.2,34.2,2014.0,1.0,1.0,,1,False,False,False,False,False,False,True,False,False
2007-04-17,65.0,40.0,144.0,314.0,450.0,,35.2,,2007.0,4.0,2.0,0.2777777777777778,1,False,False,True,False,False,False,False,False,True
2012-01-07,40.0,7.0,67.0,370.0,700.0,,224.0,,2012.0,1.0,1.0,0.1044776119402985,1,False,False,False,False,False,False,True,False,False
2008-08-14,65.0,100.0,324.0,754.0,675.0,,422.4,,2008.0,8.0,3.0,0.30864197530864196,1,False,False,True,False,False,False,True,False,False
,12.0,30.0,350.0,9000.0,854.0,2820.0,1410.0,705.0,,,,0.08571428571428572,1,False,False,True,False,False,False,True,False,False
2007-05-09,90.0,13.0,,,500.0,,,,2007.0,5.0,2.0,,1,False,True,False,False,True,False,False,False,False
2020-05-13,14.0,15.0,,,350.0,921.6,460.8,115.2,2020.0,5.0,2.0,,1,False,True,False,False,True,False,False,False,False
2015-01-28,28.0,15.0,107.0,930.0,600.0,,153.6,9.6,2015.0,1.0,1.0,0.14018691588785046,1,False,False,False,False,False,False,False,False,False
2002-02-19,150.0,,65.0,29.0,270.0,,,,2002.0,2.0,1.0,,1,False,False,True,False,False,False,True,False,False
2012-04-02,40.0,25.0,79.0,292.0,523.0,,100.4,8.368,2012.0,4.0,2.0,0.31645569620253167,1,False,False,True,False,False,False,True,False,False
2007-05-14,65.0,,153.0,390.0,500.0,,120.0,,2007.0,5.0,2.0,,1,True,False,False,False,False,False,True,False,False
2012-09-01,32.0,19.0,246.0,1303.0,320.0,,325.6,,2012.0,9.0,3.0,0.07723577235772358,1,False,False,False,False,False,False,True,False,False
2011-01-04,40.0,75.0,212.0,1700.0,680.0,,1306.0,,2011.0,1.0,1.0,0.35377358490566035,1,False,False,False,False,False,False,True,False,False
2010-02-04,40.0,19.0,59.0,292.0,650.0,,104.0,,2010.0,2.0,1.0,0.3220338983050847,1,True,False,False,False,False,False,True,False,False
2000-08-24,180.0,45.0,120.0,51.0,162.0,,,,2000.0,8.0,3.0,0.375,1,True,False,False,False,False,True,False,False,False
2014-03-27,28.0,19.0,87.0,1020.0,954.0,,366.3,15.26,2014.0,3.0,1.0,0.21839080459770116,1,False,False,True,False,False,False,True,False,False
2014-03-10,28.0,75.0,294.0,3540.0,797.0,,2108.0,87.84,2014.0,3.0,1.0,0.25510204081632654,1,False,False,True,False,False,False,True,False,False
2001-03-22,150.0,,88.0,25.0,200.0,,,,2001.0,3.0,1.0,,1,False,False,True,False,False,False,True,False,False
2002-03-01,150.0,,65.0,29.0,200.0,,,,2002.0,3.0,1.0,,1,False,False,True,False,False,False,True,False,False
2020-04-01,12.0,75.0,200.0,4700.0,1410.0,5699.0,2849.0,89.04,2020.0,4.0,2.0,0.375,1,False,False,True,False,False,False,True,False,False
2008-08-19,55.0,23.0,121.0,314.0,550.0,,84.8,,2008.0,8.0,3.0,0.19008264462809918,1,False,False,True,False,False,False,True,False,False
2011-08-15,40.0,18.0,75.0,450.0,508.0,,81.28,,2011.0,8.0,3.0,0.24,1,False,False,False,False,False,False,True,False,False
2010-03-31,40.0,33.0,100.0,486.0,475.0,,105.6,,2010.0,3.0,1.0,0.33,1,False,False,True,False,False,False,True,False,False
,55.0,145.0,192.0,666.0,669.0,,428.2,,,,,0.7552083333333334,1,True,False,False,False,False,False,True,False,False
2014-07-22,28.0,15.0,87.0,1020.0,719.0,,291.1,12.13,2014.0,7.0,3.0,0.1724137931034483,1,False,False,True,False,False,False,True,False,False
,7.0,150.0,236.0,,1489.0,15090.0,7544.0,471.5,,,,0.635593220338983,1,False,False,False,False,False,False,True,False,False
2008-07-21,65.0,125.0,324.0,754.0,600.0,,336.0,,2008.0,7.0,3.0,0.38580246913580246,1,False,False,True,False,False,False,True,False,False
,110.0,,,,450.0,,,,,,,,1,False,False,False,True,False,False,False,True,False
2015-09-01,14.0,15.0,,,300.0,1536.0,768.0,192.0,2015.0,9.0,3.0,,1,False,True,False,False,True,False,False,False,False
2010-01-07,40.0,28.0,144.0,727.0,450.0,,155.5,,2010.0,1.0,1.0,0.19444444444444445,1,False,False,True,False,False,False,True,False,False
2005-10-01,90.0,,100.0,107.0,600.0,,,,2005.0,10.0,4.0,,1,True,False,False,False,False,False,True,False,False
2014-03-01,28.0,375.0,352.0,4313.0,825.0,,3405.0,851.2,2014.0,3.0,1.0,1.0653409090909092,1,False,False,False,False,False,False,True,False,False
2012-05-15,32.0,25.0,246.0,1303.0,360.0,,381.7,,2012.0,5.0,2.0,0.1016260162601626,1,False,False,False,False,False,False,True,False,False
2001-06-04,180.0,,65.0,20.0,175.0,,,,2001.0,6.0,2.0,,1,False,False,True,False,False,False,False,False,True
2015-06-02,28.0,250.0,601.0,8000.0,1000.0,,6060.0,189.4,2015.0,6.0,2.0,0.415973377703827,1,False,False,True,False,False,False,True,False,False
2016-04-26,28.0,350.0,596.0,8900.0,1000.0,8192.0,8192.0,512.0,2016.0,4.0,2.0,0.587248322147651,1,False,False,False,False,False,False,True,False,False
2019-11-13,7.0,85.0,158.0,6400.0,1000.0,8909.0,4454.0,278.4,2019.0,11.0,4.0,0.5379746835443038,1,False,False,False,False,False,False,True,False,False
2008-10-15,65.0,12.0,144.0,314.0,450.0,,35.2,,2008.0,10.0,4.0,0.08333333333333333,1,False,False,True,False,False,False,False,False,True
2015-01-28,28.0,100.0,107.0,930.0,351.0,,89.86,5.616,2015.0,1.0,1.0,0.9345794392523364,1,False,False,False,False,False,False,False,False,False
2017-01-03,14.0,15.0,,,300.0,1766.0,883.2,220.8,2017.0,1.0,1.0,,1,False,True,False,False,True,False,False,False,False
2008-09-10,55.0,48.0,146.0,514.0,600.0,,384.0,,2008.0,9.0,3.0,0.3287671232876712,1,True,False,False,False,False,False,True,False,False
2011-01-05,40.0,14.0,57.0,260.0,606.0,,38.78,,2011.0,1.0,1.0,0.24561403508771928,1,False,False,True,False,False,False,True,False,False
2008-07-23,55.0,182.0,470.0,1400.0,576.0,,476.9,59.62,2008.0,7.0,3.0,0.3872340425531915,1,False,False,True,False,False,False,True,False,False
2021-01-01,8.0,90.0,,,1545.0,8018.000000000001,8018.000000000001,125.3,2021.0,1.0,1.0,,1,False,False,True,False,False,True,False,False,False
2002-04-16,150.0,23.0,83.0,60.0,260.0,,,,2002.0,4.0,2.0,0.27710843373493976,1,True,False,False,False,False,False,True,False,False
2015-01-09,28.0,,398.0,5200.0,935.0,,1915.0,59.84,2015.0,1.0,1.0,,1,False,False,True,False,False,False,True,False,False
2014-09-05,14.0,15.0,133.0,,300.0,,768.0,192.0,2014.0,9.0,3.0,0.11278195488721804,1,False,True,False,False,True,False,False,False,False
2019-11-13,7.0,85.0,158.0,6400.0,1000.0,8138.0,4069.0,254.3,2019.0,11.0,4.0,0.5379746835443038,1,False,False,False,False,False,False,True,False,False
2009-01-08,65.0,14.0,144.0,314.0,450.0,,35.2,,2009.0,1.0,1.0,0.09722222222222222,1,False,False,True,False,False,False,False,False,True
2015-07-08,28.0,275.0,438.0,6200.0,930.0,,5238.0,2619.0,2015.0,7.0,3.0,0.6278538812785388,1,False,False,False,False,False,False,True,False,False
2015-09-21,28.0,,398.0,5200.0,1064.0,,4358.0,136.2,2015.0,9.0,3.0,,1,False,False,True,False,False,False,True,False,False
2020-04-23,12.0,50.0,284.0,6600.0,1350.0,6083.0,3041.0,95.04,2020.0,4.0,2.0,0.176056338028169,1,False,False,True,False,False,False,True,False,False
2005-05-04,130.0,,76.0,60.0,425.0,,,,2005.0,5.0,2.0,,1,True,False,False,False,False,False,True,False,False
2011-01-04,40.0,26.0,104.0,716.0,450.0,,432.0,,2011.0,1.0,1.0,0.25,1,False,False,False,False,False,False,True,False,False
2012-08-20,40.0,29.0,79.0,292.0,589.0,,269.2,22.43,2012.0,8.0,3.0,0.3670886075949367,1,False,False,True,False,False,False,True,False,False
2020-02-10,14.0,20.0,132.0,3300.0,1354.0,29.36,1879.0,58.72,2020.0,2.0,1.0,0.15151515151515152,1,False,False,True,False,False,True,False,False,False
2018-04-19,14.0,35.0,210.0,4940.0,300.0,2255.0,1127.0,70.46,2018.0,4.0,2.0,0.16666666666666666,1,False,False,False,False,False,False,False,False,False
2009-08-24,40.0,31.0,57.0,260.0,589.0,,44.86,,2009.0,8.0,3.0,0.543859649122807,1,False,False,True,False,False,False,True,False,False
,150.0,94.0,215.0,117.0,380.0,,,,,,,0.4372093023255814,1,True,False,False,False,False,False,True,False,False
2003-03-01,150.0,,215.0,117.0,378.0,,,,2003.0,3.0,1.0,,1,True,False,False,False,False,False,True,False,False
2007-06-01,80.0,45.0,169.0,289.0,475.0,,60.8,,2007.0,6.0,2.0,0.26627218934911245,1,False,False,True,False,False,False,True,False,False
2013-05-29,28.0,25.0,87.0,1020.0,902.0,,692.7,28.86,2013.0,5.0,2.0,0.28735632183908044,1,False,False,True,False,False,False,True,False,False
2005-11-01,130.0,40.0,297.0,160.0,475.0,,,,2005.0,11.0,4.0,0.13468013468013468,1,True,False,False,False,False,False,True,False,False
2013-02-01,40.0,39.0,118.0,716.0,650.0,,416.0,,2013.0,2.0,1.0,0.3305084745762712,1,False,False,False,False,False,False,True,False,False
2015-06-18,28.0,110.0,212.0,2800.0,925.0,,1997.0,124.8,2015.0,6.0,2.0,0.5188679245283019,1,False,False,False,False,False,False,True,False,False
2007-01-01,80.0,32.0,100.0,107.0,600.0,,,,2007.0,1.0,1.0,0.32,1,True,False,False,False,False,False,False,True,False
2010-02-04,40.0,19.0,59.0,292.0,650.0,,104.0,,2010.0,2.0,1.0,0.3220338983050847,1,True,False,False,False,False,False,True,False,False
2020-02-10,14.0,10.0,74.0,1800.0,1531.0,19.13,1224.0,38.26,2020.0,2.0,1.0,0.13513513513513514,1,False,False,True,False,False,True,False,False,False
2016-06-01,28.0,15.0,125.0,1200.0,200.0,167.7,167.7,10.48,2016.0,6.0,2.0,0.12,1,False,False,False,False,False,False,False,False,False
2018-02-13,14.0,15.0,210.0,4940.0,300.0,2253.0,1126.0,70.4,2018.0,2.0,1.0,0.07142857142857142,1,False,False,False,False,False,False,False,False,False
2010-01-10,45.0,35.0,114.0,177.0,533.0,,102.3,,2010.0,1.0,1.0,0.30701754385964913,1,False,True,False,False,True,False,False,False,False
2000-06-22,250.0,30.0,112.0,14.0,166.0,,,,2000.0,6.0,2.0,0.26785714285714285,1,False,False,False,True,False,False,True,False,False
2004-08-12,110.0,,154.0,146.0,500.0,,,,2004.0,8.0,3.0,,1,False,False,True,False,False,False,True,False,False
2013-10-24,28.0,290.0,438.0,6200.0,1000.0,,5632.0,704.0,2013.0,10.0,4.0,0.6621004566210046,1,False,False,False,False,False,False,True,False,False
2013-11-13,28.0,150.0,212.0,2800.0,900.0,,2368.0,148.0,2013.0,11.0,4.0,0.7075471698113207,1,False,False,False,False,False,False,True,False,False
2019-07-07,7.0,225.0,251.0,10300.0,1605.0,19510.0,9754.0,609.6,2019.0,7.0,3.0,0.896414342629482,1,False,False,False,False,False,False,True,False,False
2010-01-07,40.0,14.0,57.0,260.0,606.0,,46.98,,2010.0,1.0,1.0,0.24561403508771928,1,False,False,True,False,False,False,True,False,False
2000-06-01,180.0,,115.0,30.0,148.0,,,,2000.0,6.0,2.0,,1,True,False,False,False,False,False,True,False,False
2006-02-14,110.0,31.0,154.0,146.0,250.0,,,,2006.0,2.0,1.0,0.2012987012987013,1,False,False,True,False,False,False,True,False,False
2013-06-28,28.0,225.0,294.0,3540.0,745.0,,2289.0,95.36,2013.0,6.0,2.0,0.7653061224489796,1,False,False,True,False,False,False,True,False,False
2007-04-17,65.0,40.0,144.0,314.0,450.0,,35.2,,2007.0,4.0,2.0,0.2777777777777778,1,False,False,True,False,False,False,False,False,True
2017-12-26,16.0,120.0,200.0,4400.0,1506.0,68.36,4375.0,136.7,2017.0,12.0,4.0,0.6,1,False,False,True,False,False,False,True,False,False
2014-01-07,28.0,,56.0,690.0,955.0,,659.2,41.2,2014.0,1.0,1.0,,1,False,False,False,False,False,False,True,False,False
2012-11-12,22.0,300.0,350.0,5000.0,1100.0,,536.8,,2012.0,11.0,4.0,0.8571428571428571,1,False,True,False,False,True,False,False,False,False
2012-10-02,32.0,65.0,246.0,1303.0,720.0,,184.3,,2012.0,10.0,4.0,0.26422764227642276,1,False,False,False,False,False,False,True,False,False
2018-03-08,16.0,120.0,314.0,7200.0,1506.0,68.32,4372.0,136.6,2018.0,3.0,1.0,0.3821656050955414,1,False,False,True,False,False,False,True,False,False
2010-12-14,40.0,250.0,389.0,2640.0,880.0,,2703.0,675.8,2010.0,12.0,4.0,0.6426735218508998,1,False,False,False,False,False,False,True,False,False
2014-08-21,28.0,80.0,123.0,1500.0,860.0,,1101.0,68.8,2014.0,8.0,3.0,0.6504065040650406,1,False,False,False,False,False,False,True,False,False
2002-10-05,180.0,,73.0,30.0,183.0,,,,2002.0,10.0,4.0,,1,True,False,False,False,False,False,False,False,True
2012-08-31,28.0,500.0,352.0,4313.0,925.0,,3789.0,947.2,2012.0,8.0,3.0,1.4204545454545454,1,False,False,False,False,False,False,True,False,False
2018-03-12,14.0,20.0,74.0,1800.0,1152.0,16.55,1059.0,33.1,2018.0,3.0,1.0,0.2702702702702703,1,False,False,True,False,False,True,False,False,False
2017-09-01,14.0,15.0,,,350.0,772.8,386.4,96.6,2017.0,9.0,3.0,,1,False,True,False,False,True,False,False,False,False
2021-04-12,7.0,165.0,826.0,54200.0,930.0,10320.0,10320.0,5161.0,2021.0,4.0,2.0,0.19975786924939468,1,False,False,True,False,False,False,True,False,False
2013-03-01,28.0,41.0,118.0,1270.0,876.0,,336.4,14.02,2013.0,3.0,1.0,0.3474576271186441,1,False,False,True,False,False,False,True,False,False
2019-04-23,12.0,,284.0,6600.0,1455.0,9769.0,4884.0,152.6,2019.0,4.0,2.0,,1,False,False,True,False,False,False,True,False,False
2006-09-18,80.0,,100.0,107.0,371.0,,,,2006.0,9.0,3.0,,1,True,False,False,False,False,False,False,True,False
2003-03-06,150.0,,91.0,45.0,250.0,,,,2003.0,3.0,1.0,,1,False,False,True,False,False,False,True,False,False
2006-08-12,90.0,22.0,150.0,157.0,500.0,,,,2006.0,8.0,3.0,0.14666666666666667,1,True,False,False,False,False,False,True,False,False
2014-04-03,40.0,19.0,67.0,370.0,625.0,,200.0,,2014.0,4.0,2.0,0.2835820895522388,1,False,False,False,False,False,False,True,False,False
,12.0,18.0,200.0,4700.0,735.0,4785.0,2392.0,74.76,,,,0.09,1,False,False,True,False,False,False,True,False,False
2011-12-22,28.0,250.0,352.0,4313.0,925.0,,3789.0,947.2,2011.0,12.0,4.0,0.7102272727272727,1,False,False,False,False,False,False,True,False,False
,7.0,180.0,335.0,17200.0,1489.0,20740.0,10370.0,648.0,,,,0.5373134328358209,1,False,False,False,False,False,False,True,False,False
2006-08-12,90.0,22.0,150.0,157.0,500.0,,,,2006.0,8.0,3.0,0.14666666666666667,1,True,False,False,False,False,False,True,False,False
2005-10-01,90.0,31.0,100.0,107.0,600.0,,,,2005.0,10.0,4.0,0.31,1,True,False,False,False,False,False,True,False,False
2017-10-03,14.0,40.0,103.0,2200.0,1124.0,1248.0,1248.0,78.02,2017.0,10.0,4.0,0.3883495145631068,1,False,False,False,False,False,False,False,False,False
2006-02-01,90.0,,81.0,112.0,350.0,,,,2006.0,2.0,1.0,,1,False,False,True,False,False,False,True,False,False
2008-08-14,65.0,65.0,240.0,505.0,530.0,,127.2,,2008.0,8.0,3.0,0.2708333333333333,1,False,False,True,False,False,False,True,False,False
2006-01-01,90.0,7.0,,,250.0,,,,2006.0,1.0,1.0,,1,False,True,False,False,True,False,False,False,False
2003-03-01,150.0,,124.0,45.0,275.0,,,,2003.0,3.0,1.0,,1,False,False,True,False,False,False,True,False,False
2014-01-25,28.0,37.0,123.0,1500.0,575.0,,800.0,50.0,2014.0,1.0,1.0,0.3008130081300813,1,False,False,False,False,False,False,True,False,False
2018-11-14,14.0,75.0,,,815.0,4874.0,2437.0,152.3,2018.0,11.0,4.0,,1,False,False,False,False,False,False,False,False,False
2005-09-30,110.0,,287.0,222.0,300.0,,,,2005.0,9.0,3.0,,1,False,False,True,False,False,False,True,False,False
2006-01-18,90.0,23.0,81.0,112.0,450.0,,,,2006.0,1.0,1.0,0.2839506172839506,1,False,False,True,False,False,False,True,False,False
2009-11-22,55.0,65.0,135.0,378.0,796.0,,191.0,,2009.0,11.0,4.0,0.48148148148148145,1,True,False,False,False,False,False,True,False,False
2012-11-12,22.0,225.0,350.0,5000.0,1053.0,,505.4,,2012.0,11.0,4.0,0.6428571428571429,1,False,True,False,False,True,False,False,False,False
2008-07-15,65.0,75.0,240.0,505.0,600.0,,192.0,,2008.0,7.0,3.0,0.3125,1,False,False,True,False,False,False,True,False,False
2006-02-01,90.0,,81.0,112.0,425.0,,,,2006.0,2.0,1.0,,1,False,False,True,False,False,False,False,False,True
2016-05-15,28.0,250.0,366.0,5000.0,723.0,2961.0,2961.0,185.1,2016.0,5.0,2.0,0.6830601092896175,1,False,False,False,False,False,False,True,False,False
2010-05-25,40.0,100.0,529.0,3100.0,425.0,,598.4,74.8,2010.0,5.0,2.0,0.1890359168241966,1,False,False,True,False,False,False,True,False,False
2009-01-15,55.0,204.0,470.0,1400.0,648.0,,708.5,88.56,2009.0,1.0,1.0,0.4340425531914894,1,False,False,True,False,False,False,True,False,False
,90.0,,150.0,157.0,590.0,,,,,,,,1,True,False,False,False,False,False,True,False,False
2000-06-01,180.0,23.0,115.0,30.0,166.0,,,,2000.0,6.0,2.0,0.2,1,True,False,False,False,False,False,True,False,False
2008-07-29,55.0,40.0,121.0,314.0,500.0,,80.0,,2008.0,7.0,3.0,0.3305785123966942,1,False,False,True,False,False,False,True,False,False
2019-07-07,14.0,15.0,210.0,4940.0,300.0,3942.0,1971.0,123.2,2019.0,7.0,3.0,0.07142857142857142,1,False,False,False,False,False,False,False,False,False
2010-01-07,55.0,35.0,146.0,514.0,600.0,,384.0,,2010.0,1.0,1.0,0.23972602739726026,1,True,False,False,False,False,False,True,False,False
2007-11-08,130.0,49.0,281.0,160.0,400.0,,,,2007.0,11.0,4.0,0.17437722419928825,1,True,False,False,False,False,False,True,False,False
2013-12-21,40.0,18.0,67.0,370.0,875.0,,280.0,,2013.0,12.0,4.0,0.26865671641791045,1,False,False,False,False,False,False,True,False,False
2008-07-25,65.0,640.0,324.0,754.0,500.0,,320.0,,2008.0,7.0,3.0,1.9753086419753085,1,False,False,True,False,False,False,True,False,False
2017-04-24,14.0,250.0,232.0,5700.0,1243.0,5728.0,5728.0,358.0,2017.0,4.0,2.0,1.0775862068965518,1,False,False,False,False,False,False,False,False,False
2018-12-16,14.0,50.0,103.0,2200.0,1100.0,1211.0,1211.0,75.71,2018.0,12.0,4.0,0.4854368932038835,1,False,False,False,False,False,False,False,False,False
2017-06-27,16.0,150.0,314.0,7200.0,1290.0,117.4,7516.0,234.9,2017.0,6.0,2.0,0.47770700636942676,1,False,False,True,False,False,False,True,False,False
2017-01-05,14.0,55.0,123.0,3000.0,1000.0,1887.0,1887.0,117.9,2017.0,1.0,1.0,0.44715447154471544,1,False,False,False,False,False,False,False,False,False
2016-04-08,28.0,150.0,398.0,5200.0,1140.0,,4772.0,149.1,2016.0,4.0,2.0,0.3768844221105528,1,False,False,True,False,False,False,True,False,False
2004-09-01,110.0,36.0,74.0,107.0,325.0,,,,2004.0,9.0,3.0,0.4864864864864865,1,True,False,False,False,False,False,True,False,False
,250.0,15.0,112.0,14.0,166.0,,,,,,,0.13392857142857142,1,False,False,False,True,False,False,True,False,False
2012-08-07,28.0,75.0,212.0,2800.0,825.0,,1267.0,79.2,2012.0,8.0,3.0,0.35377358490566035,1,False,False,False,False,False,False,True,False,False
2010-11-09,40.0,244.0,520.0,3000.0,772.0,,1581.0,197.6,2010.0,11.0,4.0,0.46923076923076923,1,False,False,True,False,False,False,True,False,False
2019-01-29,12.0,115.0,445.0,10800.0,960.0,9216.0,4608.0,144.0,2019.0,1.0,1.0,0.25842696629213485,1,False,False,True,False,False,False,True,False,False
2010-01-07,40.0,15.0,104.0,627.0,450.0,,360.0,,2010.0,1.0,1.0,0.14423076923076922,1,True,False,False,False,False,False,True,False,False
2008-06-01,65.0,13.0,,,533.0,,85.28,,2008.0,6.0,2.0,,1,False,True,False,False,True,False,False,False,False
2016-09-27,14.0,95.0,232.0,5700.0,1120.0,5834.0,5834.0,364.6,2016.0,9.0,3.0,0.40948275862068967,1,False,False,False,False,False,False,False,False,False
2011-02-01,32.0,,131.0,504.0,650.0,,96.0,,2011.0,2.0,1.0,,1,False,True,False,False,True,False,False,False,False
2010-02-11,55.0,50.0,146.0,514.0,600.0,,384.0,,2010.0,2.0,1.0,0.3424657534246575,1,True,False,False,False,False,False,True,False,False
2013-02-02,28.0,45.0,77.0,950.0,600.0,,460.8,28.8,2013.0,2.0,1.0,0.5844155844155844,1,False,False,False,False,False,False,True,False,False
2008-08-01,65.0,150.0,181.0,232.0,500.0,,240.0,,2008.0,8.0,3.0,0.8287292817679558,1,True,False,False,False,False,False,True,False,False
,28.0,200.0,366.0,5000.0,1002.0,,4104.0,,,,,0.546448087431694,1,False,False,False,False,False,False,True,False,False
2017-04-20,16.0,180.0,314.0,7200.0,1607.0,138.6,8873.0,277.3,2017.0,4.0,2.0,0.5732484076433121,1,False,False,True,False,False,False,True,False,False
2017-01-11,16.0,75.0,314.0,7200.0,1088.0,48.6,3110.0,97.2,2017.0,1.0,1.0,0.23885350318471338,1,False,False,True,False,False,False,True,False,False
2014-06-18,28.0,38.0,87.0,1020.0,902.0,,692.7,28.86,2014.0,6.0,2.0,0.4367816091954023,1,False,False,True,False,False,False,True,False,False
2014-01-09,28.0,,77.0,950.0,725.0,,633.6,39.6,2014.0,1.0,1.0,,1,False,False,False,False,False,False,True,False,False
2003-03-01,150.0,,91.0,45.0,250.0,,,,2003.0,3.0,1.0,,1,False,False,True,False,False,False,True,False,False
2006-07-01,90.0,27.0,125.0,177.0,400.0,,,,2006.0,7.0,3.0,0.216,1,False,False,True,False,False,False,True,False,False
2021-01-12,8.0,115.0,392.0,17400.0,1110.0,15970.0,15970.0,249.6,2021.0,1.0,1.0,0.29336734693877553,1,False,False,True,False,False,True,False,False,False
2008-01-01,55.0,15.0,67.0,181.0,500.0,,40.0,,2008.0,1.0,1.0,0.22388059701492538,1,True,False,False,False,False,False,True,False,False
2004-10-11,90.0,,,,425.0,,,,2004.0,10.0,4.0,,1,False,False,True,False,False,False,False,False,True
2004-10-11,90.0,,,,425.0,,,,2004.0,10.0,4.0,,1,False,False,True,False,False,False,False,False,True
2011-03-30,40.0,210.0,520.0,3000.0,732.0,,1031.0,128.8,2011.0,3.0,1.0,0.40384615384615385,1,False,False,True,False,False,False,True,False,False
2014-01-01,28.0,,125.0,1550.0,925.0,,721.9,,2014.0,1.0,1.0,,1,False,False,False,False,False,False,True,False,False
2007-05-01,80.0,,230.0,330.0,400.0,,,,2007.0,5.0,2.0,,1,True,False,False,False,False,False,True,False,False
2015-08-30,28.0,225.0,398.0,5200.0,557.0,,4825.0,150.8,2015.0,8.0,3.0,0.5653266331658291,1,False,False,True,False,False,False,True,False,False
2016-08-02,16.0,250.0,471.0,11800.0,1417.0,171.5,10970.0,342.9,2016.0,8.0,3.0,0.5307855626326964,1,False,False,True,False,False,False,True,False,False
2014-06-23,28.0,220.0,438.0,6200.0,824.0,,4219.0,2109.0,2014.0,6.0,2.0,0.502283105022831,1,False,False,False,False,False,False,True,False,False
2004-02-13,130.0,,92.0,76.0,337.0,,,,2004.0,2.0,1.0,,1,True,False,False,False,False,False,True,False,False
2007-03-05,90.0,171.0,484.0,681.0,600.0,,345.6,,2007.0,3.0,1.0,0.35330578512396693,1,False,False,True,False,False,False,True,False,False
2017-07-31,16.0,75.0,200.0,4400.0,1354.0,36.74,2352.0,73.49,2017.0,7.0,3.0,0.375,1,False,False,True,False,False,False,True,False,False
2005-02-25,130.0,,225.0,222.0,275.0,,,,2005.0,2.0,1.0,,1,False,False,True,False,False,False,True,False,False
2006-02-01,90.0,,81.0,112.0,350.0,,,,2006.0,2.0,1.0,,1,False,False,True,False,False,False,True,False,False
2014-02-17,28.0,90.0,245.0,2410.0,720.0,,553.0,34.56,2014.0,2.0,1.0,0.3673469387755102,1,False,False,False,False,False,False,False,False,False
2010-01-10,40.0,23.0,100.0,486.0,450.0,,95.04,,2010.0,1.0,1.0,0.23,1,False,False,True,False,False,False,True,False,False
2021-04-12,8.0,230.0,628.0,28300.0,1170.0,27770.0,27770.0,867.8,2021.0,4.0,2.0,0.3662420382165605,1,False,False,True,False,False,True,False,False,False
2007-02-28,80.0,,73.0,120.0,400.0,,,,2007.0,2.0,1.0,,1,True,False,False,False,False,False,False,False,True
2006-03-09,90.0,48.0,196.0,278.0,450.0,,,,2006.0,3.0,1.0,0.24489795918367346,1,False,False,True,False,False,False,True,False,False
2017-04-18,28.0,,125.0,1550.0,780.0,570.2,570.2,35.64,2017.0,4.0,2.0,,1,False,False,False,False,False,False,True,False,False
2014-07-22,28.0,68.0,148.0,1870.0,1046.0,,1439.0,44.96,2014.0,7.0,3.0,0.4594594594594595,1,False,False,True,False,False,False,True,False,False
2013-12-25,28.0,33.0,87.0,1020.0,719.0,,291.1,12.13,2013.0,12.0,4.0,0.3793103448275862,1,False,False,True,False,False,False,True,False,False
2016-05-25,28.0,100.0,366.0,5000.0,725.0,2970.0,2970.0,185.6,2016.0,5.0,2.0,0.273224043715847,1,False,False,False,False,False,False,True,False,False
2010-11-02,40.0,142.0,529.0,3100.0,475.0,,486.4,243.2,2010.0,11.0,4.0,0.2684310018903592,1,False,False,True,False,False,False,True,False,False
2013-01-08,28.0,175.0,212.0,2800.0,925.0,,2368.0,148.0,2013.0,1.0,1.0,0.8254716981132075,1,False,False,False,False,False,False,True,False,False
2006-11-08,90.0,143.0,484.0,681.0,513.0,,228.1,,2006.0,11.0,4.0,0.29545454545454547,1,False,False,True,False,False,False,True,False,False
2013-01-05,28.0,225.0,561.0,7080.0,706.0,,3524.0,1175.0,2013.0,1.0,1.0,0.40106951871657753,1,False,False,True,False,False,False,True,False,False
2012-10-09,40.0,7.0,75.0,450.0,276.0,,44.16,,2012.0,10.0,4.0,0.09333333333333334,1,False,False,False,False,False,False,True,False,False
2007-05-09,80.0,10.0,127.0,210.0,400.0,,25.6,,2007.0,5.0,2.0,0.07874015748031496,1,False,False,True,False,False,False,True,False,False
2013-06-17,22.0,300.0,350.0,5000.0,1238.0,,650.5,,2013.0,6.0,2.0,0.8571428571428571,1,False,True,False,False,True,False,False,False,False
2020-04-02,12.0,150.0,545.0,13600.0,1365.0,19170.0,9585.0,299.5,2020.0,4.0,2.0,0.27522935779816515,1,False,False,True,False,False,False,True,False,False
2015-01-04,20.0,15.0,118.0,2000.0,1000.0,1024.0,512.0,16.0,2015.0,1.0,1.0,0.1271186440677966,1,False,False,True,False,False,False,True,False,False
2015-12-06,28.0,,77.0,950.0,620.0,,549.1,,2015.0,12.0,4.0,,1,False,False,False,False,False,False,True,False,False
2017-05-17,14.0,30.0,74.0,1800.0,1228.0,17.62,1127.0,35.23,2017.0,5.0,2.0,0.40540540540540543,1,False,False,True,False,False,True,False,False,False
2014-05-31,28.0,,56.0,690.0,780.0,,544.0,34.0,2014.0,5.0,2.0,,1,False,False,False,False,False,False,True,False,False
2003-10-23,130.0,59.0,207.0,135.0,450.0,,,,2003.0,10.0,4.0,0.28502415458937197,1,False,False,True,False,False,False,True,False,False
2010-04-22,40.0,15.0,104.0,627.0,650.0,,520.0,,2010.0,4.0,2.0,0.14423076923076922,1,True,False,False,False,False,False,True,False,False
2012-06-06,40.0,18.0,75.0,450.0,523.0,,83.68,,2012.0,6.0,2.0,0.24,1,False,False,False,False,False,False,True,False,False
2016-08-08,14.0,55.0,123.0,3000.0,1000.0,2115.0,2115.0,132.2,2016.0,8.0,3.0,0.44715447154471544,1,False,False,False,False,False,False,False,False,False
2011-01-13,40.0,45.0,116.0,585.0,700.0,,268.8,22.4,2011.0,1.0,1.0,0.3879310344827586,1,False,False,True,False,False,False,True,False,False
2021-01-12,7.0,45.0,156.0,9800.0,300.0,4096.0,2048.0,128.0,2021.0,1.0,1.0,0.28846153846153844,1,False,False,False,False,False,False,True,False,False
2005-07-28,130.0,83.0,287.0,222.0,375.0,,,,2005.0,7.0,3.0,0.289198606271777,1,False,False,True,False,False,False,True,False,False
2007-06-28,65.0,20.0,85.0,180.0,525.0,,42.0,,2007.0,6.0,2.0,0.23529411764705882,1,True,False,False,False,False,False,True,False,False
2004-06-08,130.0,67.0,287.0,222.0,350.0,,,,2004.0,6.0,2.0,0.23344947735191637,1,False,False,True,False,False,False,True,False,False
2005-07-28,130.0,83.0,287.0,222.0,375.0,,,,2005.0,7.0,3.0,0.289198606271777,1,False,False,True,False,False,False,True,False,False
2019-01-07,12.0,160.0,445.0,10800.0,1365.0,12900.0,6451.0,201.6,2019.0,1.0,1.0,0.3595505617977528,1,False,False,True,False,False,False,True,False,False
2010-07-18,40.0,64.0,166.0,1040.0,750.0,,960.0,,2010.0,7.0,3.0,0.3855421686746988,1,True,False,False,False,False,False,True,False,False
2010-04-26,40.0,43.0,104.0,627.0,650.0,,520.0,,2010.0,4.0,2.0,0.41346153846153844,1,True,False,False,False,False,False,True,False,False
2013-06-28,28.0,225.0,294.0,3540.0,745.0,,2289.0,95.36,2013.0,6.0,2.0,0.7653061224489796,1,False,False,True,False,False,False,True,False,False
2003-12-03,130.0,,,,200.0,,,,2003.0,12.0,4.0,,1,False,True,False,False,True,False,False,False,False
2016-10-30,14.0,35.0,123.0,3000.0,800.0,1024.0,1024.0,64.0,2016.0,10.0,4.0,0.2845528455284553,1,False,False,False,False,False,False,False,False,False
2007-12-12,65.0,35.0,153.0,390.0,700.0,,168.0,,2007.0,12.0,4.0,0.22875816993464052,1,True,False,False,False,False,False,True,False,False
2008-06-04,55.0,35.0,192.0,666.0,580.0,,371.2,74.24,2008.0,6.0,2.0,0.18229166666666666,1,True,False,False,False,False,False,True,False,False
2012-05-14,22.0,45.0,133.0,1200.0,650.0,,320.0,80.0,2012.0,5.0,2.0,0.3383458646616541,1,False,True,False,False,True,False,False,False,False
2020-01-06,7.0,15.0,156.0,9800.0,400.0,2304.0,1152.0,72.0,2020.0,1.0,1.0,0.09615384615384616,1,False,False,False,False,False,False,True,False,False
2013-05-27,22.0,30.0,,,200.0,,768.0,192.0,2013.0,5.0,2.0,,1,False,True,False,False,True,False,False,False,False
2009-10-13,40.0,108.0,166.0,1040.0,850.0,,1360.0,,2009.0,10.0,4.0,0.6506024096385542,1,True,False,False,False,False,False,True,False,False
2006-05-22,90.0,80.0,196.0,278.0,450.0,,,,2006.0,5.0,2.0,0.40816326530612246,1,False,False,True,False,False,False,True,False,False
2012-01-31,28.0,185.0,352.0,4313.0,925.0,,2842.0,710.4,2012.0,1.0,1.0,0.5255681818181818,1,False,False,False,False,False,False,True,False,False
2013-12-17,28.0,95.0,160.0,2080.0,1000.0,,1536.0,96.0,2013.0,12.0,4.0,0.59375,1,False,False,False,False,False,False,True,False,False
2008-12-12,55.0,14.0,121.0,314.0,500.0,,80.0,,2008.0,12.0,4.0,0.11570247933884298,1,False,False,True,False,False,False,True,False,False
,150.0,92.0,120.0,60.0,250.0,,,,,,,0.7666666666666667,1,True,False,False,False,False,False,True,False,False
2011-09-24,40.0,160.0,332.0,1950.0,779.0,,1046.0,87.19,2011.0,9.0,3.0,0.4819277108433735,1,False,False,True,False,False,False,True,False,False
2007-10-04,90.0,,81.0,112.0,500.0,,,,2007.0,10.0,4.0,,1,False,False,True,False,False,False,False,False,True
2014-03-12,28.0,33.0,,,1029.0,,863.2,26.98,2014.0,3.0,1.0,,1,False,False,True,False,False,False,True,False,False
2013-04-29,22.0,45.0,,,200.0,,160.0,40.0,2013.0,4.0,2.0,,1,False,True,False,False,True,False,False,False,False
2020-12-01,7.0,225.0,,,1000.0,14750.0,7373.0,460.8,2020.0,12.0,4.0,,1,False,False,False,False,False,False,True,False,False
2002-02-06,150.0,,65.0,29.0,250.0,,,,2002.0,2.0,1.0,,1,False,False,True,False,False,False,True,False,False
2004-12-15,110.0,,110.0,75.0,350.0,,,,2004.0,12.0,4.0,,1,False,False,True,False,False,False,True,False,False
2011-04-12,40.0,75.0,212.0,1700.0,680.0,,1306.0,,2011.0,4.0,2.0,0.35377358490566035,1,False,False,False,False,False,False,True,False,False
2013-05-23,28.0,8.0,110.0,1178.0,300.0,,102.4,6.4,2013.0,5.0,2.0,0.07272727272727272,1,False,False,False,False,False,False,True,False,False
2020-11-11,10.0,300.0,77.0,,900.0,4762.0,2381.0,595.2,2020.0,11.0,4.0,3.896103896103896,1,False,True,False,False,True,False,False,False,False
2011-01-04,40.0,26.0,104.0,716.0,500.0,,480.0,,2011.0,1.0,1.0,0.25,1,False,False,False,False,False,False,True,False,False
2014-01-28,28.0,,123.0,1500.0,900.0,,1184.0,74.0,2014.0,1.0,1.0,,1,False,False,False,False,False,False,True,False,False
2009-11-01,55.0,,67.0,181.0,400.0,,32.0,,2009.0,11.0,4.0,,1,True,False,False,False,False,False,False,False,True
2004-03-17,150.0,,124.0,45.0,270.0,,,,2004.0,3.0,1.0,,1,False,False,True,False,False,False,True,False,False
2007-11-19,55.0,75.0,192.0,666.0,668.0,,427.5,85.5,2007.0,11.0,4.0,0.390625,1,True,False,False,False,False,False,True,False,False
2017-02-07,14.0,30.0,132.0,3300.0,1228.0,10.02,641.0,20.03,2017.0,2.0,1.0,0.22727272727272727,1,False,False,True,False,False,True,False,False,False
2003-03-01,150.0,37.0,215.0,117.0,325.0,,,,2003.0,3.0,1.0,0.17209302325581396,1,True,False,False,False,False,False,True,False,False
2012-05-02,40.0,204.0,520.0,3000.0,651.0,,1332.0,666.1,2012.0,5.0,2.0,0.3923076923076923,1,False,False,True,False,False,False,True,False,False
2005-04-27,130.0,,281.0,160.0,425.0,,,,2005.0,4.0,2.0,,1,True,False,False,False,False,False,True,False,False
2007-06-28,65.0,45.0,153.0,390.0,800.0,,192.0,,2007.0,6.0,2.0,0.29411764705882354,1,True,False,False,False,False,False,True,False,False
2015-04-01,14.0,6.0,,,320.0,,115.2,28.8,2015.0,4.0,2.0,,1,False,True,False,False,True,False,False,False,False
2008-09-01,65.0,13.0,,,533.0,,85.28,,2008.0,9.0,3.0,,1,False,True,False,False,True,False,False,False,False
2003-05-01,150.0,28.0,98.0,36.0,240.0,,,,2003.0,5.0,2.0,0.2857142857142857,1,True,False,False,False,False,False,False,True,False
2006-01-01,110.0,15.0,74.0,107.0,324.0,,,,2006.0,1.0,1.0,0.20270270270270271,1,True,False,False,False,False,False,True,False,False
2004-09-01,110.0,33.0,156.0,120.0,425.0,,,,2004.0,9.0,3.0,0.21153846153846154,1,True,False,False,False,False,False,True,False,False
2004-06-01,110.0,,74.0,107.0,350.0,,,,2004.0,6.0,2.0,,1,True,False,False,False,False,False,True,False,False
2011-09-19,40.0,254.0,255.0,1700.0,800.0,,1536.0,,2011.0,9.0,3.0,0.996078431372549,1,False,False,False,False,False,False,True,False,False
2012-06-22,28.0,300.0,352.0,4313.0,1000.0,,4301.0,1075.0,2012.0,6.0,2.0,0.8522727272727273,1,False,False,False,False,False,False,True,False,False
2006-09-18,80.0,,100.0,107.0,419.0,,,,2006.0,9.0,3.0,,1,True,False,False,False,False,False,False,True,False
2017-10-03,14.0,35.0,103.0,2200.0,1124.0,1248.0,1248.0,78.02,2017.0,10.0,4.0,0.33980582524271846,1,False,False,False,False,False,False,False,False,False
2013-09-18,28.0,15.0,110.0,1178.0,450.0,,115.2,7.2,2013.0,9.0,3.0,0.13636363636363635,1,False,False,False,False,False,False,True,False,False
2018-09-13,12.0,70.0,545.0,13600.0,585.0,65129.99999999999,8141.0,254.4,2018.0,9.0,3.0,0.12844036697247707,1,False,False,True,False,False,False,True,False,False
2015-09-01,14.0,15.0,123.0,,350.0,768.0,384.0,96.0,2015.0,9.0,3.0,0.12195121951219512,1,False,True,False,False,True,False,False,False,False
2010-01-14,40.0,64.0,104.0,627.0,775.0,,620.0,,2010.0,1.0,1.0,0.6153846153846154,1,True,False,False,False,False,False,True,False,False
2002-07-01,150.0,,215.0,110.0,325.0,,,,2002.0,7.0,3.0,,1,True,False,False,False,False,False,True,False,False
2004-05-01,130.0,63.0,281.0,160.0,520.0,,,,2004.0,5.0,2.0,0.22419928825622776,1,True,False,False,False,False,False,True,False,False
2004-09-01,110.0,36.0,74.0,107.0,400.0,,,,2004.0,9.0,3.0,0.4864864864864865,1,True,False,False,False,False,False,True,False,False
2014-07-22,28.0,108.0,294.0,3540.0,771.0,,2107.0,87.81,2014.0,7.0,3.0,0.3673469387755102,1,False,False,True,False,False,False,True,False,False
2003-03-06,150.0,,91.0,45.0,250.0,,,,2003.0,3.0,1.0,,1,False,False,True,False,False,False,True,False,False
2012-01-07,40.0,11.0,59.0,292.0,750.0,,120.0,,2012.0,1.0,1.0,0.1864406779661017,1,False,False,False,False,False,False,True,False,False
2004-04-14,130.0,,287.0,222.0,325.0,,,,2004.0,4.0,2.0,,1,False,False,True,False,False,False,True,False,False
2006-02-01,90.0,,81.0,112.0,450.0,,,,2006.0,2.0,1.0,,1,False,False,True,False,False,False,True,False,False
2009-11-18,40.0,294.0,334.0,2154.0,725.0,,2320.0,464.0,2009.0,11.0,4.0,0.8802395209580839,1,True,False,False,False,False,False,True,False,False
2003-10-23,130.0,74.0,207.0,135.0,475.0,,,,2003.0,10.0,4.0,0.357487922705314,1,False,False,True,False,False,False,True,False,False
2013-11-01,28.0,50.0,77.0,950.0,730.0,,599.0,37.44,2013.0,11.0,4.0,0.6493506493506493,1,False,False,False,False,False,False,True,False,False
2007-09-12,65.0,38.0,144.0,314.0,580.0,,44.8,,2007.0,9.0,3.0,0.2638888888888889,1,False,False,True,False,False,False,False,False,True
2014-02-18,28.0,60.0,148.0,1870.0,1020.0,,1389.0,43.4,2014.0,2.0,1.0,0.40540540540540543,1,False,False,True,False,False,False,True,False,False
2016-06-20,16.0,250.0,610.0,15300.0,1190.0,19050.0,9526.0,4763.0,2016.0,6.0,2.0,0.4098360655737705,1,False,False,True,False,False,False,True,False,False
2015-03-13,28.0,75.0,148.0,1870.0,993.0,,1439.0,44.96,2015.0,3.0,1.0,0.5067567567567568,1,False,False,True,False,False,False,True,False,False
2016-06-01,28.0,15.0,125.0,1200.0,200.0,153.6,153.6,9.6,2016.0,6.0,2.0,0.12,1,False,False,False,False,False,False,False,False,False
2018-09-05,14.0,50.0,103.0,2200.0,980.0,1071.0,1071.0,66.94,2018.0,9.0,3.0,0.4854368932038835,1,False,False,False,False,False,False,False,False,False
2006-03-03,110.0,35.0,333.0,302.0,400.0,,,,2006.0,3.0,1.0,0.10510510510510511,1,False,False,True,False,False,False,True,False,False
2002-06-19,180.0,,,10.0,125.0,,,,2002.0,6.0,2.0,,1,False,False,False,True,False,False,False,True,False
2015-06-03,28.0,,125.0,1550.0,900.0,864.0,864.0,54.0,2015.0,6.0,2.0,,1,False,False,False,False,False,False,True,False,False
2015-05-05,28.0,190.0,366.0,5000.0,918.0,3290.0,3290.0,205.6,2015.0,5.0,2.0,0.5191256830601093,1,False,False,False,False,False,False,True,False,False
2008-06-03,65.0,20.0,162.0,282.0,450.0,,35.2,,2008.0,6.0,2.0,0.12345679012345678,1,False,False,True,False,False,False,False,False,True
2016-09-07,16.0,75.0,209.0,,800.0,1843.0,1843.0,,2016.0,9.0,3.0,0.3588516746411483,1,False,False,False,False,False,False,True,False,False
2004-04-14,130.0,,287.0,222.0,350.0,,,,2004.0,4.0,2.0,,1,False,False,True,False,False,False,True,False,False
2013-01-14,40.0,175.0,334.0,2154.0,850.0,,2720.0,544.0,2013.0,1.0,1.0,0.5239520958083832,1,False,False,False,False,False,False,True,False,False
2008-07-25,90.0,320.0,484.0,681.0,600.0,,345.6,,2008.0,7.0,3.0,0.6611570247933884,1,False,False,True,False,False,False,True,False,False
2013-06-28,28.0,130.0,118.0,1270.0,850.0,,326.4,13.6,2013.0,6.0,2.0,1.1016949152542372,1,False,False,True,False,False,False,True,False,False
2002-10-05,180.0,,73.0,30.0,183.0,,,,2002.0,10.0,4.0,,1,True,False,False,False,False,False,False,False,True
2007-05-14,65.0,,153.0,390.0,500.0,,120.0,,2007.0,5.0,2.0,,1,True,False,False,False,False,False,True,False,False
2010-09-13,40.0,106.0,238.0,1170.0,783.0,,451.0,37.58,2010.0,9.0,3.0,0.44537815126050423,1,False,False,True,False,False,False,True,False,False
2020-11-16,7.0,400.0,826.0,54200.0,1095.0,77970.0,19490.0,9746.0,2020.0,11.0,4.0,0.48426150121065376,1,False,False,True,False,False,False,True,False,False
2009-01-09,55.0,,73.0,242.0,450.0,,72.0,,2009.0,1.0,1.0,,1,True,False,False,False,False,False,True,False,False
2019-05-13,14.0,50.0,103.0,2200.0,1082.0,1559.0,1559.0,97.44,2019.0,5.0,2.0,0.4854368932038835,1,False,False,False,False,False,False,False,False,False
2007-08-30,65.0,4.0,,,133.0,,,,2007.0,8.0,3.0,,1,False,False,False,True,False,True,False,False,False
2006-03-13,90.0,15.0,81.0,112.0,450.0,,,,2006.0,3.0,1.0,0.18518518518518517,1,False,False,True,False,False,False,True,False,False
2005-09-30,130.0,,287.0,222.0,300.0,,,,2005.0,9.0,3.0,,1,False,False,True,False,False,False,True,False,False
2008-06-01,65.0,,86.0,210.0,567.0,,22.4,,2008.0,6.0,2.0,,1,False,False,True,False,False,False,True,False,False
2014-11-23,28.0,250.0,366.0,5000.0,723.0,2961.0,2961.0,185.1,2014.0,11.0,4.0,0.6830601092896175,1,False,False,False,False,False,False,True,False,False
2019-05-27,12.0,80.0,445.0,10800.0,945.0,10600.0,5299.0,165.6,2019.0,5.0,2.0,0.1797752808988764,1,False,False,True,False,False,False,True,False,False
2011-07-25,40.0,238.0,529.0,3100.0,574.0,,1028.0,513.9,2011.0,7.0,3.0,0.4499054820415879,1,False,False,True,False,False,False,True,False,False
2008-06-28,55.0,55.0,135.0,378.0,722.0,,173.3,,2008.0,6.0,2.0,0.4074074074074074,1,True,False,False,False,False,False,True,False,False
2013-04-24,28.0,375.0,365.0,4313.0,950.0,,4096.0,1024.0,2013.0,4.0,2.0,1.0273972602739727,1,False,False,False,False,False,False,True,False,False
2018-08-13,12.0,260.0,754.0,18600.0,1305.0,28750.0,14380.0,449.3,2018.0,8.0,3.0,0.3448275862068966,1,False,False,True,False,False,False,True,False,False
2017-01-05,14.0,55.0,123.0,3000.0,784.0,1849.0,1849.0,115.6,2017.0,1.0,1.0,0.44715447154471544,1,False,False,False,False,False,False,False,False,False
2007-10-18,180.0,,80.0,8.0,200.0,,,,2007.0,10.0,4.0,,1,True,False,False,False,False,False,False,False,True
2010-01-07,40.0,30.0,104.0,627.0,650.0,,520.0,,2010.0,1.0,1.0,0.28846153846153844,1,True,False,False,False,False,False,True,False,False
2020-01-01,10.0,500.0,190.0,8000.0,900.0,14750.0,7373.0,1843.0,2020.0,1.0,1.0,2.6315789473684212,1,False,True,False,False,True,False,False,False,False
2018-08-13,12.0,230.0,545.0,13600.0,1620.0,22300.0,11150.0,348.5,2018.0,8.0,3.0,0.42201834862385323,1,False,False,True,False,False,False,True,False,False
2014-07-22,28.0,33.0,,,1082.0,,588.8,18.4,2014.0,7.0,3.0,,1,False,False,True,False,False,False,True,False,False
2016-08-18,16.0,120.0,200.0,4400.0,1506.0,61.49,3935.0,123.0,2016.0,8.0,3.0,0.6,1,False,False,True,False,False,False,True,False,False
2007-01-01,80.0,27.0,100.0,107.0,452.0,,,,2007.0,1.0,1.0,0.27,1,True,False,False,False,False,False,False,True,False
2010-06-30,40.0,228.0,334.0,2154.0,850.0,,2720.0,544.0,2010.0,6.0,2.0,0.6826347305389222,1,True,False,False,False,False,False,True,False,False
2016-03-25,28.0,16.0,,,965.0,,508.4,15.89,2016.0,3.0,1.0,,1,False,False,True,False,False,False,True,False,False
2013-07-23,28.0,225.0,561.0,7080.0,797.0,,5196.0,1732.0,2013.0,7.0,3.0,0.40106951871657753,1,False,False,True,False,False,False,True,False,False
2001-03-03,180.0,,64.0,20.0,175.0,,,,2001.0,3.0,1.0,,1,False,False,True,False,False,False,True,False,False
2012-01-05,40.0,18.0,104.0,627.0,775.0,,620.0,,2012.0,1.0,1.0,0.17307692307692307,1,False,False,False,False,False,False,True,False,False
2015-05-05,40.0,35.0,67.0,370.0,775.0,,248.0,,2015.0,5.0,2.0,0.5223880597014925,1,False,False,False,False,False,False,True,False,False
2007-12-04,65.0,25.0,86.0,210.0,567.0,,22.4,,2007.0,12.0,4.0,0.29069767441860467,1,False,False,True,False,False,False,True,False,False
2015-03-17,28.0,250.0,601.0,8000.0,1000.0,,6691.0,209.1,2015.0,3.0,1.0,0.415973377703827,1,False,False,True,False,False,False,True,False,False
2011-01-04,40.0,,67.0,370.0,480.0,,153.6,,2011.0,1.0,1.0,,1,False,False,False,False,False,False,True,False,False
2009-01-16,55.0,141.0,260.0,754.0,738.0,,470.0,,2009.0,1.0,1.0,0.5423076923076923,1,False,False,True,False,False,False,True,False,False
2000-07-25,180.0,,64.0,20.0,200.0,,,,2000.0,7.0,3.0,,1,False,False,True,False,False,False,True,False,False
2010-01-10,40.0,14.0,57.0,260.0,625.0,,48.96,,2010.0,1.0,1.0,0.24561403508771928,1,False,False,True,False,False,False,True,False,False
2007-04-17,80.0,60.0,169.0,289.0,675.0,,92.8,,2007.0,4.0,2.0,0.35502958579881655,1,False,False,True,False,False,False,True,False,False
2010-01-26,65.0,58.0,240.0,505.0,600.0,,144.0,,2010.0,1.0,1.0,0.24166666666666667,1,False,False,True,False,False,False,True,False,False
2001-01-01,150.0,,174.0,80.0,200.0,,,,2001.0,1.0,1.0,,1,False,False,False,True,False,False,False,True,False
2011-05-02,40.0,,67.0,370.0,750.0,,240.0,,2011.0,5.0,2.0,,1,False,False,False,False,False,False,True,False,False
2021-01-01,14.0,15.0,,,300.0,921.6,460.8,115.2,2021.0,1.0,1.0,,1,False,True,False,False,True,False,False,False,False
2007-05-09,80.0,14.0,127.0,210.0,450.0,,28.8,,2007.0,5.0,2.0,0.11023622047244094,1,False,False,True,False,False,False,True,False,False
2017-04-20,16.0,120.0,200.0,4400.0,1506.0,68.36,4375.0,136.7,2017.0,4.0,2.0,0.6,1,False,False,True,False,False,False,True,False,False
2016-06-30,28.0,65.0,123.0,1500.0,925.0,,947.2,59.2,2016.0,6.0,2.0,0.5284552845528455,1,False,False,False,False,False,False,True,False,False
2010-01-07,40.0,15.0,59.0,292.0,750.0,,120.0,,2010.0,1.0,1.0,0.2542372881355932,1,True,False,False,False,False,False,True,False,False
2011-01-04,40.0,26.0,104.0,716.0,450.0,,432.0,,2011.0,1.0,1.0,0.25,1,False,False,False,False,False,False,True,False,False
2012-02-01,40.0,29.0,116.0,585.0,700.0,,134.4,11.2,2012.0,2.0,1.0,0.25,1,False,False,True,False,False,False,True,False,False
2015-05-05,28.0,250.0,366.0,5000.0,909.0,3723.0,3723.0,232.7,2015.0,5.0,2.0,0.6830601092896175,1,False,False,False,False,False,False,True,False,False
2017-08-08,14.0,260.0,495.0,12500.0,1440.0,24580.0,12290.0,768.0,2017.0,8.0,3.0,0.5252525252525253,1,False,False,False,False,False,False,False,False,False
2011-06-28,40.0,75.0,332.0,1950.0,575.0,,772.8,64.4,2011.0,6.0,2.0,0.22590361445783133,1,False,False,True,False,False,False,True,False,False
2008-10-05,55.0,65.0,135.0,378.0,722.0,,173.3,,2008.0,10.0,4.0,0.48148148148148145,1,True,False,False,False,False,False,True,False,False
2019-01-23,16.0,75.0,200.0,4400.0,1291.0,46.48,2974.0,92.95,2019.0,1.0,1.0,0.375,1,False,False,True,False,False,False,True,False,False
2009-12-14,40.0,14.0,57.0,260.0,535.0,,39.36,,2009.0,12.0,4.0,0.24561403508771928,1,False,False,True,False,False,False,True,False,False
,12.0,260.0,754.0,18600.0,1065.0,25710.0,12860.0,401.8,,,,0.3448275862068966,1,False,False,True,False,False,False,True,False,False
2012-03-22,28.0,32.0,118.0,1270.0,625.0,,480.0,20.0,2012.0,3.0,1.0,0.2711864406779661,1,False,False,True,False,False,False,True,False,False
2008-09-30,55.0,25.0,73.0,242.0,600.0,,96.0,,2008.0,9.0,3.0,0.3424657534246575,1,True,False,False,False,False,False,True,False,False
2013-05-11,28.0,122.0,294.0,3540.0,771.0,,2448.0,102.0,2013.0,5.0,2.0,0.41496598639455784,1,False,False,True,False,False,False,True,False,False
2002-02-04,150.0,23.0,120.0,60.0,250.0,,,,2002.0,2.0,1.0,0.19166666666666668,1,True,False,False,False,False,False,True,False,False
2011-05-02,40.0,45.0,118.0,716.0,600.0,,576.0,,2011.0,5.0,2.0,0.3813559322033898,1,False,False,False,False,False,False,True,False,False
2014-08-12,28.0,150.0,366.0,5000.0,920.0,3297.0,3297.0,206.1,2014.0,8.0,3.0,0.4098360655737705,1,False,False,False,False,False,False,True,False,False
2004-10-11,110.0,,154.0,146.0,300.0,,,,2004.0,10.0,4.0,,1,False,False,True,False,False,False,True,False,False
2012-06-01,28.0,75.0,294.0,3540.0,654.0,,753.4,31.39,2012.0,6.0,2.0,0.25510204081632654,1,False,False,True,False,False,False,True,False,False
2013-04-01,28.0,50.0,118.0,1270.0,950.0,,729.6,30.4,2013.0,4.0,2.0,0.423728813559322,1,False,False,True,False,False,False,True,False,False
2008-10-25,55.0,23.0,121.0,314.0,500.0,,80.0,,2008.0,10.0,4.0,0.19008264462809918,1,False,False,True,False,False,False,True,False,False
2010-02-16,,219.0,470.0,1400.0,633.0,,622.1,77.76,2010.0,2.0,1.0,0.46595744680851064,1,False,False,True,False,False,False,True,False,False
2017-04-18,28.0,50.0,56.0,690.0,1030.0,,659.2,41.2,2017.0,4.0,2.0,0.8928571428571429,1,False,False,False,False,False,False,True,False,False
2013-07-24,28.0,15.0,87.0,1020.0,719.0,,276.1,11.5,2013.0,7.0,3.0,0.1724137931034483,1,False,False,True,False,False,False,True,False,False
2013-05-14,28.0,100.0,160.0,2080.0,1075.0,,1651.0,103.2,2013.0,5.0,2.0,0.625,1,False,False,False,False,False,False,True,False,False
2006-05-23,110.0,,73.0,,400.0,,,,2006.0,5.0,2.0,,1,True,False,False,False,False,False,False,False,True
2016-05-15,28.0,,125.0,1550.0,1100.0,864.0,864.0,54.0,2016.0,5.0,2.0,,1,False,False,False,False,False,False,True,False,False
2007-10-01,90.0,42.0,150.0,157.0,590.0,,,,2007.0,10.0,4.0,0.28,1,True,False,False,False,False,False,True,False,False
2008-06-03,65.0,20.0,162.0,282.0,450.0,,35.2,,2008.0,6.0,2.0,0.12345679012345678,1,False,False,True,False,False,False,False,False,True
,7.0,180.0,236.0,,1489.0,20480.0,10240.0,640.0,,,,0.7627118644067796,1,False,False,False,False,False,False,True,False,False
2006-03-22,90.0,,81.0,112.0,475.0,,,,2006.0,3.0,1.0,,1,False,False,True,False,False,False,True,False,False
2004-06-01,130.0,,92.0,76.0,250.0,,,,2004.0,6.0,2.0,,1,True,False,False,False,False,False,True,False,False
2008-08-06,65.0,,85.0,180.0,500.0,,40.0,,2008.0,8.0,3.0,,1,True,False,False,False,False,False,False,False,True
2013-04-01,28.0,,77.0,950.0,650.0,,537.6,33.6,2013.0,4.0,2.0,,1,False,False,False,False,False,False,True,False,False
2012-10-01,28.0,75.0,294.0,3540.0,601.0,,1154.0,48.08,2012.0,10.0,4.0,0.25510204081632654,1,False,False,True,False,False,False,True,False,False
2015-09-29,28.0,95.0,366.0,5000.0,735.0,4096.0,4096.0,256.0,2015.0,9.0,3.0,0.25956284153005466,1,False,False,False,False,False,False,True,False,False
2014-09-17,28.0,17.0,245.0,2410.0,533.0,,204.7,12.79,2014.0,9.0,3.0,0.06938775510204082,1,False,False,False,False,False,False,False,False,False
2017-11-02,16.0,180.0,314.0,7200.0,1607.0,127.9,8186.0,255.8,2017.0,11.0,4.0,0.5732484076433121,1,False,False,True,False,False,False,True,False,False
2005-04-04,110.0,,110.0,75.0,350.0,,,,2005.0,4.0,2.0,,1,False,False,True,False,False,False,True,False,False
2015-11-04,28.0,68.0,148.0,1870.0,902.0,,1058.0,33.06,2015.0,11.0,4.0,0.4594594594594595,1,False,False,True,False,False,False,True,False,False
2018-07-16,14.0,75.0,123.0,3000.0,907.0,1393.0,1393.0,87.07,2018.0,7.0,3.0,0.6097560975609756,1,False,False,False,False,False,False,False,False,False
2018-02-21,16.0,100.0,314.0,7200.0,1316.0,125.5,8032.999999999999,251.0,2018.0,2.0,1.0,0.3184713375796178,1,False,False,True,False,False,False,True,False,False
2021-01-01,8.0,,,,1237.0,6144.0,6144.0,96.0,2021.0,1.0,1.0,,1,False,False,True,False,False,True,False,False,False
2015-08-27,28.0,180.0,212.0,2800.0,980.0,,2637.0,164.8,2015.0,8.0,3.0,0.8490566037735849,1,False,False,False,False,False,False,True,False,False
2019-01-06,14.0,15.0,210.0,4940.0,300.0,768.8,384.4,24.02,2019.0,1.0,1.0,0.07142857142857142,1,False,False,False,False,False,False,False,False,False
2014-01-07,28.0,,56.0,690.0,780.0,,547.2,34.2,2014.0,1.0,1.0,,1,False,False,False,False,False,False,True,False,False
2003-06-25,130.0,,121.0,80.0,295.0,,,,2003.0,6.0,2.0,,1,False,False,True,False,False,False,True,False,False
2012-04-24,28.0,75.0,212.0,2800.0,700.0,,1792.0,,2012.0,4.0,2.0,0.35377358490566035,1,False,False,False,False,False,False,True,False,False
2010-01-07,40.0,25.0,104.0,627.0,550.0,,440.0,,2010.0,1.0,1.0,0.2403846153846154,1,True,False,False,False,False,False,True,False,False
2018-02-12,14.0,65.0,210.0,4940.0,300.0,2253.0,1126.0,70.4,2018.0,2.0,1.0,0.30952380952380953,1,False,False,False,False,False,False,False,False,False
2013-03-18,28.0,130.0,118.0,1270.0,850.0,,326.4,13.6,2013.0,3.0,1.0,1.1016949152542372,1,False,False,True,False,False,False,True,False,False
2021-01-01,8.0,,,,712.0,4329.0,4329.0,67.65,2021.0,1.0,1.0,,1,False,False,True,False,False,True,False,False,False
2009-03-10,65.0,35.0,86.0,210.0,540.0,,20.8,,2009.0,3.0,1.0,0.4069767441860465,1,False,False,True,False,False,False,True,False,False
2015-06-18,28.0,100.0,160.0,2080.0,1000.0,,1613.0,100.8,2015.0,6.0,2.0,0.625,1,False,False,False,False,False,False,True,False,False
2014-10-12,28.0,,125.0,1550.0,925.0,721.9,721.9,45.12,2014.0,10.0,4.0,,1,False,False,False,False,False,False,True,False,False
2013-09-02,22.0,4.0,,,200.0,,272.0,68.0,2013.0,9.0,3.0,,1,False,True,False,False,True,False,False,False,False
2008-01-16,110.0,,110.0,75.0,280.0,,,,2008.0,1.0,1.0,,1,False,False,True,False,False,False,True,False,False
2019-02-21,14.0,25.0,74.0,1800.0,1519.0,18.98,1215.0,37.97,2019.0,2.0,1.0,0.33783783783783783,1,False,False,True,False,False,True,False,False,False
2003-12-14,150.0,,65.0,29.0,250.0,,,,2003.0,12.0,4.0,,1,False,False,True,False,False,False,True,False,False
2006-02-01,110.0,,110.0,75.0,400.0,,,,2006.0,2.0,1.0,,1,False,False,True,False,False,False,True,False,False
2013-07-23,28.0,55.0,221.0,2540.0,667.0,,768.4,32.02,2013.0,7.0,3.0,0.248868778280543,1,False,False,True,False,False,False,True,False,False
2016-04-08,28.0,23.0,,,1006.0,,913.2,28.54,2016.0,4.0,2.0,,1,False,False,True,False,False,False,True,False,False
2004-11-08,130.0,,225.0,222.0,325.0,,,,2004.0,11.0,4.0,,1,False,False,True,False,False,False,True,False,False
2009-06-15,40.0,45.0,144.0,727.0,561.0,,162.0,,2009.0,6.0,2.0,0.3125,1,False,False,True,False,False,False,True,False,False
2013-11-22,28.0,245.0,561.0,7080.0,575.0,,3312.0,1104.0,2013.0,11.0,4.0,0.43672014260249553,1,False,False,True,False,False,False,True,False,False
2003-09-15,130.0,,,90.0,350.0,,,,2003.0,9.0,3.0,,1,False,False,False,True,False,False,False,True,False
2021-04-12,8.0,140.0,392.0,17400.0,735.0,19170.0,19170.0,599.0,2021.0,4.0,2.0,0.35714285714285715,1,False,False,True,False,False,True,False,False,False
2009-01-08,55.0,23.0,121.0,314.0,600.0,,96.0,,2009.0,1.0,1.0,0.19008264462809918,1,False,False,True,False,False,False,True,False,False
2018-02-13,14.0,35.0,210.0,4940.0,300.0,3664.0,1832.0,114.5,2018.0,2.0,1.0,0.16666666666666666,1,False,False,False,False,False,False,False,False,False
2003-05-12,130.0,,207.0,135.0,325.0,,,,2003.0,5.0,2.0,,1,False,False,True,False,False,False,True,False,False
2021-01-01,8.0,200.0,392.0,17400.0,1575.0,21750.0,21750.0,339.8,2021.0,1.0,1.0,0.5102040816326531,1,False,False,True,False,False,True,False,False,False
2007-05-09,90.0,13.0,,,400.0,,,,2007.0,5.0,2.0,,1,False,True,False,False,True,False,False,False,False
2007-04-17,80.0,47.0,169.0,289.0,540.0,,76.16,,2007.0,4.0,2.0,0.2781065088757396,1,False,False,True,False,False,False,True,False,False
2015-09-01,14.0,15.0,,,350.0,2304.0,1152.0,288.0,2015.0,9.0,3.0,,1,False,True,False,False,True,False,False,False,False
2003-10-01,150.0,,218.0,117.0,412.0,,,,2003.0,10.0,4.0,,1,True,False,False,False,False,False,True,False,False
2015-03-13,28.0,33.0,,,1006.0,,913.2,28.54,2015.0,3.0,1.0,,1,False,False,True,False,False,False,True,False,False
2008-07-25,55.0,600.0,470.0,1400.0,648.0,,622.1,77.76,2008.0,7.0,3.0,1.2765957446808511,1,False,False,True,False,False,False,True,False,False
2007-03-01,80.0,,100.0,107.0,479.0,,,,2007.0,3.0,1.0,,1,True,False,False,False,False,False,False,True,False
2019-01-29,12.0,90.0,545.0,13600.0,735.0,12890.0,6447.0,201.5,2019.0,1.0,1.0,0.1651376146788991,1,False,False,True,False,False,False,True,False,False
2012-01-05,40.0,66.0,118.0,716.0,800.0,,768.0,,2012.0,1.0,1.0,0.559322033898305,1,False,False,False,False,False,False,True,False,False
2001-11-26,180.0,,,10.0,125.0,,,,2001.0,11.0,4.0,,1,False,False,False,True,False,False,False,True,False
2020-08-04,7.0,130.0,251.0,10300.0,1243.0,15350.0,7675.0,479.7,2020.0,8.0,3.0,0.5179282868525896,1,False,False,False,False,False,False,True,False,False
2006-03-22,90.0,,81.0,112.0,450.0,,,,2006.0,3.0,1.0,,1,False,False,True,False,False,False,True,False,False
2010-09-09,40.0,250.0,334.0,2154.0,850.0,,2720.0,544.0,2010.0,9.0,3.0,0.7485029940119761,1,True,False,False,False,False,False,True,False,False
2016-06-30,28.0,50.0,56.0,690.0,1030.0,,659.2,41.2,2016.0,6.0,2.0,0.8928571428571429,1,False,False,False,False,False,False,True,False,False
2018-11-13,12.0,160.0,545.0,13600.0,1005.0,14240.0,7119.0,222.5,2018.0,11.0,4.0,0.29357798165137616,1,False,False,True,False,False,False,True,False,False
2007-04-02,90.0,65.0,196.0,278.0,500.0,,,,2007.0,4.0,2.0,0.33163265306122447,1,False,False,True,False,False,False,True,False,False
2017-01-03,14.0,15.0,,,300.0,1690.0,844.8,211.2,2017.0,1.0,1.0,,1,False,True,False,False,True,False,False,False,False
2004-12-01,130.0,54.0,289.0,160.0,500.0,,,,2004.0,12.0,4.0,0.18685121107266436,1,True,False,False,False,False,False,True,False,False
2011-02-07,40.0,19.0,59.0,292.0,650.0,,104.0,,2011.0,2.0,1.0,0.3220338983050847,1,False,False,False,False,False,False,True,False,False
2010-10-21,40.0,151.0,255.0,1700.0,900.0,,2016.0,,2010.0,10.0,4.0,0.592156862745098,1,False,False,False,False,False,False,True,False,False
2017-12-11,14.0,5.0,,,200.0,249.6,124.8,31.2,2017.0,12.0,4.0,,1,False,True,False,False,True,False,False,False,False
2007-11-05,80.0,44.0,131.0,330.0,587.0,,,,2007.0,11.0,4.0,0.33587786259541985,1,True,False,False,False,False,False,True,False,False
2012-05-15,40.0,49.0,116.0,585.0,660.0,,126.7,10.56,2012.0,5.0,2.0,0.4224137931034483,1,False,False,True,False,False,False,True,False,False
2019-08-16,16.0,15.0,100.0,2000.0,384.0,786.4,393.2,12.29,2019.0,8.0,3.0,0.15,1,False,False,True,False,False,False,True,False,False
2004-09-01,110.0,,74.0,107.0,391.0,,,,2004.0,9.0,3.0,,1,True,False,False,False,False,False,True,False,False
2015-02-05,28.0,,160.0,2080.0,900.0,,1536.0,96.0,2015.0,2.0,1.0,,1,False,False,False,False,False,False,True,False,False
2007-01-24,110.0,,156.0,120.0,400.0,,,,2007.0,1.0,1.0,,1,True,False,False,False,False,False,True,False,False
2017-07-04,14.0,45.0,123.0,3000.0,1090.0,2106.0,2106.0,131.6,2017.0,7.0,3.0,0.36585365853658536,1,False,False,False,False,False,False,False,False,False
2013-03-12,32.0,35.0,246.0,1303.0,514.0,,184.3,,2013.0,3.0,1.0,0.14227642276422764,1,False,False,False,False,False,False,True,False,False
2004-09-01,110.0,,74.0,107.0,325.0,,,,2004.0,9.0,3.0,,1,True,False,False,False,False,False,True,False,False
2013-04-24,28.0,375.0,365.0,4313.0,950.0,,4096.0,1024.0,2013.0,4.0,2.0,1.0273972602739727,1,False,False,False,False,False,False,True,False,False
2011-01-25,40.0,170.0,332.0,1950.0,850.0,,1306.0,108.8,2011.0,1.0,1.0,0.5120481927710844,1,False,False,True,False,False,False,True,False,False
2003-03-01,150.0,,91.0,45.0,200.0,,,,2003.0,3.0,1.0,,1,False,False,True,False,False,False,True,False,False
2020-08-04,7.0,130.0,251.0,10300.0,1243.0,12440.0,6221.0,388.8,2020.0,8.0,3.0,0.5179282868525896,1,False,False,False,False,False,False,True,False,False
2013-05-23,32.0,35.0,246.0,1303.0,515.0,,337.9,,2013.0,5.0,2.0,0.14227642276422764,1,False,False,False,False,False,False,True,False,False
2015-03-21,28.0,45.0,118.0,1270.0,835.0,,729.6,30.4,2015.0,3.0,1.0,0.3813559322033898,1,False,False,True,False,False,False,True,False,False
2011-02-07,40.0,35.0,104.0,627.0,550.0,,528.0,,2011.0,2.0,1.0,0.33653846153846156,1,False,False,False,False,False,False,True,False,False
2011-05-14,40.0,39.0,104.0,627.0,650.0,,520.0,,2011.0,5.0,2.0,0.375,1,False,False,False,False,False,False,True,False,False
2003-10-01,150.0,47.0,218.0,117.0,380.0,,,,2003.0,10.0,4.0,0.21559633027522937,1,True,False,False,False,False,False,True,False,False
2014-08-13,28.0,50.0,123.0,1500.0,630.0,,645.1,40.32,2014.0,8.0,3.0,0.4065040650406504,1,False,False,False,False,False,False,True,False,False
2005-07-01,110.0,,74.0,107.0,400.0,,,,2005.0,7.0,3.0,,1,True,False,False,False,False,False,True,False,False
2018-02-12,14.0,65.0,210.0,4940.0,300.0,3492.0,1746.0,109.1,2018.0,2.0,1.0,0.30952380952380953,1,False,False,False,False,False,False,False,False,False
2017-10-13,14.0,50.0,123.0,3000.0,1019.0,1097.0,1097.0,68.54,2017.0,10.0,4.0,0.4065040650406504,1,False,False,False,False,False,False,False,False,False
2016-05-27,16.0,180.0,314.0,7200.0,1607.0,138.6,8873.0,277.3,2016.0,5.0,2.0,0.5732484076433121,1,False,False,True,False,False,False,True,False,False
2015-05-05,28.0,,160.0,2080.0,900.0,,1536.0,96.0,2015.0,5.0,2.0,,1,False,False,False,False,False,False,True,False,False
2007-06-28,65.0,,82.0,180.0,650.0,,52.0,,2007.0,6.0,2.0,,1,True,False,False,False,False,False,True,False,False
2016-11-10,14.0,130.0,232.0,5700.0,1188.0,5728.0,5728.0,358.0,2016.0,11.0,4.0,0.5603448275862069,1,False,False,False,False,False,False,False,False,False
2013-06-25,28.0,170.0,294.0,3540.0,980.0,,2378.0,99.07,2013.0,6.0,2.0,0.5782312925170068,1,False,False,True,False,False,False,True,False,False
2013-06-28,28.0,130.0,118.0,1270.0,850.0,,326.4,13.6,2013.0,6.0,2.0,1.1016949152542372,1,False,False,True,False,False,False,True,False,False
2011-07-25,40.0,225.0,529.0,3100.0,574.0,,1030.0,515.2,2011.0,7.0,3.0,0.42533081285444235,1,False,False,True,False,False,False,True,False,False
2009-06-01,55.0,30.0,146.0,514.0,600.0,,384.0,,2009.0,6.0,2.0,0.2054794520547945,1,True,False,False,False,False,False,True,False,False
2007-05-14,65.0,,82.0,180.0,600.0,,48.0,,2007.0,5.0,2.0,,1,True,False,False,False,False,False,True,False,False
2014-02-18,28.0,250.0,561.0,7080.0,889.0,,5645.0,1882.0,2014.0,2.0,1.0,0.44563279857397503,1,False,False,True,False,False,False,True,False,False
2006-10-17,90.0,96.0,352.0,384.0,625.0,,,,2006.0,10.0,4.0,0.2727272727272727,1,True,False,False,False,False,False,True,False,False
2012-10-02,32.0,17.0,246.0,1303.0,327.0,,162.8,,2012.0,10.0,4.0,0.06910569105691057,1,False,False,False,False,False,False,True,False,False
2016-10-01,16.0,180.0,314.0,7200.0,1607.0,138.6,8873.0,277.3,2016.0,10.0,4.0,0.5732484076433121,1,False,False,True,False,False,False,True,False,False
2015-04-14,28.0,65.0,221.0,2540.0,1050.0,,806.4,33.6,2015.0,4.0,2.0,0.29411764705882354,1,False,False,True,False,False,False,True,False,False
2004-09-01,110.0,36.0,74.0,107.0,400.0,,,,2004.0,9.0,3.0,0.4864864864864865,1,True,False,False,False,False,False,True,False,False
2019-11-13,7.0,85.0,158.0,6400.0,1000.0,6400.0,3200.0,200.0,2019.0,11.0,4.0,0.5379746835443038,1,False,False,False,False,False,False,True,False,False
2004-05-01,130.0,48.0,289.0,160.0,475.0,,,,2004.0,5.0,2.0,0.16608996539792387,1,True,False,False,False,False,False,True,False,False
2012-11-12,22.0,300.0,350.0,5000.0,1100.0,,501.6,,2012.0,11.0,4.0,0.8571428571428571,1,False,True,False,False,True,False,False,False,False
2012-10-02,32.0,65.0,246.0,1303.0,760.0,,389.1,,2012.0,10.0,4.0,0.26422764227642276,1,False,False,False,False,False,False,True,False,False
2008-10-15,65.0,12.0,144.0,314.0,450.0,,35.2,,2008.0,10.0,4.0,0.08333333333333333,1,False,False,True,False,False,False,False,False,True
2003-03-01,150.0,12.0,215.0,110.0,275.0,,,,2003.0,3.0,1.0,0.05581395348837209,1,True,False,False,False,False,False,True,False,False
2007-02-28,90.0,,73.0,120.0,500.0,,,,2007.0,2.0,1.0,,1,True,False,False,False,False,False,False,False,True
2014-03-21,28.0,,123.0,1500.0,575.0,,800.0,50.0,2014.0,3.0,1.0,,1,False,False,False,False,False,False,True,False,False
2012-07-11,40.0,106.0,238.0,1170.0,783.0,,451.0,37.58,2012.0,7.0,3.0,0.44537815126050423,1,False,False,True,False,False,False,True,False,False
2004-04-01,130.0,142.0,287.0,222.0,375.0,,,,2004.0,4.0,2.0,0.49477351916376305,1,False,False,True,False,False,False,True,False,False
2015-06-18,28.0,85.0,160.0,2080.0,1100.0,,1971.0,123.2,2015.0,6.0,2.0,0.53125,1,False,False,False,False,False,False,True,False,False
2007-05-02,90.0,171.0,484.0,681.0,612.0,,387.1,,2007.0,5.0,2.0,0.35330578512396693,1,False,False,True,False,False,False,True,False,False
,90.0,,,,250.0,,,,,,,,1,False,False,False,True,False,False,False,True,False
2012-01-04,40.0,25.0,104.0,716.0,725.0,,696.0,,2012.0,1.0,1.0,0.2403846153846154,1,False,False,False,False,False,False,True,False,False
2006-11-08,90.0,155.0,484.0,681.0,576.0,,345.6,,2006.0,11.0,4.0,0.3202479338842975,1,False,False,True,False,False,False,True,False,False
2004-04-14,130.0,80.0,287.0,222.0,350.0,,,,2004.0,4.0,2.0,0.2787456445993031,1,False,False,True,False,False,False,True,False,False
2004-03-14,150.0,28.0,97.0,36.0,275.0,,,,2004.0,3.0,1.0,0.28865979381443296,1,True,False,False,False,False,False,True,False,False
2015-09-01,14.0,15.0,,,350.0,2189.0,1094.0,273.6,2015.0,9.0,3.0,,1,False,True,False,False,True,False,False,False,False
2017-03-01,14.0,50.0,123.0,3000.0,1002.0,1887.0,1887.0,117.9,2017.0,3.0,1.0,0.4065040650406504,1,False,False,False,False,False,False,False,False,False
2019-02-07,7.0,295.0,331.0,13230.0,1400.0,26880.0,13440.0,3360.0,2019.0,2.0,1.0,0.8912386706948641,1,False,False,False,False,False,False,True,False,False
2015-01-28,28.0,45.0,148.0,1870.0,1058.0,,1151.0,35.97,2015.0,1.0,1.0,0.30405405405405406,1,False,False,True,False,False,False,True,False,False
,14.0,200.0,232.0,5700.0,1188.0,,5728.0,358.0,,,,0.8620689655172413,1,False,False,False,False,False,False,False,False,False
2015-10-21,28.0,,56.0,690.0,1070.0,,684.8,,2015.0,10.0,4.0,,1,False,False,False,False,False,False,True,False,False
2001-02-06,180.0,2.0,64.0,20.0,143.0,,,,2001.0,2.0,1.0,0.03125,1,False,False,True,False,False,False,True,False,False
2013-06-17,22.0,245.0,350.0,5000.0,1053.0,,505.4,,2013.0,6.0,2.0,0.7,1,False,True,False,False,True,False,False,False,False
2009-01-09,55.0,,256.0,956.0,550.0,,880.0,176.0,2009.0,1.0,1.0,,1,True,False,False,False,False,False,True,False,False
2003-09-15,130.0,,,90.0,350.0,,,,2003.0,9.0,3.0,,1,False,False,False,True,False,False,False,True,False
2006-02-01,90.0,,81.0,112.0,425.0,,,,2006.0,2.0,1.0,,1,False,False,True,False,False,False,False,False,True
2014-05-29,28.0,64.0,118.0,1270.0,993.0,,762.6,31.78,2014.0,5.0,2.0,0.5423728813559322,1,False,False,True,False,False,False,True,False,False
2012-08-17,28.0,122.0,294.0,3540.0,706.0,,2169.0,90.37,2012.0,8.0,3.0,0.41496598639455784,1,False,False,True,False,False,False,True,False,False
2017-05-17,14.0,10.0,74.0,1800.0,937.0,12.46,797.2,24.91,2017.0,5.0,2.0,0.13513513513513514,1,False,False,True,False,False,True,False,False,False
2008-10-15,65.0,12.0,144.0,314.0,450.0,,38.4,,2008.0,10.0,4.0,0.08333333333333333,1,False,False,True,False,False,False,False,False,True
2007-01-11,80.0,,230.0,384.0,400.0,,,,2007.0,1.0,1.0,,1,True,False,False,False,False,False,True,False,False
2015-12-30,28.0,75.0,160.0,2080.0,1050.0,,1613.0,100.8,2015.0,12.0,4.0,0.46875,1,False,False,False,False,False,False,True,False,False
2005-01-16,130.0,,225.0,222.0,325.0,,,,2005.0,1.0,1.0,,1,False,False,True,False,False,False,True,False,False
2011-01-21,40.0,86.0,166.0,1040.0,700.0,,1008.0,,2011.0,1.0,1.0,0.5180722891566265,1,False,False,False,False,False,False,True,False,False
2016-06-30,28.0,50.0,77.0,950.0,730.0,,599.0,37.44,2016.0,6.0,2.0,0.6493506493506493,1,False,False,False,False,False,False,True,False,False
2013-12-21,28.0,85.0,160.0,2080.0,1100.0,,1971.0,123.2,2013.0,12.0,4.0,0.53125,1,False,False,False,False,False,False,True,False,False
2015-03-13,28.0,33.0,,,928.0,,722.7,22.58,2015.0,3.0,1.0,,1,False,False,True,False,False,False,True,False,False
2003-03-17,130.0,,121.0,80.0,235.0,,,,2003.0,3.0,1.0,,1,False,False,True,False,False,False,True,False,False
2020-03-07,7.0,15.0,156.0,9800.0,400.0,3584.0,1792.0,112.0,2020.0,3.0,1.0,0.09615384615384616,1,False,False,False,False,False,False,True,False,False
2013-07-23,28.0,100.0,294.0,3540.0,771.0,,2369.0,98.69,2013.0,7.0,3.0,0.3401360544217687,1,False,False,True,False,False,False,True,False,False
2005-01-01,110.0,,74.0,107.0,300.0,,,,2005.0,1.0,1.0,,1,True,False,False,False,False,False,False,False,True
2017-06-05,14.0,185.0,232.0,5700.0,1100.0,5530.0,5530.0,345.6,2017.0,6.0,2.0,0.7974137931034483,1,False,False,False,False,False,False,False,False,False
2009-11-27,40.0,31.0,57.0,260.0,589.0,,44.86,,2009.0,11.0,4.0,0.543859649122807,1,False,False,True,False,False,False,True,False,False
2016-06-28,28.0,23.0,148.0,1870.0,795.0,,881.7,27.55,2016.0,6.0,2.0,0.1554054054054054,1,False,False,True,False,False,False,True,False,False
2020-10-05,8.0,300.0,628.0,28300.0,1455.0,40000.0,40000.0,1250.0,2020.0,10.0,4.0,0.47770700636942676,1,False,False,True,False,False,True,False,False,False
2019-05-29,10.0,15.0,,,300.0,1613.0,806.4,201.6,2019.0,5.0,2.0,,1,False,True,False,False,True,False,False,False,False
2007-03-01,80.0,,100.0,107.0,479.0,,,,2007.0,3.0,1.0,,1,True,False,False,False,False,False,True,False,False
2007-09-21,80.0,75.0,169.0,289.0,675.0,,92.8,,2007.0,9.0,3.0,0.4437869822485207,1,False,False,True,False,False,False,True,False,False
2008-06-03,65.0,20.0,144.0,314.0,500.0,,40.0,,2008.0,6.0,2.0,0.1388888888888889,1,False,False,True,False,False,False,False,True,False
2004-10-04,130.0,,289.0,160.0,425.0,,,,2004.0,10.0,4.0,,1,True,False,False,False,False,False,True,False,False
2013-10-16,28.0,,77.0,950.0,670.0,,514.6,32.16,2013.0,10.0,4.0,,1,False,False,False,False,False,False,True,False,False
2012-01-07,40.0,20.0,104.0,716.0,450.0,,360.0,,2012.0,1.0,1.0,0.19230769230769232,1,False,False,False,False,False,False,True,False,False
2006-02-01,90.0,,81.0,112.0,450.0,,,,2006.0,2.0,1.0,,1,False,False,True,False,False,False,True,False,False
2006-02-01,90.0,,150.0,157.0,450.0,,,,2006.0,2.0,1.0,,1,True,False,False,False,False,False,True,False,False
2008-07-28,55.0,151.0,256.0,956.0,750.0,,1200.0,240.0,2008.0,7.0,3.0,0.58984375,1,True,False,False,False,False,False,True,False,False
2011-07-25,40.0,238.0,529.0,3100.0,574.0,,1028.0,513.9,2011.0,7.0,3.0,0.4499054820415879,1,False,False,True,False,False,False,True,False,False
2012-01-05,40.0,19.0,59.0,292.0,650.0,,104.0,,2012.0,1.0,1.0,0.3220338983050847,1,False,False,False,False,False,False,True,False,False
2016-08-04,14.0,85.0,232.0,5700.0,926.0,4399.0,4399.0,274.9,2016.0,8.0,3.0,0.36637931034482757,1,False,False,False,False,False,False,False,False,False
2013-04-19,40.0,86.0,166.0,1040.0,700.0,,1008.0,,2013.0,4.0,2.0,0.5180722891566265,1,False,False,False,False,False,False,True,False,False
2018-02-01,14.0,40.0,132.0,3300.0,1177.0,23.09,1478.0,46.18,2018.0,2.0,1.0,0.30303030303030304,1,False,False,True,False,False,True,False,False,False
2007-12-11,65.0,135.0,324.0,754.0,650.0,,416.0,,2007.0,12.0,4.0,0.4166666666666667,1,False,False,True,False,False,False,True,False,False
2013-05-23,32.0,35.0,246.0,1303.0,554.0,,425.5,,2013.0,5.0,2.0,0.14227642276422764,1,False,False,False,False,False,False,True,False,False
2015-08-18,28.0,75.0,398.0,5200.0,1050.0,,2150.0,67.2,2015.0,8.0,3.0,0.1884422110552764,1,False,False,True,False,False,False,True,False,False
2008-06-01,55.0,800.0,470.0,1400.0,610.0,,622.1,77.76,2008.0,6.0,2.0,1.702127659574468,1,False,False,True,False,False,False,True,False,False
2003-03-01,150.0,,91.0,45.0,200.0,,,,2003.0,3.0,1.0,,1,False,False,True,False,False,False,True,False,False
2014-07-22,28.0,150.0,561.0,7080.0,667.0,,3553.0,1184.0,2014.0,7.0,3.0,0.26737967914438504,1,False,False,True,False,False,False,True,False,False
2015-03-21,28.0,45.0,118.0,1270.0,810.0,,622.1,25.92,2015.0,3.0,1.0,0.3813559322033898,1,False,False,True,False,False,False,True,False,False
2016-09-27,14.0,80.0,123.0,3000.0,1090.0,2150.0,2150.0,134.4,2016.0,9.0,3.0,0.6504065040650406,1,False,False,False,False,False,False,False,False,False
2007-04-17,80.0,40.0,127.0,210.0,500.0,,48.0,,2007.0,4.0,2.0,0.31496062992125984,1,False,False,True,False,False,False,False,False,True
2006-10-30,80.0,55.0,230.0,330.0,525.0,,,,2006.0,10.0,4.0,0.2391304347826087,1,True,False,False,False,False,False,True,False,False
2004-08-12,110.0,,154.0,146.0,300.0,,,,2004.0,8.0,3.0,,1,False,False,True,False,False,False,True,False,False
2014-03-17,28.0,15.0,87.0,1020.0,719.0,,276.1,11.5,2014.0,3.0,1.0,0.1724137931034483,1,False,False,True,False,False,False,True,False,False
2004-06-01,130.0,,92.0,75.0,400.0,,,,2004.0,6.0,2.0,,1,True,False,False,False,False,False,True,False,False
2019-08-21,14.0,15.0,,,300.0,768.0,384.0,96.0,2019.0,8.0,3.0,,1,False,True,False,False,True,False,False,False,False
2007-03-05,90.0,171.0,484.0,681.0,600.0,,368.6,,2007.0,3.0,1.0,0.35330578512396693,1,False,False,True,False,False,False,True,False,False
2007-11-25,130.0,24.0,76.0,60.0,250.0,,,,2007.0,11.0,4.0,0.3157894736842105,1,True,False,False,False,False,False,True,False,False
2007-11-08,55.0,105.0,192.0,666.0,800.0,,512.0,102.4,2007.0,11.0,4.0,0.546875,1,False,False,False,False,False,False,True,False,False
2015-11-26,28.0,,228.0,2940.0,1176.0,,2460.0,76.86,2015.0,11.0,4.0,,1,False,False,True,False,False,False,True,False,False
2007-07-26,65.0,,153.0,390.0,800.0,,192.0,,2007.0,7.0,3.0,,1,True,False,False,False,False,False,True,False,False
,12.0,260.0,754.0,18600.0,1065.0,25710.0,12860.0,401.8,,,,0.3448275862068966,1,False,False,True,False,False,False,True,False,False
2017-01-03,14.0,75.0,132.0,3300.0,1354.0,29.86,1911.0,59.72,2017.0,1.0,1.0,0.5681818181818182,1,False,False,True,False,False,True,False,False,False
2021-01-12,8.0,80.0,392.0,17400.0,780.0,15300.0,15300.0,239.0,2021.0,1.0,1.0,0.20408163265306123,1,False,False,True,False,False,True,False,False,False
2020-04-15,12.0,50.0,200.0,4700.0,930.0,4608.0,2304.0,72.0,2020.0,4.0,2.0,0.25,1,False,False,True,False,False,False,True,False,False
2011-02-01,32.0,,149.0,624.0,350.0,,192.0,,2011.0,2.0,1.0,,1,False,True,False,False,True,False,False,False,False
2007-05-14,65.0,,85.0,180.0,450.0,,36.0,,2007.0,5.0,2.0,,1,True,False,False,False,False,False,True,False,False
2011-01-05,40.0,23.0,116.0,585.0,600.0,,230.4,19.2,2011.0,1.0,1.0,0.19827586206896552,1,False,False,True,False,False,False,True,False,False
2005-05-26,90.0,45.0,86.0,54.0,147.0,,,,2005.0,5.0,2.0,0.5232558139534884,1,False,False,False,True,False,True,False,False,False
2012-10-02,32.0,100.0,246.0,1303.0,760.0,,583.7,,2012.0,10.0,4.0,0.4065040650406504,1,False,False,False,False,False,False,True,False,False
2012-04-02,40.0,29.0,79.0,292.0,810.0,,155.5,12.96,2012.0,4.0,2.0,0.3670886075949367,1,False,False,True,False,False,False,True,False,False
2008-01-03,55.0,75.0,192.0,666.0,668.0,,427.5,85.5,2008.0,1.0,1.0,0.390625,1,True,False,False,False,False,False,True,False,False
2015-11-17,28.0,,228.0,2940.0,1087.0,,1269.0,39.65,2015.0,11.0,4.0,,1,False,False,True,False,False,False,True,False,False
2008-08-08,55.0,56.0,146.0,514.0,700.0,,448.0,,2008.0,8.0,3.0,0.3835616438356164,1,True,False,False,False,False,False,True,False,False
2009-01-01,55.0,,135.0,378.0,680.0,,163.2,,2009.0,1.0,1.0,,1,True,False,False,False,False,False,True,False,False
2015-09-01,14.0,15.0,,,350.0,2419.0,1210.0,302.4,2015.0,9.0,3.0,,1,False,True,False,False,True,False,False,False,False
2021-01-01,14.0,15.0,,,300.0,460.8,230.4,57.6,2021.0,1.0,1.0,,1,False,True,False,False,True,False,False,False,False
2012-10-23,28.0,122.0,294.0,3540.0,719.0,,2209.0,92.03,2012.0,10.0,4.0,0.41496598639455784,1,False,False,True,False,False,False,True,False,False
2002-04-16,150.0,,83.0,60.0,260.0,,,,2002.0,4.0,2.0,,1,True,False,False,False,False,False,True,False,False
2020-05-14,7.0,400.0,826.0,54200.0,900.0,55570.0,13890.0,6947.0,2020.0,5.0,2.0,0.48426150121065376,1,False,False,True,False,False,False,True,False,False
2019-01-29,12.0,90.0,445.0,10800.0,885.0,10920.0,5460.0,170.6,2019.0,1.0,1.0,0.20224719101123595,1,False,False,True,False,False,False,True,False,False
2008-09-30,55.0,20.0,73.0,242.0,600.0,,96.0,,2008.0,9.0,3.0,0.273972602739726,1,True,False,False,False,False,False,True,False,False
,180.0,15.0,112.0,14.0,166.0,,,,,,,0.13392857142857142,1,False,False,False,True,False,False,True,False,False
2011-02-07,40.0,44.0,118.0,716.0,650.0,,624.0,,2011.0,2.0,1.0,0.3728813559322034,1,False,False,False,False,False,False,True,False,False
2002-02-06,150.0,,65.0,29.0,250.0,,,,2002.0,2.0,1.0,,1,False,False,True,False,False,False,True,False,False
2013-11-01,28.0,50.0,77.0,950.0,730.0,,499.2,31.2,2013.0,11.0,4.0,0.6493506493506493,1,False,False,False,False,False,False,True,False,False
2005-10-01,90.0,111.0,288.0,321.0,600.0,,,,2005.0,10.0,4.0,0.3854166666666667,1,True,False,False,False,False,False,True,False,False
2010-03-11,40.0,228.0,334.0,2154.0,850.0,,2720.0,544.0,2010.0,3.0,1.0,0.6826347305389222,1,True,False,False,False,False,False,True,False,False
2000-06-28,180.0,,64.0,20.0,175.0,,,,2000.0,6.0,2.0,,1,False,False,True,False,False,False,True,False,False
2014-01-18,28.0,274.0,352.0,4313.0,850.0,,3482.0,870.4,2014.0,1.0,1.0,0.7784090909090909,1,False,False,False,False,False,False,True,False,False
2008-07-29,65.0,12.0,144.0,314.0,450.0,,17.6,,2008.0,7.0,3.0,0.08333333333333333,1,False,True,False,False,False,False,False,False,True
2003-10-01,130.0,12.0,76.0,60.0,324.0,,,,2003.0,10.0,4.0,0.15789473684210525,1,True,False,False,False,False,False,True,False,False
2009-03-03,65.0,65.0,324.0,754.0,550.0,,308.0,,2009.0,3.0,1.0,0.2006172839506173,1,False,False,True,False,False,False,True,False,False
2018-04-11,14.0,50.0,103.0,2200.0,1019.0,1371.0,1371.0,85.68,2018.0,4.0,2.0,0.4854368932038835,1,False,False,False,False,False,False,False,False,False
2016-05-15,28.0,,160.0,2080.0,900.0,,1536.0,96.0,2016.0,5.0,2.0,,1,False,False,False,False,False,False,True,False,False
2010-05-31,45.0,300.0,684.0,2300.0,1200.0,,614.4,,2010.0,5.0,2.0,0.43859649122807015,1,False,True,False,False,True,False,False,False,False
2010-07-05,55.0,30.0,67.0,181.0,796.0,,63.68,,2010.0,7.0,3.0,0.44776119402985076,1,True,False,False,False,False,False,True,False,False
2017-10-03,14.0,50.0,103.0,2200.0,1124.0,1248.0,1248.0,78.02,2017.0,10.0,4.0,0.4854368932038835,1,False,False,False,False,False,False,False,False,False
2008-07-29,65.0,45.0,144.0,314.0,625.0,,99.2,,2008.0,7.0,3.0,0.3125,1,False,False,True,False,False,False,False,True,False
,7.0,150.0,236.0,,1489.0,17920.0,8960.0,560.0,,,,0.635593220338983,1,False,False,False,False,False,False,True,False,False
,80.0,240.0,420.0,720.0,743.0,,475.5,,,,,0.5714285714285714,1,True,False,False,False,False,False,True,False,False
2020-08-04,7.0,125.0,158.0,6400.0,1187.0,10800.0,5398.0,337.3,2020.0,8.0,3.0,0.7911392405063291,1,False,False,False,False,False,False,True,False,False
2016-08-04,14.0,100.0,232.0,5700.0,1000.0,4963.0,4963.0,310.2,2016.0,8.0,3.0,0.43103448275862066,1,False,False,False,False,False,False,False,False,False
2004-06-01,130.0,,92.0,76.0,300.0,,,,2004.0,6.0,2.0,,1,True,False,False,False,False,False,True,False,False
2010-02-04,40.0,19.0,59.0,292.0,650.0,,104.0,,2010.0,2.0,1.0,0.3220338983050847,1,True,False,False,False,False,False,True,False,False
2020-05-28,10.0,15.0,,,200.0,1024.0,512.0,128.0,2020.0,5.0,2.0,,1,False,True,False,False,True,False,False,False,False
2014-10-07,28.0,,398.0,5200.0,540.0,,1659.0,51.84,2014.0,10.0,4.0,,1,False,False,True,False,False,False,True,False,False
2004-12-21,130.0,67.0,297.0,160.0,540.0,,,,2004.0,12.0,4.0,0.2255892255892256,1,True,False,False,False,False,False,True,False,False
2010-04-26,40.0,23.0,100.0,486.0,500.0,,105.6,,2010.0,4.0,2.0,0.23,1,False,False,True,False,False,False,True,False,False
2008-05-01,55.0,35.0,73.0,242.0,500.0,,80.0,,2008.0,5.0,2.0,0.4794520547945205,1,True,False,False,False,False,False,True,False,False
2000-06-28,180.0,,64.0,20.0,175.0,,,,2000.0,6.0,2.0,,1,False,False,True,False,False,False,True,False,False
2006-09-10,90.0,,352.0,384.0,650.0,,,,2006.0,9.0,3.0,,1,True,False,False,False,False,False,True,False,False
2017-12-07,12.0,250.0,815.0,21100.0,1200.0,29800.0,14900.0,7450.0,2017.0,12.0,4.0,0.3067484662576687,1,False,False,True,False,False,False,True,False,False
2009-03-10,65.0,141.0,324.0,754.0,738.0,,470.0,,2009.0,3.0,1.0,0.4351851851851852,1,False,False,True,False,False,False,True,False,False
2007-06-28,65.0,25.0,85.0,180.0,650.0,,52.0,,2007.0,6.0,2.0,0.29411764705882354,1,True,False,False,False,False,False,True,False,False
2018-10-17,12.0,175.0,445.0,10800.0,1410.0,14930.0,7465.0,233.3,2018.0,10.0,4.0,0.39325842696629215,1,False,False,True,False,False,False,True,False,False
2013-09-10,28.0,250.0,561.0,7080.0,863.0,,4156.0,173.2,2013.0,9.0,3.0,0.44563279857397503,1,False,False,True,False,False,False,True,False,False
2014-01-18,28.0,150.0,212.0,2800.0,850.0,,2176.0,136.0,2014.0,1.0,1.0,0.7075471698113207,1,False,False,False,False,False,False,True,False,False
2014-01-27,28.0,33.0,87.0,1020.0,850.0,,722.7,30.11,2014.0,1.0,1.0,0.3793103448275862,1,False,False,True,False,False,False,True,False,False
2018-01-05,16.0,,314.0,7200.0,1506.0,134.6,8617.0,269.3,2018.0,1.0,1.0,,1,False,False,True,False,False,False,True,False,False
2014-07-01,28.0,33.0,116.0,585.0,775.0,,180.1,15.01,2014.0,7.0,3.0,0.28448275862068967,1,False,False,True,False,False,False,True,False,False
2015-12-12,28.0,,56.0,690.0,955.0,,791.0,49.44,2015.0,12.0,4.0,,1,False,False,False,False,False,False,True,False,False
2013-09-27,28.0,15.0,116.0,585.0,738.0,,141.7,11.81,2013.0,9.0,3.0,0.12931034482758622,1,False,False,True,False,False,False,True,False,False
2011-05-14,40.0,150.0,332.0,1950.0,736.0,,847.9,70.66,2011.0,5.0,2.0,0.45180722891566266,1,False,False,True,False,False,False,True,False,False
2003-10-01,130.0,,76.0,60.0,324.0,,,,2003.0,10.0,4.0,,1,True,False,False,False,False,False,True,False,False
2011-07-12,40.0,100.0,212.0,1700.0,715.0,,1602.0,,2011.0,7.0,3.0,0.4716981132075472,1,False,False,False,False,False,False,True,False,False
2006-08-26,90.0,24.0,125.0,177.0,350.0,,,,2006.0,8.0,3.0,0.192,1,False,False,True,False,False,False,True,False,False
2003-01-22,150.0,,215.0,110.0,325.0,,,,2003.0,1.0,1.0,,1,True,False,False,False,False,False,True,False,False
2009-10-12,40.0,31.0,57.0,260.0,520.0,,39.36,,2009.0,10.0,4.0,0.543859649122807,1,False,False,True,False,False,False,True,False,False
,180.0,,,10.0,125.0,,,,,,,,1,False,False,False,True,False,False,False,True,False
2017-04-20,14.0,50.0,103.0,2200.0,1100.0,1211.0,1211.0,75.71,2017.0,4.0,2.0,0.4854368932038835,1,False,False,False,False,False,False,False,False,False
2013-05-14,28.0,100.0,212.0,2800.0,850.0,,2304.0,144.0,2013.0,5.0,2.0,0.4716981132075472,1,False,False,False,False,False,False,True,False,False
2001-12-01,150.0,27.0,68.0,60.0,280.0,,,,2001.0,12.0,4.0,0.39705882352941174,1,True,False,False,False,False,False,True,False,False
2001-08-14,180.0,,115.0,30.0,166.0,,,,2001.0,8.0,3.0,,1,True,False,False,False,False,False,True,False,False
2013-05-23,32.0,35.0,246.0,1303.0,450.0,,230.4,,2013.0,5.0,2.0,0.14227642276422764,1,False,False,False,False,False,False,True,False,False
2015-08-27,28.0,175.0,596.0,8900.0,1000.0,8192.0,8192.0,512.0,2015.0,8.0,3.0,0.2936241610738255,1,False,False,False,False,False,False,True,False,False
2008-01-31,65.0,105.0,324.0,754.0,500.0,,160.0,,2008.0,1.0,1.0,0.32407407407407407,1,False,False,True,False,False,False,True,False,False
2017-01-17,14.0,75.0,123.0,3000.0,1090.0,2458.0,2458.0,153.6,2017.0,1.0,1.0,0.6097560975609756,1,False,False,False,False,False,False,False,False,False
2014-09-29,28.0,19.0,87.0,1020.0,797.0,,306.0,12.75,2014.0,9.0,3.0,0.21839080459770116,1,False,False,True,False,False,False,True,False,False
2006-01-18,90.0,,81.0,112.0,450.0,,,,2006.0,1.0,1.0,,1,False,False,True,False,False,False,True,False,False
2020-10-28,7.0,300.0,520.0,26800.0,1825.0,41470.0,20740.0,1296.0,2020.0,10.0,4.0,0.5769230769230769,1,False,False,False,False,False,False,True,False,False
2012-01-07,40.0,25.0,67.0,370.0,750.0,,256.0,,2012.0,1.0,1.0,0.373134328358209,1,False,False,False,False,False,False,True,False,False
2012-04-02,40.0,30.0,79.0,292.0,810.0,,155.5,12.96,2012.0,4.0,2.0,0.379746835443038,1,False,False,True,False,False,False,True,False,False
2005-10-01,90.0,31.0,100.0,107.0,600.0,,,,2005.0,10.0,4.0,0.31,1,True,False,False,False,False,False,True,False,False
2000-06-28,180.0,,64.0,20.0,175.0,,,,2000.0,6.0,2.0,,1,False,False,True,False,False,False,True,False,False
2006-03-22,90.0,,81.0,112.0,450.0,,,,2006.0,3.0,1.0,,1,False,False,True,False,False,False,True,False,False
2004-06-08,130.0,,287.0,222.0,350.0,,,,2004.0,6.0,2.0,,1,False,False,True,False,False,False,True,False,False
2014-08-12,28.0,26.0,77.0,950.0,630.0,,435.2,27.2,2014.0,8.0,3.0,0.33766233766233766,1,False,False,False,False,False,False,True,False,False
2002-02-19,150.0,,142.0,63.0,275.0,,,,2002.0,2.0,1.0,,1,False,False,True,False,False,False,True,False,False
2004-12-15,110.0,,110.0,75.0,350.0,,,,2004.0,12.0,4.0,,1,False,False,True,False,False,False,True,False,False
2021-03-03,7.0,230.0,335.0,17200.0,2321.0,26430.0,13210.0,825.9,2021.0,3.0,1.0,0.6865671641791045,1,False,False,False,False,False,False,True,False,False
2008-02-01,80.0,20.0,169.0,289.0,475.0,,60.8,,2008.0,2.0,1.0,0.11834319526627218,1,False,False,True,False,False,False,True,False,False
2012-11-12,28.0,375.0,352.0,4313.0,825.0,,3405.0,851.2,2012.0,11.0,4.0,1.0653409090909092,1,False,False,False,False,False,False,True,False,False
2013-10-01,40.0,15.0,79.0,292.0,738.0,,141.7,11.81,2013.0,10.0,4.0,0.189873417721519,1,False,False,True,False,False,False,True,False,False
2006-02-01,110.0,10.0,110.0,75.0,400.0,,,,2006.0,2.0,1.0,0.09090909090909091,1,False,False,True,False,False,False,True,False,False
2018-02-21,16.0,100.0,314.0,7200.0,1227.0,118.6,7589.0,237.2,2018.0,2.0,1.0,0.3184713375796178,1,False,False,True,False,False,False,True,False,False
2000-11-11,180.0,2.0,64.0,20.0,143.0,,,,2000.0,11.0,4.0,0.03125,1,False,False,True,False,False,False,True,False,False
2012-04-01,22.0,,94.0,392.0,650.0,,100.8,25.2,2012.0,4.0,2.0,,1,False,True,False,False,True,False,False,False,False
2010-04-26,40.0,69.0,104.0,627.0,775.0,,620.0,,2010.0,4.0,2.0,0.6634615384615384,1,True,False,False,False,False,False,True,False,False
2008-06-16,65.0,236.0,576.0,1400.0,602.0,,622.1,77.76,2008.0,6.0,2.0,0.4097222222222222,1,False,False,True,False,False,False,True,False,False
2009-01-01,55.0,32.0,67.0,181.0,400.0,,32.0,,2009.0,1.0,1.0,0.47761194029850745,1,True,False,False,False,False,False,True,False,False
2021-01-12,8.0,115.0,392.0,17400.0,1110.0,18980.0,18980.0,296.6,2021.0,1.0,1.0,0.29336734693877553,1,False,False,True,False,False,True,False,False,False
2003-09-15,130.0,,,110.0,350.0,,,,2003.0,9.0,3.0,,1,False,False,False,True,False,False,False,True,False
2009-12-01,40.0,28.0,57.0,260.0,550.0,,44.0,,2009.0,12.0,4.0,0.49122807017543857,1,False,False,True,False,False,False,True,False,False
2015-05-05,28.0,,160.0,2080.0,900.0,,1792.0,112.0,2015.0,5.0,2.0,,1,False,False,False,False,False,False,True,False,False
2008-09-11,55.0,151.0,256.0,956.0,750.0,,1200.0,240.0,2008.0,9.0,3.0,0.58984375,1,True,False,False,False,False,False,True,False,False
2007-10-01,90.0,41.0,150.0,157.0,500.0,,,,2007.0,10.0,4.0,0.2733333333333333,1,True,False,False,False,False,False,True,False,False
2020-09-01,8.0,350.0,628.0,28300.0,1395.0,35580.0,35580.0,556.0,2020.0,9.0,3.0,0.5573248407643312,1,False,False,True,False,False,True,False,False,False
2014-03-26,28.0,275.0,438.0,6200.0,930.0,,5238.0,2619.0,2014.0,3.0,1.0,0.6278538812785388,1,False,False,False,False,False,False,True,False,False
2005-06-22,110.0,86.0,333.0,302.0,430.0,,,,2005.0,6.0,2.0,0.25825825825825827,1,False,False,True,False,False,False,True,False,False
2011-07-25,40.0,225.0,529.0,3100.0,574.0,,1028.0,513.9,2011.0,7.0,3.0,0.42533081285444235,1,False,False,True,False,False,False,True,False,False
2011-07-25,40.0,225.0,520.0,3000.0,651.0,,1332.0,666.1,2011.0,7.0,3.0,0.4326923076923077,1,False,False,True,False,False,False,True,False,False
2014-07-01,28.0,33.0,116.0,585.0,775.0,,297.6,24.8,2014.0,7.0,3.0,0.28448275862068967,1,False,False,True,False,False,False,True,False,False
2005-03-01,110.0,,156.0,120.0,350.0,,,,2005.0,3.0,1.0,,1,True,False,False,False,False,False,True,False,False
2008-12-23,55.0,204.0,470.0,1400.0,648.0,,708.5,88.56,2008.0,12.0,4.0,0.4340425531914894,1,False,False,True,False,False,False,True,False,False
2013-11-24,28.0,75.0,348.0,,800.0,1843.0,1843.0,,2013.0,11.0,4.0,0.21551724137931033,1,False,False,False,False,False,False,True,False,False
2003-04-01,150.0,28.0,120.0,60.0,250.0,,,,2003.0,4.0,2.0,0.23333333333333334,1,True,False,False,False,False,False,True,False,False
2007-02-28,80.0,,73.0,120.0,400.0,,,,2007.0,2.0,1.0,,1,True,False,False,False,False,False,False,False,True
2010-01-07,40.0,38.0,144.0,727.0,550.0,,275.7,,2010.0,1.0,1.0,0.2638888888888889,1,False,False,True,False,False,False,True,False,False
2017-07-10,14.0,230.0,495.0,12500.0,1200.0,24580.0,12290.0,768.0,2017.0,7.0,3.0,0.46464646464646464,1,False,False,False,False,False,False,False,False,False
2011-01-05,40.0,12.0,79.0,292.0,740.0,,142.1,11.84,2011.0,1.0,1.0,0.1518987341772152,1,False,False,True,False,False,False,True,False,False
2015-05-05,28.0,65.0,77.0,950.0,1000.0,,806.4,50.4,2015.0,5.0,2.0,0.8441558441558441,1,False,False,False,False,False,False,True,False,False
2005-02-01,130.0,,133.0,82.0,450.0,,,,2005.0,2.0,1.0,,1,False,False,True,False,False,False,True,False,False
2011-12-25,40.0,20.0,104.0,716.0,725.0,,696.0,,2011.0,12.0,4.0,0.19230769230769232,1,False,False,False,False,False,False,True,False,False
2004-03-01,150.0,,98.0,36.0,240.0,,,,2004.0,3.0,1.0,,1,True,False,False,False,False,False,False,True,False
2006-06-01,90.0,13.0,,,667.0,,,,2006.0,6.0,2.0,,1,False,True,False,False,True,False,False,False,False
2021-01-01,8.0,,,,1222.0,7603.0,7603.0,118.8,2021.0,1.0,1.0,,1,False,False,True,False,False,True,False,False,False
2008-01-08,65.0,78.0,324.0,754.0,500.0,,280.0,,2008.0,1.0,1.0,0.24074074074074073,1,False,False,True,False,False,False,True,False,False
2012-06-05,28.0,65.0,118.0,1270.0,902.0,,692.7,28.86,2012.0,6.0,2.0,0.5508474576271186,1,False,False,True,False,False,False,True,False,False
2003-12-14,150.0,,65.0,29.0,230.0,,,,2003.0,12.0,4.0,,1,False,False,True,False,False,False,True,False,False
2008-11-27,55.0,171.0,470.0,1400.0,576.0,,536.5,67.07,2008.0,11.0,4.0,0.3638297872340426,1,False,False,True,False,False,False,True,False,False
,40.0,302.0,334.0,2154.0,725.0,,2088.0,,,,,0.9041916167664671,1,True,False,False,False,False,False,True,False,False
2010-05-05,55.0,15.0,73.0,242.0,550.0,,88.0,,2010.0,5.0,2.0,0.2054794520547945,1,True,False,False,False,False,False,True,False,False
2001-01-01,150.0,,174.0,80.0,200.0,,,,2001.0,1.0,1.0,,1,False,False,False,True,False,False,False,True,False
2004-05-25,150.0,13.0,124.0,45.0,275.0,,,,2004.0,5.0,2.0,0.10483870967741936,1,False,False,True,False,False,False,True,False,False
2009-06-08,55.0,110.0,256.0,956.0,750.0,,960.0,192.0,2009.0,6.0,2.0,0.4296875,1,True,False,False,False,False,False,True,False,False
2014-04-28,28.0,,77.0,950.0,825.0,,691.2,43.2,2014.0,4.0,2.0,,1,False,False,False,False,False,False,True,False,False
2010-01-07,40.0,35.0,100.0,486.0,550.0,,116.2,,2010.0,1.0,1.0,0.35,1,False,False,True,False,False,False,True,False,False
2013-10-16,28.0,,123.0,1500.0,725.0,,992.0,62.0,2013.0,10.0,4.0,,1,False,False,False,False,False,False,True,False,False
2012-05-15,32.0,17.0,246.0,1303.0,327.0,,217.1,,2012.0,5.0,2.0,0.06910569105691057,1,False,False,False,False,False,False,True,False,False
2009-02-25,55.0,25.0,67.0,181.0,594.0,,47.52,,2009.0,2.0,1.0,0.373134328358209,1,True,False,False,False,False,False,True,False,False
2018-02-12,16.0,250.0,471.0,11800.0,1582.0,168.3,10770.0,336.6,2018.0,2.0,1.0,0.5307855626326964,1,False,False,True,False,False,False,True,False,False
2011-01-04,40.0,35.0,104.0,716.0,600.0,,576.0,,2011.0,1.0,1.0,0.33653846153846156,1,False,False,False,False,False,False,True,False,False
2005-11-07,130.0,,225.0,222.0,425.0,,,,2005.0,11.0,4.0,,1,False,False,True,False,False,False,True,False,False
2003-03-31,150.0,,97.0,36.0,275.0,,,,2003.0,3.0,1.0,,1,True,False,False,False,False,False,True,False,False
2008-11-11,55.0,150.0,470.0,1400.0,602.0,,462.3,57.79,2008.0,11.0,4.0,0.3191489361702128,1,False,False,True,False,False,False,True,False,False
2015-08-30,28.0,100.0,398.0,5200.0,930.0,,3625.0,113.3,2015.0,8.0,3.0,0.25125628140703515,1,False,False,True,False,False,False,True,False,False
2008-07-25,55.0,12.0,67.0,181.0,450.0,,36.0,,2008.0,7.0,3.0,0.1791044776119403,1,True,False,False,False,False,False,True,False,False
2013-07-23,28.0,30.0,87.0,1020.0,980.0,,376.3,15.68,2013.0,7.0,3.0,0.3448275862068966,1,False,False,True,False,False,False,True,False,False
2018-04-24,14.0,65.0,208.0,5000.0,931.0,2588.0,2588.0,161.8,2018.0,4.0,2.0,0.3125,1,False,False,False,False,False,False,False,False,False
2019-03-18,14.0,185.0,232.0,5700.0,1100.0,5530.0,5530.0,345.6,2019.0,3.0,1.0,0.7974137931034483,1,False,False,False,False,False,False,False,False,False
2000-03-04,250.0,79.0,279.0,54.0,147.0,,,,2000.0,3.0,1.0,0.2831541218637993,1,False,False,False,True,False,True,False,False,False
2006-09-01,90.0,,81.0,112.0,450.0,,,,2006.0,9.0,3.0,,1,False,False,True,False,False,False,True,False,False
2021-04-12,8.0,250.0,,,885.0,8678.0,8678.0,271.2,2021.0,4.0,2.0,,1,False,False,True,False,False,True,False,False,False
2015-02-05,28.0,,160.0,2080.0,900.0,,1792.0,112.0,2015.0,2.0,1.0,,1,False,False,False,False,False,False,True,False,False
2009-11-01,65.0,,85.0,180.0,380.0,,30.4,,2009.0,11.0,4.0,,1,True,False,False,False,False,False,False,False,True
2009-06-15,55.0,14.0,121.0,314.0,500.0,,80.0,,2009.0,6.0,2.0,0.11570247933884298,1,False,False,True,False,False,False,True,False,False
2009-03-03,40.0,,137.0,826.0,650.0,,832.0,166.4,2009.0,3.0,1.0,,1,True,False,False,False,False,False,True,False,False
2012-08-24,28.0,225.0,352.0,4313.0,900.0,,3226.0,806.4,2012.0,8.0,3.0,0.6392045454545454,1,False,False,False,False,False,False,True,False,False
2015-01-28,28.0,100.0,107.0,930.0,300.0,,76.8,4.8,2015.0,1.0,1.0,0.9345794392523364,1,False,False,False,False,False,False,False,False,False
2010-06-19,45.0,133.0,168.0,372.0,500.0,,240.0,,2010.0,6.0,2.0,0.7916666666666666,1,True,False,False,False,False,False,True,False,False
2013-11-01,28.0,15.0,110.0,1178.0,400.0,,102.4,6.4,2013.0,11.0,4.0,0.13636363636363635,1,False,False,False,False,False,False,True,False,False
2020-05-28,7.0,100.0,158.0,6400.0,1327.0,9265.0,4632.0,289.5,2020.0,5.0,2.0,0.6329113924050633,1,False,False,False,False,False,False,True,False,False
2011-02-07,40.0,18.0,67.0,370.0,625.0,,200.0,,2011.0,2.0,1.0,0.26865671641791045,1,False,False,False,False,False,False,True,False,False
2017-01-11,16.0,100.0,314.0,7200.0,1278.0,101.2,6480.0,202.5,2017.0,1.0,1.0,0.3184713375796178,1,False,False,True,False,False,False,True,False,False
2008-11-11,55.0,189.0,470.0,1400.0,610.0,,622.1,77.76,2008.0,11.0,4.0,0.4021276595744681,1,False,False,True,False,False,False,True,False,False
2012-03-28,40.0,20.0,104.0,716.0,485.0,,465.6,,2012.0,3.0,1.0,0.19230769230769232,1,False,False,False,False,False,False,True,False,False
2017-02-07,14.0,40.0,132.0,3300.0,1303.0,24.3,1555.0,48.61,2017.0,2.0,1.0,0.30303030303030304,1,False,False,True,False,False,True,False,False,False
2002-07-18,150.0,28.0,97.0,36.0,275.0,,,,2002.0,7.0,3.0,0.28865979381443296,1,True,False,False,False,False,False,True,False,False
2009-04-28,40.0,80.0,137.0,826.0,750.0,,960.0,192.0,2009.0,4.0,2.0,0.583941605839416,1,True,False,False,False,False,False,True,False,False
2007-10-04,90.0,,81.0,112.0,600.0,,,,2007.0,10.0,4.0,,1,False,False,True,False,False,False,False,False,True
2011-03-12,40.0,,57.0,260.0,589.0,,44.86,,2011.0,3.0,1.0,,1,False,False,True,False,False,False,True,False,False
2015-11-26,28.0,,398.0,5200.0,924.0,,2365.0,73.92,2015.0,11.0,4.0,,1,False,False,True,False,False,False,True,False,False
2000-08-14,150.0,,88.0,25.0,250.0,,,,2000.0,8.0,3.0,,1,False,False,True,False,False,False,True,False,False
2012-03-26,40.0,35.0,238.0,1170.0,675.0,,388.8,32.4,2012.0,3.0,1.0,0.14705882352941177,1,False,False,True,False,False,False,True,False,False
2011-01-25,40.0,170.0,332.0,1950.0,823.0,,1263.0,105.3,2011.0,1.0,1.0,0.5120481927710844,1,False,False,True,False,False,False,True,False,False
2009-11-26,40.0,31.0,57.0,260.0,589.0,,44.86,,2009.0,11.0,4.0,0.543859649122807,1,False,False,True,False,False,False,True,False,False
2019-01-29,12.0,115.0,445.0,10800.0,1215.0,13270.0,6636.0,207.4,2019.0,1.0,1.0,0.25842696629213485,1,False,False,True,False,False,False,True,False,False
2000-11-11,180.0,2.0,64.0,20.0,143.0,,,,2000.0,11.0,4.0,0.03125,1,False,False,True,False,False,False,True,False,False
2006-03-01,90.0,,288.0,321.0,550.0,,,,2006.0,3.0,1.0,,1,True,False,False,False,False,False,True,False,False
2013-09-10,28.0,250.0,561.0,7080.0,863.0,,4156.0,173.2,2013.0,9.0,3.0,0.44563279857397503,1,False,False,True,False,False,False,True,False,False
2010-05-05,55.0,10.0,146.0,514.0,450.0,,288.0,,2010.0,5.0,2.0,0.0684931506849315,1,True,False,False,False,False,False,True,False,False
2020-08-25,12.0,31.0,200.0,4700.0,1395.0,5645.0,2822.0,88.2,2020.0,8.0,3.0,0.155,1,False,False,True,False,False,False,True,False,False
2015-05-05,28.0,,123.0,1500.0,1000.0,,1299.0,81.2,2015.0,5.0,2.0,,1,False,False,False,False,False,False,True,False,False
2007-01-01,65.0,20.0,85.0,180.0,525.0,,42.0,,2007.0,1.0,1.0,0.23529411764705882,1,True,False,False,False,False,False,True,False,False
2012-08-07,28.0,100.0,294.0,3540.0,601.0,,1615.0,67.31,2012.0,8.0,3.0,0.3401360544217687,1,False,False,True,False,False,False,True,False,False
2014-03-04,28.0,200.0,352.0,4313.0,827.0,,3344.0,836.0,2014.0,3.0,1.0,0.5681818181818182,1,False,False,False,False,False,False,True,False,False
2014-01-11,28.0,65.0,245.0,2410.0,720.0,,737.3,46.08,2014.0,1.0,1.0,0.2653061224489796,1,False,False,False,False,False,False,False,False,False
2013-04-01,28.0,,77.0,950.0,775.0,,633.6,39.6,2013.0,4.0,2.0,,1,False,False,False,False,False,False,True,False,False
2016-11-10,16.0,150.0,322.0,5700.0,911.0,8396.0,4198.0,,2016.0,11.0,4.0,0.4658385093167702,1,False,False,False,False,False,False,True,False,False
2016-05-15,28.0,,123.0,1500.0,900.0,,947.2,59.2,2016.0,5.0,2.0,,1,False,False,False,False,False,False,True,False,False
2006-09-10,130.0,,297.0,160.0,520.0,,,,2006.0,9.0,3.0,,1,True,False,False,False,False,False,True,False,False
2005-01-01,110.0,,73.0,,300.0,,,,2005.0,1.0,1.0,,1,True,False,False,False,False,False,False,False,True
2008-02-21,65.0,45.0,153.0,390.0,700.0,,168.0,,2008.0,2.0,1.0,0.29411764705882354,1,True,False,False,False,False,False,True,False,False
2008-06-16,55.0,150.0,256.0,956.0,625.0,,1000.0,200.0,2008.0,6.0,2.0,0.5859375,1,False,False,False,False,False,False,True,False,False
2010-01-07,40.0,30.0,166.0,1040.0,628.0,,1005.0,,2010.0,1.0,1.0,0.18072289156626506,1,True,False,False,False,False,False,True,False,False
2003-05-12,130.0,,207.0,135.0,400.0,,,,2003.0,5.0,2.0,,1,False,False,True,False,False,False,True,False,False
2010-07-27,40.0,100.0,529.0,3100.0,405.0,,518.4,,2010.0,7.0,3.0,0.1890359168241966,1,False,False,True,False,False,False,True,False,False
2014-08-25,28.0,,160.0,2080.0,1075.0,,1651.0,103.2,2014.0,8.0,3.0,,1,False,False,False,False,False,False,True,False,False
2004-10-11,90.0,,,,425.0,,,,2004.0,10.0,4.0,,1,False,False,True,False,False,False,False,False,True
2011-01-04,40.0,50.0,166.0,1040.0,675.0,,1080.0,,2011.0,1.0,1.0,0.30120481927710846,1,False,False,False,False,False,False,True,False,False
2005-11-01,130.0,40.0,297.0,160.0,475.0,,,,2005.0,11.0,4.0,0.13468013468013468,1,True,False,False,False,False,False,True,False,False
2006-02-02,110.0,75.0,333.0,302.0,375.0,,,,2006.0,2.0,1.0,0.22522522522522523,1,False,False,True,False,False,False,True,False,False
2011-06-15,40.0,35.0,116.0,585.0,753.0,,289.2,24.1,2011.0,6.0,2.0,0.3017241379310345,1,False,False,True,False,False,False,True,False,False
2012-04-24,40.0,102.0,332.0,1950.0,776.0,,894.0,74.5,2012.0,4.0,2.0,0.3072289156626506,1,False,False,True,False,False,False,True,False,False
2010-01-07,40.0,11.0,57.0,260.0,535.0,,39.36,,2010.0,1.0,1.0,0.19298245614035087,1,False,False,True,False,False,False,True,False,False
2014-10-12,28.0,,125.0,1550.0,925.0,721.9,721.9,45.12,2014.0,10.0,4.0,,1,False,False,False,False,False,False,True,False,False
2010-11-26,40.0,26.0,334.0,2154.0,600.0,,480.0,,2010.0,11.0,4.0,0.07784431137724551,1,False,False,False,False,False,False,True,False,False
2011-04-13,40.0,29.0,79.0,292.0,810.0,,155.5,12.96,2011.0,4.0,2.0,0.3670886075949367,1,False,False,True,False,False,False,True,False,False
2004-05-25,150.0,13.0,91.0,45.0,275.0,,,,2004.0,5.0,2.0,0.14285714285714285,1,False,False,True,False,False,False,True,False,False
2014-07-02,28.0,225.0,294.0,3540.0,745.0,,2289.0,95.36,2014.0,7.0,3.0,0.7653061224489796,1,False,False,True,False,False,False,True,False,False
2020-05-14,7.0,400.0,826.0,54200.0,1095.0,77970.0,19490.0,9746.0,2020.0,5.0,2.0,0.48426150121065376,1,False,False,True,False,False,False,True,False,False
2015-08-18,28.0,30.0,148.0,1870.0,837.0,,672.8,21.02,2015.0,8.0,3.0,0.20270270270270271,1,False,False,True,False,False,False,True,False,False
2015-12-12,28.0,,56.0,690.0,955.0,,791.0,49.44,2015.0,12.0,4.0,,1,False,False,False,False,False,False,True,False,False
2019-11-20,14.0,15.0,210.0,4940.0,300.0,844.8,422.4,26.4,2019.0,11.0,4.0,0.07142857142857142,1,False,False,False,False,False,False,False,False,False
2011-07-02,40.0,19.0,59.0,292.0,650.0,,104.0,,2011.0,7.0,3.0,0.3220338983050847,1,False,False,False,False,False,False,True,False,False
2020-04-02,12.0,80.0,545.0,13600.0,735.0,11980.0,5990.0,187.2,2020.0,4.0,2.0,0.14678899082568808,1,False,False,True,False,False,False,True,False,False
2018-10-15,14.0,185.0,232.0,5700.0,1257.0,6129.0,6129.0,383.0,2018.0,10.0,4.0,0.7974137931034483,1,False,False,False,False,False,False,False,False,False
2008-11-13,55.0,160.0,256.0,956.0,750.0,,1200.0,240.0,2008.0,11.0,4.0,0.625,1,False,False,False,False,False,False,True,False,False
2016-11-06,28.0,170.0,294.0,3540.0,993.0,,2812.0,117.2,2016.0,11.0,4.0,0.5782312925170068,1,False,False,True,False,False,False,True,False,False
2011-06-14,32.0,35.0,227.0,1178.0,400.0,,128.0,,2011.0,6.0,2.0,0.15418502202643172,1,False,False,False,False,False,False,True,False,False
,28.0,,596.0,8900.0,1050.0,,8602.0,,,,,,1,False,False,False,False,False,False,True,False,False
2004-09-01,130.0,,281.0,160.0,425.0,,,,2004.0,9.0,3.0,,1,True,False,False,False,False,False,True,False,False
2001-03-03,180.0,,64.0,20.0,175.0,,,,2001.0,3.0,1.0,,1,False,False,True,False,False,False,True,False,False
2004-09-01,130.0,36.0,92.0,75.0,400.0,,,,2004.0,9.0,3.0,0.391304347826087,1,True,False,False,False,False,False,True,False,False
2008-06-03,80.0,12.0,127.0,210.0,400.0,,25.6,,2008.0,6.0,2.0,0.09448818897637795,1,False,False,False,False,False,False,False,False,True
2006-05-15,90.0,24.0,125.0,177.0,350.0,,,,2006.0,5.0,2.0,0.192,1,False,False,True,False,False,False,True,False,False
2003-05-21,150.0,,124.0,45.0,270.0,,,,2003.0,5.0,2.0,,1,False,False,True,False,False,False,True,False,False
2011-03-08,40.0,170.0,332.0,1950.0,823.0,,1263.0,105.3,2011.0,3.0,1.0,0.5120481927710844,1,False,False,True,False,False,False,True,False,False
2001-11-14,150.0,,120.0,60.0,275.0,,,,2001.0,11.0,4.0,,1,True,False,False,False,False,False,True,False,False
2011-04-28,40.0,33.0,144.0,727.0,506.0,,97.15,,2011.0,4.0,2.0,0.22916666666666666,1,False,False,True,False,False,False,True,False,False
2014-09-05,14.0,15.0,,,300.0,,614.4,153.6,2014.0,9.0,3.0,,1,False,True,False,False,True,False,False,False,False
2002-05-01,180.0,,73.0,30.0,183.0,,,,2002.0,5.0,2.0,,1,True,False,False,False,False,False,False,False,True
2020-05-14,7.0,400.0,826.0,54200.0,900.0,55570.0,13890.0,6947.0,2020.0,5.0,2.0,0.48426150121065376,1,False,False,True,False,False,False,True,False,False
2007-11-08,130.0,40.0,281.0,160.0,473.0,,,,2007.0,11.0,4.0,0.1423487544483986,1,True,False,False,False,False,False,True,False,False
2011-04-18,40.0,35.0,104.0,716.0,598.0,,574.1,,2011.0,4.0,2.0,0.33653846153846156,1,False,False,False,False,False,False,True,False,False
2004-02-17,130.0,57.0,207.0,135.0,475.0,,,,2004.0,2.0,1.0,0.2753623188405797,1,False,False,True,False,False,False,True,False,False
2013-07-23,40.0,60.0,118.0,716.0,650.0,,624.0,,2013.0,7.0,3.0,0.5084745762711864,1,False,False,False,False,False,False,True,False,False
2018-03-27,12.0,250.0,815.0,21100.0,1230.0,28260.0,14130.0,7066.0,2018.0,3.0,1.0,0.3067484662576687,1,False,False,True,False,False,False,True,False,False
2012-03-22,28.0,50.0,118.0,1270.0,835.0,,729.6,30.4,2012.0,3.0,1.0,0.423728813559322,1,False,False,True,False,False,False,True,False,False
2013-05-23,28.0,250.0,561.0,7080.0,863.0,,4156.0,173.2,2013.0,5.0,2.0,0.44563279857397503,1,False,False,True,False,False,False,True,False,False
2000-06-01,,,156.0,,120.0,,,,2000.0,6.0,2.0,,1,True,False,False,False,False,True,False,False,False
2015-05-05,28.0,110.0,212.0,2800.0,925.0,,2496.0,156.0,2015.0,5.0,2.0,0.5188679245283019,1,False,False,False,False,False,False,True,False,False
2013-05-30,28.0,75.0,221.0,2540.0,797.0,,1326.0,55.23,2013.0,5.0,2.0,0.3393665158371041,1,False,False,True,False,False,False,True,False,False
2005-10-05,90.0,,100.0,107.0,450.0,,,,2005.0,10.0,4.0,,1,True,False,False,False,False,False,True,False,False
2004-09-21,130.0,,281.0,160.0,500.0,,,,2004.0,9.0,3.0,,1,True,False,False,False,False,False,True,False,False
2013-04-24,40.0,39.0,104.0,627.0,650.0,,520.0,,2013.0,4.0,2.0,0.375,1,False,False,False,False,False,False,True,False,False
2007-10-05,80.0,20.0,169.0,289.0,470.0,,60.16,,2007.0,10.0,4.0,0.11834319526627218,1,False,False,True,False,False,False,True,False,False
2005-10-05,90.0,,100.0,107.0,450.0,,,,2005.0,10.0,4.0,,1,True,False,False,False,False,False,True,False,False
2011-04-19,40.0,45.0,118.0,716.0,600.0,,576.0,,2011.0,4.0,2.0,0.3813559322033898,1,False,False,False,False,False,False,True,False,False
2016-01-01,28.0,23.0,,,954.0,,762.6,23.83,2016.0,1.0,1.0,,1,False,False,True,False,False,False,True,False,False
2006-03-22,90.0,,125.0,177.0,450.0,,,,2006.0,3.0,1.0,,1,False,False,True,False,False,False,True,False,False
2007-05-09,45.0,13.0,66.0,123.0,400.0,,12.8,,2007.0,5.0,2.0,0.19696969696969696,1,False,True,False,False,True,False,False,False,False
2005-10-01,90.0,,288.0,321.0,600.0,,,,2005.0,10.0,4.0,,1,True,False,False,False,False,False,True,False,False
2013-04-22,28.0,65.0,221.0,2540.0,824.0,,949.2,39.55,2013.0,4.0,2.0,0.29411764705882354,1,False,False,True,False,False,False,True,False,False
2021-01-01,7.0,180.0,335.0,17200.0,1489.0,20740.0,10370.0,648.0,2021.0,1.0,1.0,0.5373134328358209,1,False,False,False,False,False,False,True,False,False
2006-03-09,90.0,84.0,196.0,278.0,650.0,,,,2006.0,3.0,1.0,0.42857142857142855,1,False,False,True,False,False,False,True,False,False
2012-09-06,28.0,140.0,221.0,2540.0,980.0,,1981.0,82.56,2012.0,9.0,3.0,0.6334841628959276,1,False,False,True,False,False,False,True,False,False
2019-05-27,12.0,60.0,200.0,4700.0,1575.0,7311.0,3656.0,114.2,2019.0,5.0,2.0,0.3,1,False,False,True,False,False,False,True,False,False
2006-09-28,90.0,75.0,196.0,278.0,425.0,,,,2006.0,9.0,3.0,0.3826530612244898,1,False,False,True,False,False,False,True,False,False
2005-02-28,130.0,69.0,297.0,160.0,520.0,,,,2005.0,2.0,1.0,0.23232323232323232,1,True,False,False,False,False,False,True,False,False
2013-09-02,22.0,4.0,,,311.0,,41.34,10.34,2013.0,9.0,3.0,,1,False,True,False,False,True,False,False,False,False
2018-04-11,14.0,150.0,232.0,5700.0,1168.0,5095.0,5095.0,318.5,2018.0,4.0,2.0,0.646551724137931,1,False,False,False,False,False,False,False,False,False
2004-04-14,110.0,,287.0,222.0,350.0,,,,2004.0,4.0,2.0,,1,False,False,True,False,False,False,True,False,False
2010-09-03,40.0,23.0,116.0,585.0,560.0,,215.0,17.92,2010.0,9.0,3.0,0.19827586206896552,1,False,False,True,False,False,False,True,False,False
2011-12-11,32.0,4.0,6.0,,200.0,,,,2011.0,12.0,4.0,0.6666666666666666,1,False,False,False,True,False,True,False,False,False
2016-05-15,28.0,,56.0,690.0,825.0,,737.3,46.08,2016.0,5.0,2.0,,1,False,False,False,False,False,False,True,False,False
2000-06-01,180.0,23.0,111.0,30.0,143.0,,,,2000.0,6.0,2.0,0.2072072072072072,1,True,False,False,False,False,False,True,False,False
2002-09-01,150.0,,81.0,36.0,240.0,,,,2002.0,9.0,3.0,,1,True,False,False,False,False,False,False,True,False
2010-03-26,40.0,250.0,529.0,3100.0,701.0,,1345.0,168.1,2010.0,3.0,1.0,0.4725897920604915,1,False,False,True,False,False,False,True,False,False
2012-01-05,40.0,18.0,67.0,370.0,625.0,,200.0,,2012.0,1.0,1.0,0.26865671641791045,1,False,False,False,False,False,False,True,False,False
2008-10-01,65.0,13.0,,,640.0,,40.96,,2008.0,10.0,4.0,,1,False,True,False,False,True,False,False,False,False
2004-06-01,130.0,,92.0,75.0,400.0,,,,2004.0,6.0,2.0,,1,True,False,False,False,False,False,True,False,False
2002-09-01,150.0,,81.0,36.0,240.0,,,,2002.0,9.0,3.0,,1,True,False,False,False,False,False,False,True,False
2012-06-01,28.0,55.0,118.0,1270.0,745.0,,572.2,23.84,2012.0,6.0,2.0,0.4661016949152542,1,False,False,True,False,False,False,True,False,False
2016-12-12,14.0,150.0,232.0,5700.0,1120.0,5682.0,5682.0,355.1,2016.0,12.0,4.0,0.646551724137931,1,False,False,False,False,False,False,False,False,False
,32.0,20.0,246.0,1303.0,424.0,,141.8,,,,,0.08130081300813008,1,False,False,False,False,False,False,True,False,False
2014-09-05,14.0,15.0,,,300.0,,844.8,211.2,2014.0,9.0,3.0,,1,False,True,False,False,True,False,False,False,False
2015-05-05,28.0,,125.0,1550.0,970.0,745.0,745.0,46.56,2015.0,5.0,2.0,,1,False,False,False,False,False,False,True,False,False
2008-01-01,130.0,20.0,92.0,75.0,500.0,,,,2008.0,1.0,1.0,0.21739130434782608,1,True,False,False,False,False,False,True,False,False
2010-10-11,40.0,65.0,238.0,1170.0,810.0,,466.6,38.88,2010.0,10.0,4.0,0.27310924369747897,1,False,False,True,False,False,False,True,False,False
2006-06-01,90.0,13.0,,,400.0,,,,2006.0,6.0,2.0,,1,False,True,False,False,True,False,False,False,False
2004-06-01,130.0,,92.0,75.0,400.0,,,,2004.0,6.0,2.0,,1,True,False,False,False,False,False,True,False,False
2018-03-27,12.0,250.0,815.0,21100.0,1327.0,31330.0,15670.0,7834.0,2018.0,3.0,1.0,0.3067484662576687,1,False,False,True,False,False,False,True,False,False
2012-05-15,32.0,35.0,246.0,1303.0,496.0,,335.4,,2012.0,5.0,2.0,0.14227642276422764,1,False,False,False,False,False,False,True,False,False
2008-01-23,55.0,25.0,67.0,181.0,600.0,,48.0,,2008.0,1.0,1.0,0.373134328358209,1,True,False,False,False,False,False,True,False,False
2012-11-12,28.0,235.0,561.0,7080.0,732.0,,3935.0,1312.0,2012.0,11.0,4.0,0.41889483065953653,1,False,False,True,False,False,False,True,False,False
2017-02-07,14.0,40.0,132.0,3300.0,1329.0,18.68,1196.0,37.37,2017.0,2.0,1.0,0.30303030303030304,1,False,False,True,False,False,True,False,False,False
2015-03-13,28.0,33.0,87.0,1020.0,641.0,,492.3,20.51,2015.0,3.0,1.0,0.3793103448275862,1,False,False,True,False,False,False,True,False,False
2015-05-05,28.0,18.0,56.0,690.0,955.0,,659.2,41.2,2015.0,5.0,2.0,0.32142857142857145,1,False,False,False,False,False,False,True,False,False
2015-03-21,28.0,45.0,118.0,1270.0,810.0,,622.1,25.92,2015.0,3.0,1.0,0.3813559322033898,1,False,False,True,False,False,False,True,False,False
2010-12-13,40.0,40.0,116.0,585.0,640.0,,245.8,20.48,2010.0,12.0,4.0,0.3448275862068966,1,False,False,True,False,False,False,True,False,False
2020-11-10,7.0,200.0,360.0,15300.0,1825.0,24290.0,12150.0,759.2,2020.0,11.0,4.0,0.5555555555555556,1,False,False,False,False,False,False,True,False,False
2018-04-03,14.0,15.0,,,300.0,345.6,172.8,43.2,2018.0,4.0,2.0,,1,False,True,False,False,True,False,False,False,False
2010-01-07,40.0,24.0,166.0,1040.0,500.0,,800.0,,2010.0,1.0,1.0,0.14457831325301204,1,True,False,False,False,False,False,True,False,False
2006-03-01,90.0,,288.0,321.0,450.0,,,,2006.0,3.0,1.0,,1,True,False,False,False,False,False,True,False,False
2006-01-18,90.0,23.0,81.0,112.0,450.0,,,,2006.0,1.0,1.0,0.2839506172839506,1,False,False,True,False,False,False,True,False,False
2008-10-21,55.0,95.0,256.0,956.0,575.0,,736.0,147.2,2008.0,10.0,4.0,0.37109375,1,True,False,False,False,False,False,True,False,False
2018-09-20,12.0,250.0,754.0,18600.0,1350.0,26900.0,13450.0,420.2,2018.0,9.0,3.0,0.33156498673740054,1,False,False,True,False,False,False,True,False,False
2012-08-21,40.0,151.0,334.0,2154.0,725.0,,2088.0,417.6,2012.0,8.0,3.0,0.45209580838323354,1,False,False,False,False,False,False,True,False,False
2009-09-24,65.0,35.0,153.0,390.0,594.0,,142.6,,2009.0,9.0,3.0,0.22875816993464052,1,True,False,False,False,False,False,True,False,False
2011-06-20,32.0,65.0,227.0,1178.0,444.0,,284.2,,2011.0,6.0,2.0,0.28634361233480177,1,False,False,False,False,False,False,True,False,False
2006-02-01,90.0,,81.0,112.0,425.0,,,,2006.0,2.0,1.0,,1,False,False,True,False,False,False,False,False,True
2004-09-01,130.0,,133.0,82.0,425.0,,,,2004.0,9.0,3.0,,1,False,False,True,False,False,False,True,False,False
2007-01-01,90.0,27.0,100.0,107.0,600.0,,,,2007.0,1.0,1.0,0.27,1,True,False,False,False,False,False,True,False,False
2010-10-19,40.0,20.0,67.0,370.0,750.0,,240.0,,2010.0,10.0,4.0,0.29850746268656714,1,False,False,False,False,False,False,True,False,False
2013-03-12,32.0,100.0,246.0,1303.0,844.0,,648.2,,2013.0,3.0,1.0,0.4065040650406504,1,False,False,False,False,False,False,True,False,False
2010-09-13,40.0,106.0,238.0,1170.0,783.0,,601.3,50.11,2010.0,9.0,3.0,0.44537815126050423,1,False,False,True,False,False,False,True,False,False
2005-12-01,90.0,,100.0,107.0,450.0,,,,2005.0,12.0,4.0,,1,True,False,False,False,False,False,True,False,False
2014-03-12,28.0,100.0,294.0,3540.0,941.0,,2599.0,108.3,2014.0,3.0,1.0,0.3401360544217687,1,False,False,True,False,False,False,True,False,False
2015-03-13,28.0,75.0,148.0,1870.0,1029.0,,1389.0,43.4,2015.0,3.0,1.0,0.5067567567567568,1,False,False,True,False,False,False,True,False,False
2019-06-10,16.0,75.0,200.0,4400.0,1000.0,59.72,3822.0,119.4,2019.0,6.0,2.0,0.375,1,False,False,True,False,False,False,True,False,False
2007-04-17,80.0,30.0,127.0,210.0,459.0,,29.38,,2007.0,4.0,2.0,0.23622047244094488,1,False,False,True,False,False,False,True,False,False
2012-06-04,28.0,100.0,294.0,3540.0,719.0,,2038.0,84.9,2012.0,6.0,2.0,0.3401360544217687,1,False,False,True,False,False,False,True,False,False
2014-09-19,28.0,148.0,398.0,5200.0,1050.0,,3920.0,122.5,2014.0,9.0,3.0,0.37185929648241206,1,False,False,True,False,False,False,True,False,False
2020-01-21,7.0,150.0,251.0,10300.0,1130.0,14380.0,7188.0,449.3,2020.0,1.0,1.0,0.5976095617529881,1,False,False,False,False,False,False,True,False,False
2007-03-01,90.0,45.0,196.0,278.0,575.0,,,,2007.0,3.0,1.0,0.22959183673469388,1,False,False,True,False,False,False,True,False,False
2007-06-28,65.0,20.0,85.0,180.0,525.0,,42.0,,2007.0,6.0,2.0,0.23529411764705882,1,True,False,False,False,False,False,True,False,False
2011-05-30,40.0,20.0,79.0,292.0,900.0,,172.8,14.4,2011.0,5.0,2.0,0.25316455696202533,1,False,False,True,False,False,False,True,False,False
2001-08-30,150.0,,120.0,60.0,230.0,,,,2001.0,8.0,3.0,,1,True,False,False,False,False,False,True,False,False
2010-07-04,40.0,108.0,166.0,1040.0,850.0,,1360.0,,2010.0,7.0,3.0,0.6506024096385542,1,True,False,False,False,False,False,True,False,False
2019-03-19,14.0,,495.0,12500.0,1200.0,14750.0,7373.0,460.8,2019.0,3.0,1.0,,1,False,False,False,False,False,False,False,False,False
2012-05-15,32.0,35.0,246.0,1303.0,496.0,,389.1,,2012.0,5.0,2.0,0.14227642276422764,1,False,False,False,False,False,False,True,False,False
2015-01-01,28.0,,56.0,690.0,750.0,,528.0,,2015.0,1.0,1.0,,1,False,False,False,False,False,False,True,False,False
2006-08-06,90.0,65.0,196.0,278.0,550.0,,,,2006.0,8.0,3.0,0.33163265306122447,1,False,False,True,False,False,False,True,False,False
2014-10-07,28.0,,398.0,5200.0,1038.0,,3462.0,108.2,2014.0,10.0,4.0,,1,False,False,True,False,False,False,True,False,False
2008-08-15,65.0,,85.0,180.0,350.0,,28.0,,2008.0,8.0,3.0,,1,True,False,False,False,False,False,False,False,True
2008-08-12,55.0,286.0,256.0,956.0,750.0,,1200.0,240.0,2008.0,8.0,3.0,1.1171875,1,True,False,False,False,False,False,True,False,False
2016-10-02,28.0,75.0,398.0,5200.0,823.0,,1892.0,59.14,2016.0,10.0,4.0,0.1884422110552764,1,False,False,True,False,False,False,True,False,False
2016-08-05,14.0,15.0,,,350.0,844.8,422.4,105.6,2016.0,8.0,3.0,,1,False,True,False,False,True,False,False,False,False
2017-06-21,12.0,250.0,815.0,21100.0,1312.0,31330.0,15670.0,7834.0,2017.0,6.0,2.0,0.3067484662576687,1,False,False,True,False,False,False,True,False,False
2014-06-11,28.0,,125.0,1550.0,900.0,752.6,752.6,47.04,2014.0,6.0,2.0,,1,False,False,False,False,False,False,True,False,False
2010-12-07,40.0,219.0,520.0,3000.0,732.0,,1405.0,175.7,2010.0,12.0,4.0,0.42115384615384616,1,False,False,True,False,False,False,True,False,False
2017-04-18,28.0,50.0,56.0,690.0,1030.0,,659.2,41.2,2017.0,4.0,2.0,0.8928571428571429,1,False,False,False,False,False,False,True,False,False
2013-11-08,28.0,122.0,294.0,3540.0,771.0,,2448.0,102.0,2013.0,11.0,4.0,0.41496598639455784,1,False,False,True,False,False,False,True,False,False
2016-06-30,28.0,50.0,77.0,950.0,920.0,,588.8,36.8,2016.0,6.0,2.0,0.6493506493506493,1,False,False,False,False,False,False,True,False,False
2006-05-24,90.0,16.0,125.0,177.0,500.0,,,,2006.0,5.0,2.0,0.128,1,False,False,True,False,False,False,True,False,False
2020-06-08,12.0,50.0,200.0,4700.0,1395.0,5914.0,2957.0,92.4,2020.0,6.0,2.0,0.25,1,False,False,True,False,False,False,True,False,False
2016-10-01,16.0,250.0,471.0,11800.0,1506.0,197.4,12630.0,394.8,2016.0,10.0,4.0,0.5307855626326964,1,False,False,True,False,False,False,True,False,False
2014-01-28,28.0,,123.0,1500.0,900.0,,1184.0,74.0,2014.0,1.0,1.0,,1,False,False,False,False,False,False,True,False,False
2010-01-10,40.0,23.0,100.0,486.0,575.0,,121.4,,2010.0,1.0,1.0,0.23,1,False,False,True,False,False,False,True,False,False
2002-07-01,150.0,28.0,97.0,36.0,250.0,,,,2002.0,7.0,3.0,0.28865979381443296,1,True,False,False,False,False,False,True,False,False
2014-01-07,28.0,,56.0,690.0,780.0,,547.2,34.2,2014.0,1.0,1.0,,1,False,False,False,False,False,False,True,False,False
2020-05-14,12.0,15.0,350.0,9000.0,854.0,2115.0,1058.0,528.8,2020.0,5.0,2.0,0.04285714285714286,1,False,False,True,False,False,False,True,False,False
2011-01-08,40.0,18.0,57.0,260.0,520.0,,39.36,,2011.0,1.0,1.0,0.3157894736842105,1,False,False,True,False,False,False,True,False,False
2003-03-01,150.0,28.0,98.0,36.0,200.0,,,,2003.0,3.0,1.0,0.2857142857142857,1,True,False,False,False,False,False,False,True,False
2003-12-22,150.0,11.0,65.0,29.0,250.0,,,,2003.0,12.0,4.0,0.16923076923076924,1,False,False,True,False,False,False,True,False,False
2008-01-23,55.0,25.0,67.0,181.0,600.0,,48.0,,2008.0,1.0,1.0,0.373134328358209,1,True,False,False,False,False,False,True,False,False
2010-05-05,55.0,20.0,146.0,514.0,675.0,,432.0,,2010.0,5.0,2.0,0.136986301369863,1,True,False,False,False,False,False,True,False,False
2013-10-08,28.0,30.0,77.0,950.0,650.0,,448.0,28.0,2013.0,10.0,4.0,0.38961038961038963,1,False,False,False,False,False,False,True,False,False
,180.0,15.0,112.0,14.0,143.0,,,,,,,0.13392857142857142,1,False,False,False,True,False,False,True,False,False
2017-01-11,16.0,100.0,314.0,7200.0,1114.0,68.77,4401.0,137.5,2017.0,1.0,1.0,0.3184713375796178,1,False,False,True,False,False,False,True,False,False
2008-07-21,55.0,125.0,260.0,754.0,600.0,,336.0,,2008.0,7.0,3.0,0.4807692307692308,1,False,False,True,False,False,False,True,False,False
2005-01-01,130.0,,,,333.0,,,,2005.0,1.0,1.0,,1,False,True,False,False,True,False,False,False,False
2002-02-19,150.0,,65.0,29.0,250.0,,,,2002.0,2.0,1.0,,1,False,False,True,False,False,False,True,False,False
2011-04-25,40.0,30.0,104.0,716.0,600.0,,576.0,,2011.0,4.0,2.0,0.28846153846153844,1,False,False,False,False,False,False,True,False,False
2010-10-11,40.0,150.0,332.0,1950.0,650.0,,873.6,72.8,2010.0,10.0,4.0,0.45180722891566266,1,False,False,True,False,False,False,True,False,False
2012-03-22,40.0,33.0,116.0,585.0,660.0,,253.4,21.12,2012.0,3.0,1.0,0.28448275862068967,1,False,False,True,False,False,False,True,False,False
2011-04-19,40.0,45.0,118.0,716.0,600.0,,576.0,,2011.0,4.0,2.0,0.3813559322033898,1,False,False,False,False,False,False,True,False,False
2019-01-06,14.0,15.0,210.0,4940.0,300.0,921.6,460.8,28.8,2019.0,1.0,1.0,0.07142857142857142,1,False,False,False,False,False,False,False,False,False
2015-06-12,28.0,150.0,212.0,2800.0,925.0,,1997.0,124.8,2015.0,6.0,2.0,0.7075471698113207,1,False,False,False,False,False,False,True,False,False
2016-03-31,28.0,300.0,596.0,8900.0,975.0,,7987.0,499.2,2016.0,3.0,1.0,0.5033557046979866,1,False,False,False,False,False,False,True,False,False
2007-07-26,65.0,,153.0,390.0,600.0,,144.0,,2007.0,7.0,3.0,,1,True,False,False,False,False,False,True,False,False
2013-02-26,28.0,,77.0,950.0,620.0,,595.2,37.2,2013.0,2.0,1.0,,1,False,False,False,False,False,False,True,False,False
2010-02-02,40.0,69.0,144.0,727.0,550.0,,257.3,,2010.0,2.0,1.0,0.4791666666666667,1,False,False,True,False,False,False,True,False,False
2002-01-02,150.0,,,80.0,190.0,,,,2002.0,1.0,1.0,,1,False,False,False,True,False,False,False,True,False
2011-02-01,32.0,,149.0,624.0,850.0,,211.2,,2011.0,2.0,1.0,,1,False,True,False,False,True,False,False,False,False
2001-01-01,150.0,,174.0,80.0,200.0,,,,2001.0,1.0,1.0,,1,False,False,False,True,False,False,False,True,False
2011-07-25,40.0,250.0,520.0,3000.0,651.0,,1332.0,666.1,2011.0,7.0,3.0,0.4807692307692308,1,False,False,True,False,False,False,True,False,False
2008-09-16,65.0,182.0,576.0,1400.0,576.0,,536.5,67.07,2008.0,9.0,3.0,0.3159722222222222,1,False,False,True,False,False,False,True,False,False
2005-04-04,110.0,,110.0,75.0,350.0,,,,2005.0,4.0,2.0,,1,False,False,True,False,False,False,True,False,False
2007-02-28,80.0,,73.0,120.0,400.0,,,,2007.0,2.0,1.0,,1,True,False,False,False,False,False,False,False,True
2012-03-22,40.0,100.0,332.0,1950.0,620.0,,952.3,79.36,2012.0,3.0,1.0,0.30120481927710846,1,False,False,True,False,False,False,True,False,False
2004-09-21,110.0,,240.0,160.0,398.0,,,,2004.0,9.0,3.0,,1,True,False,False,False,False,False,True,False,False
2012-05-04,40.0,32.0,116.0,585.0,753.0,,289.0,24.08,2012.0,5.0,2.0,0.27586206896551724,1,False,False,True,False,False,False,True,False,False
2018-04-03,14.0,15.0,,,350.0,768.0,384.0,96.0,2018.0,4.0,2.0,,1,False,True,False,False,True,False,False,False,False
2013-10-16,28.0,,77.0,950.0,715.0,,549.1,34.32,2013.0,10.0,4.0,,1,False,False,False,False,False,False,True,False,False
2018-04-03,14.0,15.0,,,350.0,403.2,201.6,50.4,2018.0,4.0,2.0,,1,False,True,False,False,True,False,False,False,False
2014-06-11,28.0,,125.0,1550.0,940.0,752.6,752.6,47.04,2014.0,6.0,2.0,,1,False,False,False,False,False,False,True,False,False
2012-11-12,28.0,235.0,561.0,7080.0,732.0,,3935.0,1312.0,2012.0,11.0,4.0,0.41889483065953653,1,False,False,True,False,False,False,True,False,False
2003-10-01,150.0,,218.0,117.0,390.0,,,,2003.0,10.0,4.0,,1,True,False,False,False,False,False,True,False,False
2014-11-23,28.0,80.0,212.0,2800.0,850.0,,1997.0,124.8,2014.0,11.0,4.0,0.37735849056603776,1,False,False,False,False,False,False,True,False,False
2013-03-27,28.0,150.0,212.0,2800.0,950.0,,2432.0,152.0,2013.0,3.0,1.0,0.7075471698113207,1,False,False,False,False,False,False,True,False,False
2016-06-30,28.0,50.0,77.0,950.0,730.0,,599.0,37.44,2016.0,6.0,2.0,0.6493506493506493,1,False,False,False,False,False,False,True,False,False
2013-02-02,28.0,45.0,77.0,950.0,600.0,,460.8,28.8,2013.0,2.0,1.0,0.5844155844155844,1,False,False,False,False,False,False,True,False,False
2015-01-09,28.0,,398.0,5200.0,540.0,,1106.0,34.56,2015.0,1.0,1.0,,1,False,False,True,False,False,False,True,False,False
2013-11-05,28.0,275.0,438.0,6200.0,947.0,,4849.0,606.1,2013.0,11.0,4.0,0.6278538812785388,1,False,False,False,False,False,False,True,False,False
2019-12-12,7.0,130.0,158.0,6400.0,1607.0,10390.0,5196.0,324.7,2019.0,12.0,4.0,0.8227848101265823,1,False,False,False,False,False,False,True,False,False
2001-11-15,150.0,,142.0,57.0,233.0,,,,2001.0,11.0,4.0,,1,False,False,True,False,False,False,True,False,False
2011-07-02,40.0,35.0,238.0,1170.0,590.0,,339.8,28.32,2011.0,7.0,3.0,0.14705882352941177,1,False,False,True,False,False,False,True,False,False
2003-10-01,130.0,18.0,76.0,60.0,400.0,,,,2003.0,10.0,4.0,0.23684210526315788,1,True,False,False,False,False,False,True,False,False
2015-01-01,28.0,,77.0,950.0,725.0,,633.6,,2015.0,1.0,1.0,,1,False,False,False,False,False,False,True,False,False
2011-12-01,28.0,12.0,116.0,585.0,625.0,,120.0,10.0,2011.0,12.0,4.0,0.10344827586206896,1,False,False,True,False,False,False,True,False,False
2006-01-30,110.0,116.0,333.0,302.0,430.0,,,,2006.0,1.0,1.0,0.3483483483483483,1,False,False,True,False,False,False,True,False,False
2008-01-23,55.0,30.0,67.0,181.0,800.0,,64.0,,2008.0,1.0,1.0,0.44776119402985076,1,True,False,False,False,False,False,True,False,False
2006-03-22,90.0,,125.0,177.0,400.0,,,,2006.0,3.0,1.0,,1,False,False,True,False,False,False,True,False,False
2017-06-04,14.0,35.0,103.0,2200.0,925.0,1248.0,1248.0,78.02,2017.0,6.0,2.0,0.33980582524271846,1,False,False,False,False,False,False,False,False,False
2003-09-15,130.0,,,110.0,300.0,,,,2003.0,9.0,3.0,,1,False,False,False,True,False,False,False,True,False
2012-05-14,22.0,,133.0,1200.0,650.0,,268.8,67.2,2012.0,5.0,2.0,,1,False,True,False,False,True,False,False,False,False
2014-09-19,28.0,165.0,398.0,5200.0,1127.0,,4981.0,155.6,2014.0,9.0,3.0,0.41457286432160806,1,False,False,True,False,False,False,True,False,False
2016-12-12,28.0,,56.0,690.0,955.0,,791.0,49.44,2016.0,12.0,4.0,,1,False,False,False,False,False,False,True,False,False
2016-09-13,16.0,75.0,314.0,7200.0,886.0,89.12,5704.0,178.2,2016.0,9.0,3.0,0.23885350318471338,1,False,False,True,False,False,False,True,False,False
2008-02-01,65.0,125.0,324.0,754.0,600.0,,336.0,,2008.0,2.0,1.0,0.38580246913580246,1,False,False,True,False,False,False,True,False,False
2012-01-07,40.0,11.0,104.0,716.0,450.0,,360.0,,2012.0,1.0,1.0,0.10576923076923077,1,False,False,False,False,False,False,True,False,False
2013-03-01,28.0,,56.0,690.0,775.0,,528.0,33.0,2013.0,3.0,1.0,,1,False,False,False,False,False,False,True,False,False
2007-07-01,65.0,45.0,86.0,54.0,147.0,,,,2007.0,7.0,3.0,0.5232558139534884,1,False,False,False,True,False,True,False,False,False
2017-08-07,14.0,345.0,495.0,12500.0,1406.0,27480.0,13740.0,858.6,2017.0,8.0,3.0,0.696969696969697,1,False,False,False,False,False,False,False,False,False
2010-11-26,40.0,30.0,104.0,627.0,650.0,,520.0,,2010.0,11.0,4.0,0.28846153846153844,1,False,False,False,False,False,False,True,False,False
2006-01-01,90.0,135.0,352.0,384.0,650.0,,,,2006.0,1.0,1.0,0.3835227272727273,1,True,False,False,False,False,False,True,False,False
2004-03-30,150.0,,174.0,80.0,250.0,,,,2004.0,3.0,1.0,,1,False,False,False,True,False,False,False,True,False
2006-10-25,80.0,66.0,230.0,330.0,575.0,,,,2006.0,10.0,4.0,0.28695652173913044,1,True,False,False,False,False,False,True,False,False
2012-01-05,40.0,33.0,118.0,716.0,600.0,,576.0,,2012.0,1.0,1.0,0.2796610169491525,1,False,False,False,False,False,False,True,False,False
2012-07-01,40.0,33.0,118.0,716.0,500.0,,480.0,,2012.0,7.0,3.0,0.2796610169491525,1,False,False,False,False,False,False,True,False,False
2015-08-18,28.0,40.0,148.0,1870.0,993.0,,1017.0,31.78,2015.0,8.0,3.0,0.2702702702702703,1,False,False,True,False,False,False,True,False,False
2017-04-18,28.0,50.0,125.0,1550.0,730.0,786.4,786.4,49.15,2017.0,4.0,2.0,0.4,1,False,False,False,False,False,False,True,False,False
2013-05-27,22.0,20.0,,,400.0,,352.0,88.0,2013.0,5.0,2.0,,1,False,True,False,False,True,False,False,False,False
2003-03-17,150.0,,124.0,45.0,250.0,,,,2003.0,3.0,1.0,,1,False,False,True,False,False,False,True,False,False
2002-06-25,150.0,,174.0,80.0,220.0,,,,2002.0,6.0,2.0,,1,False,False,False,True,False,False,False,True,False
2005-10-01,110.0,,110.0,75.0,400.0,,,,2005.0,10.0,4.0,,1,False,False,True,False,False,False,True,False,False
2013-04-01,28.0,,123.0,1500.0,725.0,,992.0,62.0,2013.0,4.0,2.0,,1,False,False,False,False,False,False,True,False,False
2014-01-01,40.0,35.0,67.0,370.0,775.0,,248.0,,2014.0,1.0,1.0,0.5223880597014925,1,False,False,False,False,False,False,True,False,False
2013-04-23,28.0,15.0,110.0,1178.0,450.0,,115.2,7.2,2013.0,4.0,2.0,0.13636363636363635,1,False,False,False,False,False,False,True,False,False
2018-08-26,14.0,230.0,495.0,12500.0,852.0,21500.0,10750.0,672.0,2018.0,8.0,3.0,0.46464646464646464,1,False,False,False,False,False,False,False,False,False
2013-04-01,28.0,33.0,116.0,585.0,775.0,,297.6,24.8,2013.0,4.0,2.0,0.28448275862068967,1,False,False,True,False,False,False,True,False,False
2003-06-23,150.0,,92.0,76.0,300.0,,,,2003.0,6.0,2.0,,1,True,False,False,False,False,False,False,False,True
2011-12-01,40.0,12.0,116.0,585.0,672.0,,129.0,10.75,2011.0,12.0,4.0,0.10344827586206896,1,False,False,True,False,False,False,True,False,False
2002-02-06,150.0,,65.0,29.0,220.0,,,,2002.0,2.0,1.0,,1,False,False,True,False,False,False,True,False,False
2013-03-20,40.0,39.0,104.0,627.0,650.0,,520.0,,2013.0,3.0,1.0,0.375,1,False,False,False,False,False,False,True,False,False
2011-12-01,40.0,12.0,79.0,292.0,738.0,,141.7,11.81,2011.0,12.0,4.0,0.1518987341772152,1,False,False,True,False,False,False,True,False,False
2008-04-18,65.0,226.0,324.0,754.0,600.0,,384.0,,2008.0,4.0,2.0,0.6975308641975309,1,False,False,True,False,False,False,True,False,False
2021-01-12,8.0,60.0,276.0,13250.0,817.0,9846.0,9846.0,153.8,2021.0,1.0,1.0,0.21739130434782608,1,False,False,True,False,False,True,False,False,False
2007-05-09,90.0,13.0,,,400.0,,,,2007.0,5.0,2.0,,1,False,True,False,False,True,False,False,False,False
2020-01-06,14.0,15.0,210.0,4940.0,300.0,768.0,384.0,24.0,2020.0,1.0,1.0,0.07142857142857142,1,False,False,False,False,False,False,False,False,False
2009-05-28,55.0,95.0,256.0,956.0,625.0,,800.0,160.0,2009.0,5.0,2.0,0.37109375,1,True,False,False,False,False,False,True,False,False
2010-01-15,55.0,23.0,121.0,314.0,600.0,,96.0,,2010.0,1.0,1.0,0.19008264462809918,1,False,False,True,False,False,False,True,False,False
2001-02-27,150.0,,128.0,57.0,200.0,,,,2001.0,2.0,1.0,,1,False,False,True,False,False,False,True,False,False
2018-06-21,12.0,250.0,815.0,21100.0,1200.0,29800.0,14900.0,7450.0,2018.0,6.0,2.0,0.3067484662576687,1,False,False,True,False,False,False,True,False,False
2009-12-08,55.0,182.0,470.0,1400.0,518.0,,414.7,51.84,2009.0,12.0,4.0,0.3872340425531915,1,False,False,True,False,False,False,True,False,False
2013-12-21,40.0,19.0,67.0,370.0,625.0,,200.0,,2013.0,12.0,4.0,0.2835820895522388,1,False,False,False,False,False,False,True,False,False
2003-03-06,130.0,37.0,121.0,80.0,325.0,,,,2003.0,3.0,1.0,0.30578512396694213,1,False,False,True,False,False,False,True,False,False
2020-12-14,14.0,15.0,210.0,4940.0,300.0,922.4,461.2,28.82,2020.0,12.0,4.0,0.07142857142857142,1,False,False,False,False,False,False,False,False,False
2021-01-12,7.0,45.0,156.0,9800.0,300.0,3686.0,1843.0,115.2,2021.0,1.0,1.0,0.28846153846153844,1,False,False,False,False,False,False,True,False,False
2009-01-01,55.0,32.0,67.0,181.0,400.0,,32.0,,2009.0,1.0,1.0,0.47761194029850745,1,True,False,False,False,False,False,True,False,False
2010-07-12,40.0,160.0,332.0,1950.0,675.0,,907.2,75.6,2010.0,7.0,3.0,0.4819277108433735,1,False,False,True,False,False,False,True,False,False
2020-08-25,12.0,31.0,200.0,4700.0,1035.0,4570.0,2285.0,71.4,2020.0,8.0,3.0,0.155,1,False,False,True,False,False,False,True,False,False
2006-04-24,90.0,145.0,196.0,278.0,500.0,,,,2006.0,4.0,2.0,0.7397959183673469,1,False,False,True,False,False,False,True,False,False
2003-09-15,130.0,,,25.0,250.0,,,,2003.0,9.0,3.0,,1,False,False,False,True,False,False,False,True,False
2019-10-07,7.0,100.0,158.0,6400.0,1670.0,10390.0,5196.0,324.7,2019.0,10.0,4.0,0.6329113924050633,1,False,False,False,False,False,False,True,False,False
2017-01-11,16.0,100.0,314.0,7200.0,1227.0,68.71,4398.0,137.4,2017.0,1.0,1.0,0.3184713375796178,1,False,False,True,False,False,False,True,False,False
2018-06-01,14.0,120.0,495.0,12500.0,1138.0,18650.0,9326.0,582.8,2018.0,6.0,2.0,0.24242424242424243,1,False,False,False,False,False,False,False,False,False
2013-03-27,28.0,300.0,352.0,4313.0,825.0,,3405.0,851.2,2013.0,3.0,1.0,0.8522727272727273,1,False,False,False,False,False,False,True,False,False
2003-03-06,150.0,,124.0,45.0,325.0,,,,2003.0,3.0,1.0,,1,False,False,True,False,False,False,True,False,False
2004-11-14,110.0,,154.0,146.0,525.0,,,,2004.0,11.0,4.0,,1,False,False,True,False,False,False,True,False,False
2001-12-01,150.0,27.0,68.0,60.0,230.0,,,,2001.0,12.0,4.0,0.39705882352941174,1,True,False,False,False,False,False,True,False,False
2020-03-13,16.0,100.0,,,935.0,3530.0,1765.0,110.3,2020.0,3.0,1.0,,1,False,False,False,False,False,False,True,False,False
2001-02-19,180.0,23.0,115.0,30.0,183.0,,,,2001.0,2.0,1.0,0.2,1,True,False,False,False,False,False,True,False,False
2016-12-25,16.0,120.0,314.0,7200.0,1506.0,61.49,3935.0,123.0,2016.0,12.0,4.0,0.3821656050955414,1,False,False,True,False,False,False,True,False,False
2007-02-28,90.0,,73.0,120.0,500.0,,,,2007.0,2.0,1.0,,1,True,False,False,False,False,False,False,False,True
2002-07-01,150.0,37.0,215.0,110.0,275.0,,,,2002.0,7.0,3.0,0.17209302325581396,1,True,False,False,False,False,False,True,False,False
2013-01-09,28.0,50.0,118.0,1270.0,941.0,,742.7,30.94,2013.0,1.0,1.0,0.423728813559322,1,False,False,True,False,False,False,True,False,False
2012-01-31,28.0,200.0,352.0,4313.0,800.0,,2867.0,716.8,2012.0,1.0,1.0,0.5681818181818182,1,False,False,False,False,False,False,True,False,False
2015-06-18,28.0,190.0,366.0,5000.0,970.0,3476.0,3476.0,217.3,2015.0,6.0,2.0,0.5191256830601093,1,False,False,False,False,False,False,True,False,False
2016-03-01,28.0,75.0,228.0,2940.0,1026.0,,1828.0,57.12,2016.0,3.0,1.0,0.32894736842105265,1,False,False,True,False,False,False,True,False,False
2010-01-07,40.0,11.0,59.0,292.0,675.0,,108.0,,2010.0,1.0,1.0,0.1864406779661017,1,True,False,False,False,False,False,True,False,False
2014-08-25,28.0,,123.0,1500.0,900.0,,1184.0,74.0,2014.0,8.0,3.0,,1,False,False,False,False,False,False,True,False,False
2003-03-06,130.0,44.0,199.0,125.0,400.0,,,,2003.0,3.0,1.0,0.22110552763819097,1,False,False,True,False,False,False,True,False,False
2016-05-15,28.0,,56.0,690.0,780.0,,659.2,41.2,2016.0,5.0,2.0,,1,False,False,False,False,False,False,True,False,False
2018-02-01,14.0,100.0,208.0,5000.0,1063.0,3656.0,3656.0,228.5,2018.0,2.0,1.0,0.4807692307692308,1,False,False,False,False,False,False,False,False,False
2015-04-09,28.0,64.0,118.0,1270.0,902.0,,692.7,28.86,2015.0,4.0,2.0,0.5423728813559322,1,False,False,True,False,False,False,True,False,False
2016-11-18,14.0,75.0,232.0,5700.0,713.0,3892.0,3892.0,243.3,2016.0,11.0,4.0,0.3232758620689655,1,False,False,False,False,False,False,False,False,False
2006-04-18,90.0,20.0,125.0,177.0,350.0,,,,2006.0,4.0,2.0,0.16,1,False,False,True,False,False,False,True,False,False
2014-10-15,28.0,8.0,,,756.0,,365.2,11.41,2014.0,10.0,4.0,,1,False,False,True,False,False,False,True,False,False
2009-07-17,55.0,59.0,146.0,514.0,750.0,,480.0,,2009.0,7.0,3.0,0.4041095890410959,1,True,False,False,False,False,False,True,False,False
2016-08-15,16.0,80.0,200.0,4400.0,1404.0,66.8,4275.0,133.6,2016.0,8.0,3.0,0.4,1,False,False,True,False,False,False,True,False,False
2009-01-09,55.0,,256.0,956.0,500.0,,800.0,160.0,2009.0,1.0,1.0,,1,True,False,False,False,False,False,True,False,False
2008-11-11,65.0,35.0,86.0,210.0,480.0,,19.2,,2008.0,11.0,4.0,0.4069767441860465,1,False,False,True,False,False,False,True,False,False
2012-03-22,40.0,35.0,116.0,585.0,660.0,,253.4,21.12,2012.0,3.0,1.0,0.3017241379310345,1,False,False,True,False,False,False,True,False,False
2009-06-15,40.0,23.0,100.0,486.0,500.0,,105.6,,2009.0,6.0,2.0,0.23,1,False,False,True,False,False,False,True,False,False
2013-11-22,28.0,95.0,363.0,5000.0,853.0,,1310.0,,2013.0,11.0,4.0,0.26170798898071623,1,False,False,False,False,False,False,True,False,False
2004-12-17,0.0,,,,250.0,,,,2004.0,12.0,4.0,,1,False,False,False,True,False,False,False,True,False
2011-07-25,40.0,250.0,520.0,3000.0,651.0,,1332.0,666.1,2011.0,7.0,3.0,0.4807692307692308,1,False,False,True,False,False,False,True,False,False
2012-01-07,40.0,7.0,59.0,292.0,500.0,,80.0,,2012.0,1.0,1.0,0.11864406779661017,1,False,False,False,False,False,False,True,False,False
2017-06-27,14.0,300.0,495.0,12500.0,1382.0,26210.0,13110.0,819.2,2017.0,6.0,2.0,0.6060606060606061,1,False,False,False,False,False,False,False,False,False
2011-01-05,40.0,12.0,116.0,585.0,672.0,,129.0,10.75,2011.0,1.0,1.0,0.10344827586206896,1,False,False,True,False,False,False,True,False,False
2011-11-18,55.0,25.0,73.0,242.0,600.0,,96.0,,2011.0,11.0,4.0,0.3424657534246575,1,True,False,False,False,False,False,True,False,False
2013-09-05,28.0,47.0,123.0,1500.0,800.0,,614.4,38.4,2013.0,9.0,3.0,0.3821138211382114,1,False,False,False,False,False,False,True,False,False
2010-09-03,40.0,25.0,100.0,486.0,475.0,,52.8,,2010.0,9.0,3.0,0.25,1,False,False,True,False,False,False,True,False,False
2004-11-01,130.0,,289.0,160.0,400.0,,,,2004.0,11.0,4.0,,1,True,False,False,False,False,False,True,False,False
2012-06-14,28.0,274.0,352.0,4313.0,975.0,,3994.0,998.4,2012.0,6.0,2.0,0.7784090909090909,1,False,False,False,False,False,False,True,False,False
2014-02-13,28.0,150.0,212.0,2800.0,900.0,,1894.0,118.4,2014.0,2.0,1.0,0.7075471698113207,1,False,False,False,False,False,False,True,False,False
2018-03-27,12.0,250.0,815.0,21100.0,1132.0,33320.0,16660.0,8330.0,2018.0,3.0,1.0,0.3067484662576687,1,False,False,True,False,False,False,True,False,False
2015-03-13,28.0,150.0,212.0,2800.0,900.0,,1894.0,118.4,2015.0,3.0,1.0,0.7075471698113207,1,False,False,False,False,False,False,True,False,False
2015-01-09,28.0,,398.0,5200.0,924.0,,1946.0,60.8,2015.0,1.0,1.0,,1,False,False,True,False,False,False,True,False,False
2018-01-05,16.0,120.0,200.0,4400.0,1506.0,68.36,4375.0,136.7,2018.0,1.0,1.0,0.6,1,False,False,True,False,False,False,True,False,False
2002-01-01,150.0,,,,200.0,,,,2002.0,1.0,1.0,,1,False,True,False,False,True,False,False,False,False
2001-08-14,150.0,23.0,120.0,60.0,275.0,,,,2001.0,8.0,3.0,0.19166666666666668,1,True,False,False,False,False,False,True,False,False
2005-10-01,90.0,97.0,288.0,321.0,594.0,,,,2005.0,10.0,4.0,0.3368055555555556,1,True,False,False,False,False,False,True,False,False
2007-01-08,90.0,40.0,125.0,177.0,560.0,,,,2007.0,1.0,1.0,0.32,1,False,False,True,False,False,False,True,False,False
2012-05-01,28.0,225.0,294.0,3540.0,745.0,,2289.0,95.36,2012.0,5.0,2.0,0.7653061224489796,1,False,False,True,False,False,False,True,False,False
2003-03-17,130.0,,121.0,80.0,235.0,,,,2003.0,3.0,1.0,,1,False,False,True,False,False,False,True,False,False
2009-10-12,55.0,75.0,196.0,505.0,650.0,,156.0,,2009.0,10.0,4.0,0.3826530612244898,1,False,False,True,False,False,False,True,False,False
2018-03-27,12.0,250.0,815.0,21100.0,937.0,26420.0,13210.0,6605.0,2018.0,3.0,1.0,0.3067484662576687,1,False,False,True,False,False,False,True,False,False
2004-11-08,130.0,,73.0,,300.0,,,,2004.0,11.0,4.0,,1,True,False,False,False,False,False,False,False,True
2007-10-04,90.0,,81.0,112.0,500.0,,,,2007.0,10.0,4.0,,1,False,False,True,False,False,False,False,False,True
2004-03-01,130.0,,133.0,82.0,250.0,,,,2004.0,3.0,1.0,,1,False,False,True,False,False,False,True,False,False
2013-06-28,28.0,225.0,294.0,3540.0,745.0,,2289.0,95.36,2013.0,6.0,2.0,0.7653061224489796,1,False,False,True,False,False,False,True,False,False
2001-08-14,150.0,23.0,83.0,60.0,290.0,,,,2001.0,8.0,3.0,0.27710843373493976,1,True,False,False,False,False,False,True,False,False
2008-01-01,130.0,20.0,92.0,75.0,250.0,,,,2008.0,1.0,1.0,0.21739130434782608,1,True,False,False,False,False,False,True,False,False
2008-08-01,80.0,50.0,127.0,210.0,459.0,,29.38,,2008.0,8.0,3.0,0.3937007874015748,1,False,False,True,False,False,False,True,False,False
2016-01-01,28.0,,228.0,2940.0,937.0,,2464.0,76.99,2016.0,1.0,1.0,,1,False,False,True,False,False,False,True,False,False
2007-12-10,55.0,25.0,67.0,181.0,600.0,,48.0,,2007.0,12.0,4.0,0.373134328358209,1,True,False,False,False,False,False,True,False,False
2006-02-02,110.0,75.0,333.0,302.0,425.0,,,,2006.0,2.0,1.0,0.22522522522522523,1,False,False,True,False,False,False,True,False,False
2009-01-09,55.0,,73.0,242.0,500.0,,80.0,,2009.0,1.0,1.0,,1,True,False,False,False,False,False,True,False,False
,7.0,15.0,156.0,9800.0,400.0,3686.0,1843.0,115.2,,,,0.09615384615384616,1,False,False,False,False,False,False,True,False,False
2013-10-08,28.0,55.0,123.0,1500.0,925.0,,947.2,59.2,2013.0,10.0,4.0,0.44715447154471544,1,False,False,False,False,False,False,True,False,False
2011-01-04,40.0,35.0,104.0,716.0,725.0,,696.0,,2011.0,1.0,1.0,0.33653846153846156,1,False,False,False,False,False,False,True,False,False
2003-10-23,130.0,46.0,133.0,82.0,475.0,,,,2003.0,10.0,4.0,0.3458646616541353,1,False,False,True,False,False,False,True,False,False
2002-09-01,150.0,,81.0,36.0,240.0,,,,2002.0,9.0,3.0,,1,True,False,False,False,False,False,False,True,False
2015-12-12,28.0,,56.0,690.0,955.0,,791.0,49.44,2015.0,12.0,4.0,,1,False,False,False,False,False,False,True,False,False
2003-12-22,150.0,10.0,65.0,29.0,250.0,,,,2003.0,12.0,4.0,0.15384615384615385,1,False,False,True,False,False,False,True,False,False
2011-10-05,40.0,62.0,238.0,1170.0,625.0,,480.0,40.0,2011.0,10.0,4.0,0.2605042016806723,1,False,False,True,False,False,False,True,False,False
2016-04-27,28.0,30.0,,,1029.0,,863.2,26.98,2016.0,4.0,2.0,,1,False,False,True,False,False,False,True,False,False
,180.0,15.0,112.0,14.0,166.0,,,,,,,0.13392857142857142,1,False,False,False,True,False,False,True,False,False
2001-10-01,150.0,,88.0,25.0,250.0,,,,2001.0,10.0,4.0,,1,False,False,True,False,False,False,True,False,False
2013-05-29,28.0,25.0,87.0,1020.0,902.0,,692.7,28.86,2013.0,5.0,2.0,0.28735632183908044,1,False,False,True,False,False,False,True,False,False
2016-05-15,28.0,,125.0,1550.0,780.0,653.4,653.4,40.84,2016.0,5.0,2.0,,1,False,False,False,False,False,False,True,False,False
2003-12-22,90.0,11.0,,,425.0,,,,2003.0,12.0,4.0,,1,False,False,True,False,False,False,False,False,True
2009-01-09,55.0,35.0,146.0,514.0,500.0,,320.0,,2009.0,1.0,1.0,0.23972602739726026,1,True,False,False,False,False,False,True,False,False
2011-01-04,40.0,50.0,212.0,1700.0,580.0,,1114.0,,2011.0,1.0,1.0,0.2358490566037736,1,False,False,False,False,False,False,True,False,False
2013-09-27,28.0,170.0,294.0,3540.0,915.0,,2634.0,109.8,2013.0,9.0,3.0,0.5782312925170068,1,False,False,True,False,False,False,True,False,False
2010-10-13,40.0,,166.0,1040.0,850.0,,1360.0,,2010.0,10.0,4.0,,1,True,False,False,False,False,False,True,False,False
2007-05-09,80.0,11.0,127.0,210.0,400.0,,25.6,,2007.0,5.0,2.0,0.08661417322834646,1,False,False,True,False,False,False,True,False,False
2002-10-01,150.0,,215.0,110.0,325.0,,,,2002.0,10.0,4.0,,1,True,False,False,False,False,False,True,False,False
2004-01-26,150.0,,98.0,36.0,250.0,,,,2004.0,1.0,1.0,,1,True,False,False,False,False,False,False,True,False
2005-10-05,80.0,,100.0,107.0,450.0,,,,2005.0,10.0,4.0,,1,True,False,False,False,False,False,False,True,False
2011-06-14,32.0,35.0,227.0,1178.0,593.0,,189.8,,2011.0,6.0,2.0,0.15418502202643172,1,False,False,False,False,False,False,True,False,False
2012-01-07,40.0,20.0,104.0,716.0,600.0,,576.0,,2012.0,1.0,1.0,0.19230769230769232,1,False,False,False,False,False,False,True,False,False
2003-09-10,150.0,,215.0,117.0,378.0,,,,2003.0,9.0,3.0,,1,True,False,False,False,False,False,True,False,False
2017-07-13,14.0,375.0,495.0,12500.0,1382.0,26210.0,13110.0,819.2,2017.0,7.0,3.0,0.7575757575757576,1,False,False,False,False,False,False,False,False,False
,28.0,4.0,110.0,1178.0,225.0,,57.6,3.6,,,,0.03636363636363636,1,False,False,False,False,False,False,True,False,False
2006-03-22,90.0,27.0,125.0,177.0,400.0,,,,2006.0,3.0,1.0,0.216,1,False,False,True,False,False,False,True,False,False
2009-10-12,40.0,31.0,57.0,260.0,520.0,,39.36,,2009.0,10.0,4.0,0.543859649122807,1,False,False,True,False,False,False,True,False,False
2008-06-04,65.0,13.0,86.0,210.0,550.0,,22.4,,2008.0,6.0,2.0,0.1511627906976744,1,False,False,True,False,False,False,True,False,False
2008-06-12,55.0,106.0,192.0,666.0,777.0,,497.3,99.46,2008.0,6.0,2.0,0.5520833333333334,1,True,False,False,False,False,False,True,False,False
2016-09-13,16.0,250.0,471.0,11800.0,1025.0,179.2,11470.0,358.3,2016.0,9.0,3.0,0.5307855626326964,1,False,False,True,False,False,False,True,False,False
2019-02-11,14.0,50.0,103.0,2200.0,980.0,1121.0,1121.0,70.08,2019.0,2.0,1.0,0.4854368932038835,1,False,False,False,False,False,False,False,False,False
2017-09-05,28.0,15.0,125.0,1200.0,200.0,691.2,691.2,345.6,2017.0,9.0,3.0,0.12,1,False,False,False,False,False,False,False,False,False
2013-04-01,28.0,33.0,116.0,585.0,625.0,,240.0,20.0,2013.0,4.0,2.0,0.28448275862068967,1,False,False,True,False,False,False,True,False,False
2006-01-19,90.0,,100.0,107.0,445.0,,,,2006.0,1.0,1.0,,1,True,False,False,False,False,False,True,False,False
2007-06-01,90.0,,150.0,157.0,460.0,,,,2007.0,6.0,2.0,,1,True,False,False,False,False,False,True,False,False
2005-01-01,110.0,,154.0,146.0,300.0,,,,2005.0,1.0,1.0,,1,False,False,True,False,False,False,True,False,False
2017-04-18,14.0,185.0,232.0,5700.0,1257.0,6175.0,6175.0,385.9,2017.0,4.0,2.0,0.7974137931034483,1,False,False,False,False,False,False,False,False,False
2011-12-01,40.0,186.0,389.0,2640.0,750.0,,1920.0,480.0,2011.0,12.0,4.0,0.4781491002570694,1,False,False,False,False,False,False,True,False,False
2020-06-18,12.0,90.0,445.0,10800.0,1410.0,5699.0,2849.0,89.04,2020.0,6.0,2.0,0.20224719101123595,1,False,False,True,False,False,False,True,False,False
2014-06-14,28.0,15.0,107.0,930.0,800.0,,204.8,12.8,2014.0,6.0,2.0,0.14018691588785046,1,False,False,False,False,False,False,False,False,False
2014-10-07,28.0,,398.0,5200.0,924.0,,2657.0,83.04,2014.0,10.0,4.0,,1,False,False,True,False,False,False,True,False,False
2018-11-07,14.0,15.0,,,300.0,806.4,403.2,100.8,2018.0,11.0,4.0,,1,False,True,False,False,True,False,False,False,False
2001-02-06,180.0,2.0,64.0,20.0,125.0,,,,2001.0,2.0,1.0,0.03125,1,False,False,True,False,False,False,True,False,False
2015-09-01,14.0,15.0,123.0,,350.0,729.6,364.8,91.2,2015.0,9.0,3.0,0.12195121951219512,1,False,True,False,False,True,False,False,False,False
2018-08-28,14.0,15.0,,,300.0,768.0,384.0,96.0,2018.0,8.0,3.0,,1,False,True,False,False,True,False,False,False,False
,7.0,475.0,331.0,13230.0,1400.0,28180.0,14090.0,880.6,,,,1.4350453172205437,1,False,False,False,False,False,False,True,False,False
2013-11-22,28.0,245.0,561.0,7080.0,745.0,,5046.0,1682.0,2013.0,11.0,4.0,0.43672014260249553,1,False,False,True,False,False,False,True,False,False
2002-07-01,150.0,37.0,215.0,110.0,324.0,,,,2002.0,7.0,3.0,0.17209302325581396,1,True,False,False,False,False,False,True,False,False
2000-06-01,180.0,23.0,115.0,30.0,166.0,,,,2000.0,6.0,2.0,0.2,1,True,False,False,False,False,False,True,False,False
2020-05-13,7.0,250.0,331.0,13230.0,1400.0,26110.0,13060.0,6528.0,2020.0,5.0,2.0,0.7552870090634441,1,False,False,False,False,False,False,True,False,False
2013-07-23,28.0,45.0,118.0,1270.0,706.0,,542.2,22.59,2013.0,7.0,3.0,0.3813559322033898,1,False,False,True,False,False,False,True,False,False
2009-01-09,55.0,35.0,146.0,514.0,675.0,,432.0,,2009.0,1.0,1.0,0.23972602739726026,1,True,False,False,False,False,False,True,False,False
2013-02-25,28.0,150.0,212.0,2800.0,825.0,,1267.0,79.2,2013.0,2.0,1.0,0.7075471698113207,1,False,False,False,False,False,False,True,False,False
2019-08-21,14.0,15.0,,,300.0,691.2,345.6,86.4,2019.0,8.0,3.0,,1,False,True,False,False,True,False,False,False,False
2013-10-08,28.0,245.0,561.0,7080.0,745.0,,5046.0,1682.0,2013.0,10.0,4.0,0.43672014260249553,1,False,False,True,False,False,False,True,False,False
2006-01-01,90.0,100.0,352.0,384.0,625.0,,,,2006.0,1.0,1.0,0.2840909090909091,1,True,False,False,False,False,False,True,False,False
2019-05-13,28.0,50.0,125.0,1550.0,730.0,786.4,786.4,49.15,2019.0,5.0,2.0,0.4,1,False,False,False,False,False,False,True,False,False
2006-07-01,90.0,13.0,,,400.0,,,,2006.0,7.0,3.0,,1,False,True,False,False,True,False,False,False,False
2014-06-18,40.0,49.0,116.0,585.0,700.0,,268.8,22.4,2014.0,6.0,2.0,0.4224137931034483,1,False,False,True,False,False,False,True,False,False
2020-09-02,10.0,15.0,146.0,,300.0,1690.0,844.8,211.2,2020.0,9.0,3.0,0.10273972602739725,1,False,True,False,False,True,False,False,False,False
2003-03-01,180.0,,97.0,30.0,183.0,,,,2003.0,3.0,1.0,,1,True,False,False,False,False,False,False,False,True
2003-03-01,150.0,,218.0,117.0,380.0,,,,2003.0,3.0,1.0,,1,True,False,False,False,False,False,True,False,False
2000-04-01,180.0,23.0,111.0,30.0,166.0,,,,2000.0,4.0,2.0,0.2072072072072072,1,True,False,False,False,False,False,True,False,False
2008-01-23,55.0,65.0,135.0,378.0,725.0,,174.0,,2008.0,1.0,1.0,0.48148148148148145,1,True,False,False,False,False,False,True,False,False
2000-10-13,250.0,15.0,112.0,14.0,166.0,,,,2000.0,10.0,4.0,0.13392857142857142,1,False,False,False,True,False,False,True,False,False
2019-01-06,14.0,15.0,210.0,4940.0,300.0,1843.0,921.6,57.6,2019.0,1.0,1.0,0.07142857142857142,1,False,False,False,False,False,False,False,False,False
2003-04-01,130.0,,76.0,60.0,398.0,,,,2003.0,4.0,2.0,,1,True,False,False,False,False,False,True,False,False
2019-01-08,14.0,15.0,210.0,4940.0,300.0,1691.0,845.6,52.85,2019.0,1.0,1.0,0.07142857142857142,1,False,False,False,False,False,False,False,False,False
2019-03-26,14.0,50.0,103.0,2200.0,1100.0,1151.0,1151.0,71.94,2019.0,3.0,1.0,0.4854368932038835,1,False,False,False,False,False,False,False,False,False
2002-01-01,150.0,,,,100.0,,,,2002.0,1.0,1.0,,1,False,True,False,False,True,False,False,False,False
2006-04-20,90.0,104.0,196.0,278.0,650.0,,,,2006.0,4.0,2.0,0.5306122448979592,1,False,False,True,False,False,False,True,False,False
2012-10-01,28.0,15.0,116.0,585.0,625.0,,240.0,20.0,2012.0,10.0,4.0,0.12931034482758622,1,False,False,True,False,False,False,True,False,False
2002-02-06,150.0,,65.0,29.0,300.0,,,,2002.0,2.0,1.0,,1,False,False,True,False,False,False,True,False,False
2011-05-24,40.0,150.0,389.0,2640.0,725.0,,1856.0,464.0,2011.0,5.0,2.0,0.3856041131105398,1,False,False,False,False,False,False,True,False,False
2015-05-05,28.0,65.0,77.0,950.0,730.0,,599.0,37.44,2015.0,5.0,2.0,0.8441558441558441,1,False,False,False,False,False,False,True,False,False
2011-06-14,32.0,35.0,227.0,1178.0,444.0,,213.1,,2011.0,6.0,2.0,0.15418502202643172,1,False,False,False,False,False,False,True,False,False
2019-05-27,12.0,80.0,445.0,10800.0,945.0,10600.0,5299.0,165.6,2019.0,5.0,2.0,0.1797752808988764,1,False,False,True,False,False,False,True,False,False
2008-03-13,80.0,29.0,169.0,289.0,625.0,,80.0,,2008.0,3.0,1.0,0.17159763313609466,1,False,False,True,False,False,False,True,False,False
2020-07-07,7.0,150.0,251.0,10300.0,1035.0,11660.0,5829.0,364.3,2020.0,7.0,3.0,0.5976095617529881,1,False,False,False,False,False,False,True,False,False
2013-09-03,22.0,20.0,,,200.0,,368.0,92.0,2013.0,9.0,3.0,,1,False,True,False,False,True,False,False,False,False
2001-03-14,,,156.0,,150.0,,,,2001.0,3.0,1.0,,1,True,False,False,False,False,True,False,False,False
2008-03-28,65.0,140.0,324.0,754.0,675.0,,432.1,,2008.0,3.0,1.0,0.43209876543209874,1,False,False,True,False,False,False,True,False,False
2012-01-05,40.0,25.0,67.0,370.0,625.0,,200.0,,2012.0,1.0,1.0,0.373134328358209,1,False,False,False,False,False,False,True,False,False
2013-04-03,28.0,195.0,294.0,3540.0,1006.0,,3250.0,135.4,2013.0,4.0,2.0,0.6632653061224489,1,False,False,True,False,False,False,True,False,False
2013-04-23,28.0,15.0,110.0,1178.0,497.0,,127.2,7.952,2013.0,4.0,2.0,0.13636363636363635,1,False,False,False,False,False,False,True,False,False
2010-10-21,40.0,127.0,255.0,1700.0,775.0,,1488.0,,2010.0,10.0,4.0,0.4980392156862745,1,False,False,False,False,False,False,True,False,False
2016-08-08,14.0,75.0,123.0,3000.0,1090.0,2150.0,2150.0,134.4,2016.0,8.0,3.0,0.6097560975609756,1,False,False,False,False,False,False,False,False,False
2011-04-04,40.0,150.0,255.0,1700.0,840.0,,1344.0,,2011.0,4.0,2.0,0.5882352941176471,1,False,False,False,False,False,False,True,False,False
2005-04-27,130.0,,281.0,160.0,425.0,,,,2005.0,4.0,2.0,,1,True,False,False,False,False,False,True,False,False
2007-05-02,90.0,520.0,484.0,681.0,600.0,,345.6,,2007.0,5.0,2.0,1.0743801652892562,1,False,False,True,False,False,False,True,False,False
2010-09-03,40.0,75.0,332.0,1950.0,535.0,,616.3,51.36,2010.0,9.0,3.0,0.22590361445783133,1,False,False,True,False,False,False,True,False,False
2017-02-07,14.0,47.0,132.0,3300.0,1266.0,29.6,1894.0,59.2,2017.0,2.0,1.0,0.3560606060606061,1,False,False,True,False,False,True,False,False,False
2016-01-26,40.0,29.0,79.0,292.0,810.0,,155.5,12.96,2016.0,1.0,1.0,0.3670886075949367,1,False,False,True,False,False,False,True,False,False
2002-02-06,150.0,,65.0,29.0,250.0,,,,2002.0,2.0,1.0,,1,False,False,True,False,False,False,True,False,False
2011-10-27,40.0,35.0,238.0,1170.0,525.0,,302.4,25.2,2011.0,10.0,4.0,0.14705882352941177,1,False,False,True,False,False,False,True,False,False
2002-03-01,150.0,,65.0,29.0,300.0,,,,2002.0,3.0,1.0,,1,False,False,True,False,False,False,True,False,False
2001-08-14,150.0,23.0,83.0,60.0,250.0,,,,2001.0,8.0,3.0,0.27710843373493976,1,True,False,False,False,False,False,True,False,False
2012-08-23,40.0,15.0,116.0,585.0,660.0,,253.4,21.12,2012.0,8.0,3.0,0.12931034482758622,1,False,False,True,False,False,False,True,False,False
2021-02-25,12.0,125.0,284.0,6600.0,1530.0,10050.0,5027.0,157.1,2021.0,2.0,1.0,0.44014084507042256,1,False,False,True,False,False,False,True,False,False
2014-01-07,28.0,,56.0,690.0,780.0,,547.2,34.2,2014.0,1.0,1.0,,1,False,False,False,False,False,False,True,False,False
2006-04-18,90.0,45.0,196.0,278.0,500.0,,,,2006.0,4.0,2.0,0.22959183673469388,1,False,False,True,False,False,False,True,False,False
2012-03-22,40.0,35.0,238.0,1170.0,675.0,,388.8,32.4,2012.0,3.0,1.0,0.14705882352941177,1,False,False,True,False,False,False,True,False,False
2012-09-17,40.0,25.0,116.0,585.0,672.0,,258.0,21.5,2012.0,9.0,3.0,0.21551724137931033,1,False,False,True,False,False,False,True,False,False
2014-03-12,28.0,45.0,148.0,1870.0,902.0,,1155.0,36.08,2014.0,3.0,1.0,0.30405405405405406,1,False,False,True,False,False,False,True,False,False
2015-08-30,28.0,100.0,398.0,5200.0,722.0,,2218.0,69.31,2015.0,8.0,3.0,0.25125628140703515,1,False,False,True,False,False,False,True,False,False
2016-07-19,16.0,120.0,200.0,4400.0,1506.0,68.36,4375.0,136.7,2016.0,7.0,3.0,0.6,1,False,False,True,False,False,False,True,False,False
2014-02-18,28.0,55.0,148.0,1870.0,1033.0,,793.3,24.79,2014.0,2.0,1.0,0.3716216216216216,1,False,False,True,False,False,False,True,False,False
2017-03-01,14.0,130.0,232.0,5700.0,1188.0,,5728.0,358.0,2017.0,3.0,1.0,0.5603448275862069,1,False,False,False,False,False,False,False,False,False
2001-01-01,150.0,,174.0,80.0,200.0,,,,2001.0,1.0,1.0,,1,False,False,False,True,False,False,False,True,False
2004-04-19,130.0,150.0,225.0,222.0,425.0,,,,2004.0,4.0,2.0,0.6666666666666666,1,False,False,True,False,False,False,True,False,False
2010-07-12,40.0,25.0,57.0,260.0,520.0,,19.68,,2010.0,7.0,3.0,0.43859649122807015,1,False,False,True,False,False,False,True,False,False
2007-01-19,90.0,125.0,352.0,384.0,670.0,,,,2007.0,1.0,1.0,0.35511363636363635,1,True,False,False,False,False,False,True,False,False
2006-10-30,80.0,55.0,230.0,330.0,540.0,,,,2006.0,10.0,4.0,0.2391304347826087,1,True,False,False,False,False,False,True,False,False
,14.0,50.0,123.0,3000.0,1125.0,,2460.0,153.7,,,,0.4065040650406504,1,False,False,False,False,False,False,False,False,False
2012-05-14,22.0,45.0,133.0,1200.0,650.0,,256.0,64.0,2012.0,5.0,2.0,0.3383458646616541,1,False,True,False,False,True,False,False,False,False
2001-10-01,150.0,,128.0,57.0,175.0,,,,2001.0,10.0,4.0,,1,False,False,True,False,False,False,True,False,False
2011-06-06,40.0,244.0,520.0,3000.0,772.0,,1581.0,197.6,2011.0,6.0,2.0,0.46923076923076923,1,False,False,True,False,False,False,True,False,False
2003-12-03,130.0,,,,200.0,,,,2003.0,12.0,4.0,,1,False,True,False,False,True,False,False,False,False
2017-09-01,14.0,15.0,,,300.0,768.0,384.0,96.0,2017.0,9.0,3.0,,1,False,True,False,False,True,False,False,False,False
2004-11-14,110.0,,154.0,146.0,400.0,,,,2004.0,11.0,4.0,,1,False,False,True,False,False,False,True,False,False
2008-02-21,65.0,95.0,240.0,505.0,600.0,,192.0,,2008.0,2.0,1.0,0.3958333333333333,1,False,False,True,False,False,False,True,False,False
2004-07-01,130.0,,281.0,160.0,350.0,,,,2004.0,7.0,3.0,,1,True,False,False,False,False,False,True,False,False
2011-05-14,40.0,50.0,116.0,585.0,700.0,,268.8,22.4,2011.0,5.0,2.0,0.43103448275862066,1,False,False,True,False,False,False,True,False,False
2011-03-15,40.0,116.0,238.0,1170.0,900.0,,691.2,57.6,2011.0,3.0,1.0,0.48739495798319327,1,False,False,True,False,False,False,True,False,False
2020-02-10,7.0,85.0,158.0,6400.0,1000.0,9574.0,4787.0,299.2,2020.0,2.0,1.0,0.5379746835443038,1,False,False,False,False,False,False,True,False,False
2012-04-24,28.0,50.0,118.0,1270.0,797.0,,612.1,25.5,2012.0,4.0,2.0,0.423728813559322,1,False,False,True,False,False,False,True,False,False
2014-09-17,28.0,15.0,245.0,2410.0,758.0,,388.1,24.26,2014.0,9.0,3.0,0.061224489795918366,1,False,False,False,False,False,False,False,False,False
2012-10-02,32.0,65.0,246.0,1303.0,760.0,,291.8,,2012.0,10.0,4.0,0.26422764227642276,1,False,False,False,False,False,False,True,False,False
2013-04-01,28.0,100.0,294.0,3540.0,719.0,,1933.0,80.53,2013.0,4.0,2.0,0.3401360544217687,1,False,False,True,False,False,False,True,False,False
2005-07-01,110.0,,74.0,107.0,400.0,,,,2005.0,7.0,3.0,,1,True,False,False,False,False,False,True,False,False
2010-01-10,45.0,35.0,114.0,177.0,133.0,,96.0,,2010.0,1.0,1.0,0.30701754385964913,1,False,True,False,False,True,False,False,False,False
2013-08-26,28.0,33.0,118.0,1270.0,837.0,,702.7,29.28,2013.0,8.0,3.0,0.2796610169491525,1,False,False,True,False,False,False,True,False,False
2012-04-24,28.0,100.0,212.0,2800.0,850.0,,2176.0,136.0,2012.0,4.0,2.0,0.4716981132075472,1,False,False,False,False,False,False,True,False,False
2015-03-13,28.0,33.0,87.0,1020.0,954.0,,732.7,30.53,2015.0,3.0,1.0,0.3793103448275862,1,False,False,True,False,False,False,True,False,False
2009-01-08,55.0,14.0,121.0,314.0,400.0,,32.0,,2009.0,1.0,1.0,0.11570247933884298,1,False,False,True,False,False,False,True,False,False
2020-01-10,12.0,160.0,545.0,13600.0,1365.0,12900.0,6451.0,201.6,2020.0,1.0,1.0,0.29357798165137616,1,False,False,True,False,False,False,True,False,False
2016-01-01,28.0,,125.0,1550.0,920.0,,706.6,,2016.0,1.0,1.0,,1,False,False,False,False,False,False,True,False,False
2017-03-01,14.0,130.0,232.0,5700.0,1188.0,,5728.0,358.0,2017.0,3.0,1.0,0.5603448275862069,1,False,False,False,False,False,False,False,False,False
2013-04-01,28.0,33.0,116.0,585.0,775.0,,240.0,20.0,2013.0,4.0,2.0,0.28448275862068967,1,False,False,True,False,False,False,True,False,False
2009-08-04,40.0,60.0,137.0,826.0,650.0,,832.0,166.4,2009.0,8.0,3.0,0.43795620437956206,1,True,False,False,False,False,False,True,False,False
2014-02-17,28.0,90.0,245.0,2410.0,554.0,,425.5,26.59,2014.0,2.0,1.0,0.3673469387755102,1,False,False,False,False,False,False,False,False,False
2004-12-01,130.0,,297.0,160.0,507.0,,,,2004.0,12.0,4.0,,1,True,False,False,False,False,False,True,False,False
2013-04-01,28.0,,77.0,950.0,650.0,,537.6,33.6,2013.0,4.0,2.0,,1,False,False,False,False,False,False,True,False,False
2009-10-28,40.0,30.0,104.0,627.0,600.0,,480.0,,2009.0,10.0,4.0,0.28846153846153844,1,False,False,False,False,False,False,True,False,False
2017-10-29,28.0,50.0,118.0,1270.0,993.0,,381.3,15.89,2017.0,10.0,4.0,0.423728813559322,1,False,False,True,False,False,False,True,False,False
2005-02-03,110.0,,156.0,120.0,350.0,,,,2005.0,2.0,1.0,,1,True,False,False,False,False,False,True,False,False
2021-01-01,8.0,,,,1237.0,6144.0,6144.0,96.0,2021.0,1.0,1.0,,1,False,False,True,False,False,True,False,False,False
2004-03-14,180.0,23.0,80.0,30.0,183.0,,,,2004.0,3.0,1.0,0.2875,1,True,False,False,False,False,False,True,False,False
2003-09-15,130.0,,,110.0,350.0,,,,2003.0,9.0,3.0,,1,False,False,False,True,False,False,False,True,False
2006-08-01,90.0,,125.0,177.0,500.0,,,,2006.0,8.0,3.0,,1,False,False,True,False,False,False,True,False,False
,14.0,10.0,74.0,1800.0,937.0,12.46,797.2,24.91,,,,0.13513513513513514,1,False,False,True,False,False,True,False,False,False
2014-01-07,28.0,,56.0,690.0,780.0,,547.2,34.2,2014.0,1.0,1.0,,1,False,False,False,False,False,False,True,False,False
2005-09-29,110.0,,154.0,146.0,300.0,,,,2005.0,9.0,3.0,,1,False,False,True,False,False,False,True,False,False
2008-01-07,55.0,,67.0,181.0,500.0,,40.0,,2008.0,1.0,1.0,,1,True,False,False,False,False,False,True,False,False
2010-09-03,40.0,12.0,116.0,585.0,500.0,,96.0,8.0,2010.0,9.0,3.0,0.10344827586206896,1,False,False,True,False,False,False,True,False,False
2013-06-01,22.0,86.0,,,350.0,,416.0,104.0,2013.0,6.0,2.0,,1,False,True,False,False,True,False,False,False,False
2006-10-01,90.0,81.0,196.0,278.0,650.0,,,,2006.0,10.0,4.0,0.413265306122449,1,False,False,True,False,False,False,True,False,False
2007-12-04,65.0,25.0,86.0,210.0,540.0,,20.8,,2007.0,12.0,4.0,0.29069767441860467,1,False,False,True,False,False,False,True,False,False
2014-02-13,28.0,80.0,123.0,1500.0,950.0,,1216.0,76.0,2014.0,2.0,1.0,0.6504065040650406,1,False,False,False,False,False,False,True,False,False
2013-06-20,28.0,33.0,87.0,1020.0,980.0,,752.6,31.36,2013.0,6.0,2.0,0.3793103448275862,1,False,False,True,False,False,False,True,False,False
2006-03-09,90.0,40.0,125.0,177.0,560.0,,,,2006.0,3.0,1.0,0.32,1,False,False,True,False,False,False,True,False,False
2018-02-21,16.0,100.0,314.0,7200.0,1557.0,139.8,8945.0,279.5,2018.0,2.0,1.0,0.3184713375796178,1,False,False,True,False,False,False,True,False,False
2004-09-01,110.0,44.0,156.0,120.0,400.0,,,,2004.0,9.0,3.0,0.28205128205128205,1,True,False,False,False,False,False,True,False,False
2007-11-01,65.0,50.0,324.0,754.0,500.0,,160.0,,2007.0,11.0,4.0,0.15432098765432098,1,False,False,True,False,False,False,True,False,False
2015-03-01,28.0,30.0,,,1029.0,,863.2,26.98,2015.0,3.0,1.0,,1,False,False,True,False,False,False,True,False,False
2008-06-01,55.0,800.0,470.0,1400.0,610.0,,622.1,77.76,2008.0,6.0,2.0,1.702127659574468,1,False,False,True,False,False,False,True,False,False
2021-01-01,8.0,320.0,628.0,28300.0,1440.0,29770.0,29770.0,465.1,2021.0,1.0,1.0,0.5095541401273885,1,False,False,True,False,False,True,False,False,False
2005-11-22,90.0,203.0,181.0,232.0,500.0,,240.0,,2005.0,11.0,4.0,1.1215469613259668,1,True,False,False,False,False,False,True,False,False
2015-03-13,28.0,75.0,148.0,1870.0,993.0,,1439.0,44.96,2015.0,3.0,1.0,0.5067567567567568,1,False,False,True,False,False,False,True,False,False
2008-10-01,65.0,13.0,,,400.0,,25.6,,2008.0,10.0,4.0,,1,False,True,False,False,True,False,False,False,False
2010-09-09,40.0,225.0,334.0,2154.0,850.0,,2720.0,544.0,2010.0,9.0,3.0,0.6736526946107785,1,True,False,False,False,False,False,True,False,False
2020-04-02,12.0,115.0,545.0,13600.0,1140.0,14130.0,7066.0,220.8,2020.0,4.0,2.0,0.21100917431192662,1,False,False,True,False,False,False,True,False,False
2012-05-15,40.0,49.0,116.0,585.0,700.0,,268.8,22.4,2012.0,5.0,2.0,0.4224137931034483,1,False,False,True,False,False,False,True,False,False
2006-01-13,90.0,,352.0,384.0,500.0,,,,2006.0,1.0,1.0,,1,True,False,False,False,False,False,True,False,False
2012-04-04,40.0,9.0,75.0,450.0,277.0,,44.32,,2012.0,4.0,2.0,0.12,1,False,False,False,False,False,False,True,False,False
2009-10-12,,58.0,100.0,486.0,615.0,,127.7,,2009.0,10.0,4.0,0.58,1,False,False,True,False,False,False,True,False,False
2012-10-28,40.0,19.0,59.0,292.0,650.0,,104.0,,2012.0,10.0,4.0,0.3220338983050847,1,True,False,False,False,False,False,True,False,False
2015-01-22,28.0,120.0,228.0,2940.0,1127.0,,2413.0,75.39,2015.0,1.0,1.0,0.5263157894736842,1,False,False,True,False,False,False,True,False,False
2002-10-14,150.0,,65.0,29.0,250.0,,,,2002.0,10.0,4.0,,1,False,False,True,False,False,False,True,False,False
2004-03-04,150.0,60.0,218.0,117.0,378.0,,,,2004.0,3.0,1.0,0.27522935779816515,1,True,False,False,False,False,False,True,False,False
2007-04-17,80.0,40.0,127.0,210.0,500.0,,38.4,,2007.0,4.0,2.0,0.31496062992125984,1,False,False,True,False,False,False,False,False,True
2002-10-05,180.0,,73.0,30.0,183.0,,,,2002.0,10.0,4.0,,1,True,False,False,False,False,False,False,False,True
2010-01-07,40.0,28.0,144.0,727.0,500.0,,240.0,,2010.0,1.0,1.0,0.19444444444444445,1,False,False,True,False,False,False,True,False,False
2019-07-09,12.0,175.0,445.0,10800.0,1470.0,14360.0,7181.0,224.4,2019.0,7.0,3.0,0.39325842696629215,1,False,False,True,False,False,False,True,False,False
2011-02-01,32.0,,216.0,1160.0,650.0,,249.6,,2011.0,2.0,1.0,,1,False,True,False,False,True,False,False,False,False
2014-08-07,28.0,225.0,352.0,4313.0,900.0,,3226.0,806.4,2014.0,8.0,3.0,0.6392045454545454,1,False,False,False,False,False,False,True,False,False
2019-01-29,12.0,150.0,545.0,13600.0,1380.0,18720.0,9362.0,292.6,2019.0,1.0,1.0,0.27522935779816515,1,False,False,True,False,False,False,True,False,False
2012-08-16,28.0,150.0,294.0,3540.0,915.0,,2634.0,109.8,2012.0,8.0,3.0,0.5102040816326531,1,False,False,True,False,False,False,True,False,False
2007-12-02,90.0,,150.0,157.0,587.0,,,,2007.0,12.0,4.0,,1,True,False,False,False,False,False,True,False,False
2006-02-01,90.0,,81.0,112.0,450.0,,,,2006.0,2.0,1.0,,1,False,False,True,False,False,False,True,False,False
2007-05-14,80.0,,420.0,720.0,688.0,,440.3,,2007.0,5.0,2.0,,1,True,False,False,False,False,False,True,False,False
2013-10-08,28.0,250.0,352.0,4313.0,850.0,,4096.0,1024.0,2013.0,10.0,4.0,0.7102272727272727,1,False,False,False,False,False,False,True,False,False
2017-07-04,14.0,65.0,123.0,3000.0,1090.0,2106.0,2106.0,131.6,2017.0,7.0,3.0,0.5284552845528455,1,False,False,False,False,False,False,False,False,False
2013-12-21,28.0,65.0,123.0,1500.0,900.0,,952.3,59.52,2013.0,12.0,4.0,0.5284552845528455,1,False,False,False,False,False,False,True,False,False
2014-08-07,28.0,45.0,123.0,1500.0,725.0,,992.0,62.0,2014.0,8.0,3.0,0.36585365853658536,1,False,False,False,False,False,False,True,False,False
2005-04-04,110.0,,110.0,75.0,350.0,,,,2005.0,4.0,2.0,,1,False,False,True,False,False,False,True,False,False
2015-12-03,28.0,55.0,148.0,1870.0,1029.0,,1405.0,43.92,2015.0,12.0,4.0,0.3716216216216216,1,False,False,True,False,False,False,True,False,False
2018-04-11,14.0,65.0,123.0,3000.0,1175.0,2462.0,2462.0,153.9,2018.0,4.0,2.0,0.5284552845528455,1,False,False,False,False,False,False,False,False,False
2006-03-01,90.0,,125.0,177.0,450.0,,,,2006.0,3.0,1.0,,1,False,False,True,False,False,False,True,False,False
2013-03-07,28.0,200.0,352.0,4313.0,800.0,,2867.0,716.8,2013.0,3.0,1.0,0.5681818181818182,1,False,False,False,False,False,False,True,False,False
2011-02-22,40.0,33.0,57.0,260.0,589.0,,44.86,,2011.0,2.0,1.0,0.5789473684210527,1,False,False,True,False,False,False,True,False,False
2003-03-17,130.0,,121.0,80.0,400.0,,,,2003.0,3.0,1.0,,1,False,False,True,False,False,False,True,False,False
2014-03-17,40.0,15.0,79.0,292.0,475.0,,91.2,7.6,2014.0,3.0,1.0,0.189873417721519,1,False,False,True,False,False,False,True,False,False
2008-09-11,55.0,48.0,146.0,514.0,550.0,,352.0,,2008.0,9.0,3.0,0.3287671232876712,1,True,False,False,False,False,False,True,False,False
2013-01-09,28.0,15.0,116.0,585.0,775.0,,297.6,24.8,2013.0,1.0,1.0,0.12931034482758622,1,False,False,True,False,False,False,True,False,False
2019-12-11,7.0,205.0,251.0,10300.0,1243.0,20890.0,10440.0,652.8,2019.0,12.0,4.0,0.8167330677290837,1,False,False,False,False,False,False,True,False,False
2003-03-06,130.0,,199.0,125.0,500.0,,,,2003.0,3.0,1.0,,1,False,False,True,False,False,False,True,False,False
2012-11-19,28.0,185.0,352.0,4313.0,925.0,,2995.0,748.8,2012.0,11.0,4.0,0.5255681818181818,1,False,False,False,False,False,False,True,False,False
2011-01-04,40.0,25.0,67.0,370.0,700.0,,224.0,,2011.0,1.0,1.0,0.373134328358209,1,False,False,False,False,False,False,True,False,False
2002-02-06,150.0,,142.0,63.0,250.0,,,,2002.0,2.0,1.0,,1,False,False,True,False,False,False,True,False,False
2015-01-01,28.0,35.0,77.0,950.0,725.0,,633.6,,2015.0,1.0,1.0,0.45454545454545453,1,False,False,False,False,False,False,True,False,False
2015-10-02,28.0,100.0,366.0,5000.0,723.0,2961.0,2961.0,185.1,2015.0,10.0,4.0,0.273224043715847,1,False,False,False,False,False,False,True,False,False
2016-01-01,28.0,,56.0,690.0,780.0,,547.2,,2016.0,1.0,1.0,,1,False,False,False,False,False,False,True,False,False
2015-11-19,28.0,190.0,366.0,5000.0,970.0,3973.0,3973.0,248.3,2015.0,11.0,4.0,0.5191256830601093,1,False,False,False,False,False,False,True,False,False
2010-04-26,40.0,74.0,166.0,1040.0,690.0,,1104.0,,2010.0,4.0,2.0,0.4457831325301205,1,True,False,False,False,False,False,True,False,False
2011-01-05,40.0,12.0,79.0,292.0,574.0,,110.1,9.176,2011.0,1.0,1.0,0.1518987341772152,1,False,False,True,False,False,False,True,False,False
2007-05-01,80.0,20.0,169.0,289.0,475.0,,60.8,,2007.0,5.0,2.0,0.11834319526627218,1,False,False,True,False,False,False,True,False,False
2005-09-29,90.0,45.0,196.0,278.0,500.0,,,,2005.0,9.0,3.0,0.22959183673469388,1,False,False,True,False,False,False,True,False,False
2002-04-23,150.0,,65.0,29.0,220.0,,,,2002.0,4.0,2.0,,1,False,False,True,False,False,False,True,False,False
2016-12-12,28.0,175.0,596.0,8900.0,1000.0,8192.0,8192.0,512.0,2016.0,12.0,4.0,0.2936241610738255,1,False,False,False,False,False,False,True,False,False
2008-12-12,55.0,75.0,196.0,505.0,600.0,,144.0,,2008.0,12.0,4.0,0.3826530612244898,1,False,False,True,False,False,False,True,False,False
2018-10-15,14.0,150.0,232.0,5700.0,1168.0,5259.0,5259.0,328.7,2018.0,10.0,4.0,0.646551724137931,1,False,False,False,False,False,False,False,False,False
2020-05-28,10.0,15.0,,,200.0,768.0,384.0,96.0,2020.0,5.0,2.0,,1,False,True,False,False,True,False,False,False,False
2017-12-10,14.0,85.0,232.0,5700.0,926.0,4940.0,4940.0,308.7,2017.0,12.0,4.0,0.36637931034482757,1,False,False,False,False,False,False,False,False,False
2014-11-23,28.0,250.0,366.0,5000.0,850.0,3482.0,3482.0,217.6,2014.0,11.0,4.0,0.6830601092896175,1,False,False,False,False,False,False,True,False,False
2002-11-12,150.0,,65.0,29.0,300.0,,,,2002.0,11.0,4.0,,1,False,False,True,False,False,False,True,False,False
2001-08-14,180.0,,64.0,20.0,143.0,,,,2001.0,8.0,3.0,,1,False,False,True,False,False,False,True,False,False
2019-10-07,7.0,110.0,158.0,6400.0,1500.0,10390.0,5196.0,324.7,2019.0,10.0,4.0,0.6962025316455697,1,False,False,False,False,False,False,True,False,False
2014-09-13,28.0,140.0,294.0,3540.0,980.0,,1981.0,82.56,2014.0,9.0,3.0,0.47619047619047616,1,False,False,True,False,False,False,True,False,False
2014-07-22,28.0,41.0,118.0,1270.0,876.0,,336.4,14.02,2014.0,7.0,3.0,0.3474576271186441,1,False,False,True,False,False,False,True,False,False
2008-07-29,55.0,50.0,121.0,314.0,550.0,,89.6,,2008.0,7.0,3.0,0.4132231404958678,1,False,False,True,False,False,False,True,False,False
2001-03-03,180.0,,64.0,20.0,175.0,,,,2001.0,3.0,1.0,,1,False,False,True,False,False,False,True,False,False
2007-11-19,55.0,106.0,192.0,666.0,777.0,,497.3,99.46,2007.0,11.0,4.0,0.5520833333333334,1,True,False,False,False,False,False,True,False,False
2018-05-21,14.0,75.0,132.0,3300.0,1392.0,36.43,2332.0,72.86,2018.0,5.0,2.0,0.5681818181818182,1,False,False,True,False,False,True,False,False,False
2003-03-15,150.0,,101.0,36.0,300.0,,,,2003.0,3.0,1.0,,1,False,False,True,False,False,False,True,False,False
2007-12-04,65.0,25.0,86.0,210.0,567.0,,22.4,,2007.0,12.0,4.0,0.29069767441860467,1,False,False,True,False,False,False,True,False,False
2008-11-07,55.0,250.0,256.0,956.0,625.0,,1000.0,200.0,2008.0,11.0,4.0,0.9765625,1,True,False,False,False,False,False,True,False,False
2008-01-13,90.0,,81.0,112.0,500.0,,,,2008.0,1.0,1.0,,1,False,False,True,False,False,False,False,False,True
2003-12-03,130.0,,,,200.0,,,,2003.0,12.0,4.0,,1,False,True,False,False,True,False,False,False,False
2003-10-28,150.0,13.0,91.0,45.0,275.0,,,,2003.0,10.0,4.0,0.14285714285714285,1,False,False,True,False,False,False,True,False,False
2020-09-02,10.0,15.0,146.0,,300.0,2816.0,1408.0,352.0,2020.0,9.0,3.0,0.10273972602739725,1,False,True,False,False,True,False,False,False,False
2014-03-21,28.0,,123.0,1500.0,725.0,,992.0,,2014.0,3.0,1.0,,1,False,False,False,False,False,False,True,False,False
2018-11-14,14.0,100.0,,,815.0,6569.0,3284.0,205.3,2018.0,11.0,4.0,,1,False,False,False,False,False,False,False,False,False
2017-09-01,14.0,15.0,,,350.0,806.4,403.2,100.8,2017.0,9.0,3.0,,1,False,True,False,False,True,False,False,False,False
2000-07-31,180.0,,111.0,30.0,166.0,,,,2000.0,7.0,3.0,,1,True,False,False,False,False,False,True,False,False
2007-06-01,80.0,29.0,169.0,289.0,625.0,,80.0,,2007.0,6.0,2.0,0.17159763313609466,1,False,False,True,False,False,False,True,False,False
2013-05-27,22.0,30.0,181.0,1300.0,200.0,,640.0,160.0,2013.0,5.0,2.0,0.16574585635359115,1,False,True,False,False,True,False,False,False,False
2017-02-06,16.0,75.0,200.0,4400.0,1076.0,47.36,3031.0,94.72,2017.0,2.0,1.0,0.375,1,False,False,True,False,False,False,True,False,False
2017-03-01,14.0,50.0,123.0,3000.0,1002.0,2460.0,2460.0,153.7,2017.0,3.0,1.0,0.4065040650406504,1,False,False,False,False,False,False,False,False,False
2008-07-29,65.0,,240.0,505.0,500.0,,120.0,,2008.0,7.0,3.0,,1,False,False,True,False,False,False,True,False,False
2011-11-29,40.0,150.0,520.0,3000.0,552.0,,847.9,106.0,2011.0,11.0,4.0,0.28846153846153844,1,False,False,True,False,False,False,True,False,False
2015-08-18,28.0,100.0,398.0,5200.0,975.0,,2496.0,78.0,2015.0,8.0,3.0,0.25125628140703515,1,False,False,True,False,False,False,True,False,False
2010-05-01,40.0,50.0,166.0,1040.0,700.0,,1120.0,,2010.0,5.0,2.0,0.30120481927710846,1,True,False,False,False,False,False,True,False,False
2021-01-13,14.0,30.0,74.0,1800.0,1228.0,,751.6,31.32,2021.0,1.0,1.0,0.40540540540540543,1,False,False,True,False,False,True,False,False,False
2008-03-04,65.0,,85.0,180.0,500.0,,40.0,,2008.0,3.0,1.0,,1,True,False,False,False,False,False,False,False,True
2016-05-15,28.0,,125.0,1550.0,891.0,570.2,570.2,35.64,2016.0,5.0,2.0,,1,False,False,False,False,False,False,True,False,False
2002-10-05,180.0,,73.0,30.0,183.0,,,,2002.0,10.0,4.0,,1,True,False,False,False,False,False,False,False,True
2006-02-02,110.0,75.0,333.0,302.0,425.0,,,,2006.0,2.0,1.0,0.22522522522522523,1,False,False,True,False,False,False,True,False,False
2015-05-05,28.0,50.0,77.0,950.0,730.0,,599.0,37.44,2015.0,5.0,2.0,0.6493506493506493,1,False,False,False,False,False,False,True,False,False
2012-02-15,28.0,55.0,123.0,1500.0,800.0,,819.2,51.2,2012.0,2.0,1.0,0.44715447154471544,1,False,False,False,False,False,False,True,False,False
2005-08-11,110.0,65.0,333.0,302.0,400.0,,,,2005.0,8.0,3.0,0.19519519519519518,1,False,False,True,False,False,False,True,False,False
2014-03-17,28.0,33.0,,,1029.0,,863.2,26.98,2014.0,3.0,1.0,,1,False,False,True,False,False,False,True,False,False
2016-10-01,16.0,235.0,610.0,15300.0,1304.0,20670.0,10340.0,5168.0,2016.0,10.0,4.0,0.38524590163934425,1,False,False,True,False,False,False,True,False,False
2011-03-17,40.0,19.0,59.0,292.0,650.0,,104.0,,2011.0,3.0,1.0,0.3220338983050847,1,True,False,False,False,False,False,True,False,False
2003-03-06,150.0,,124.0,45.0,325.0,,,,2003.0,3.0,1.0,,1,False,False,True,False,False,False,True,False,False
2015-08-30,28.0,300.0,398.0,5200.0,557.0,,4825.0,150.8,2015.0,8.0,3.0,0.7537688442211056,1,False,False,True,False,False,False,True,False,False
2013-06-10,45.0,120.0,168.0,372.0,500.0,,240.0,,2013.0,6.0,2.0,0.7142857142857143,1,True,False,False,False,False,False,True,False,False
2004-02-17,130.0,50.0,125.0,82.0,425.0,,,,2004.0,2.0,1.0,0.4,1,False,False,True,False,False,False,True,False,False
2012-06-13,40.0,50.0,57.0,260.0,589.0,,44.86,,2012.0,6.0,2.0,0.8771929824561403,1,False,False,True,False,False,False,True,False,False
2020-01-06,7.0,15.0,156.0,9800.0,400.0,2867.0,1434.0,89.6,2020.0,1.0,1.0,0.09615384615384616,1,False,False,False,False,False,False,True,False,False
2003-01-21,130.0,,199.0,125.0,300.0,,,,2003.0,1.0,1.0,,1,False,False,True,False,False,False,True,False,False
2015-10-21,28.0,,56.0,690.0,1030.0,,659.2,,2015.0,10.0,4.0,,1,False,False,False,False,False,False,True,False,False
2003-10-01,130.0,,76.0,60.0,250.0,,,,2003.0,10.0,4.0,,1,True,False,False,False,False,False,True,False,False
2013-07-23,28.0,30.0,87.0,1020.0,889.0,,341.4,14.22,2013.0,7.0,3.0,0.3448275862068966,1,False,False,True,False,False,False,True,False,False
2013-09-05,28.0,55.0,123.0,1500.0,800.0,,819.2,51.2,2013.0,9.0,3.0,0.44715447154471544,1,False,False,False,False,False,False,True,False,False
2004-07-26,130.0,81.0,287.0,222.0,425.0,,,,2004.0,7.0,3.0,0.28222996515679444,1,False,False,True,False,False,False,True,False,False
,32.0,65.0,246.0,1303.0,760.0,,194.6,,,,,0.26422764227642276,1,False,False,False,False,False,False,True,False,False
2008-11-06,65.0,25.0,86.0,210.0,540.0,,17.28,,2008.0,11.0,4.0,0.29069767441860467,1,False,False,True,False,False,False,True,False,False
2007-11-16,90.0,,81.0,112.0,630.0,,,,2007.0,11.0,4.0,,1,False,False,True,False,False,False,False,False,True
2013-02-02,28.0,45.0,56.0,690.0,600.0,,384.0,24.0,2013.0,2.0,1.0,0.8035714285714286,1,False,False,False,False,False,False,True,False,False
2013-08-26,28.0,33.0,87.0,1020.0,980.0,,752.6,31.36,2013.0,8.0,3.0,0.3793103448275862,1,False,False,True,False,False,False,True,False,False
2010-12-14,40.0,200.0,389.0,2640.0,800.0,,2253.0,563.2,2010.0,12.0,4.0,0.5141388174807198,1,False,False,False,False,False,False,True,False,False
2000-06-01,,,156.0,,120.0,,,,2000.0,6.0,2.0,,1,True,False,False,False,False,True,False,False,False
2000-04-01,180.0,23.0,115.0,30.0,166.0,,,,2000.0,4.0,2.0,0.2,1,True,False,False,False,False,False,True,False,False
2013-11-22,28.0,245.0,561.0,7080.0,745.0,,5046.0,1682.0,2013.0,11.0,4.0,0.43672014260249553,1,False,False,True,False,False,False,True,False,False
2020-04-02,12.0,80.0,545.0,13600.0,930.0,11830.0,5914.0,184.8,2020.0,4.0,2.0,0.14678899082568808,1,False,False,True,False,False,False,True,False,False
2011-09-29,40.0,25.0,79.0,292.0,523.0,,100.4,8.368,2011.0,9.0,3.0,0.31645569620253167,1,False,False,True,False,False,False,True,False,False
2011-02-23,40.0,172.0,529.0,3100.0,513.0,,722.3,361.2,2011.0,2.0,1.0,0.32514177693761814,1,False,False,True,False,False,False,True,False,False
2012-05-15,32.0,35.0,246.0,1303.0,686.0,,526.8,,2012.0,5.0,2.0,0.14227642276422764,1,False,False,False,False,False,False,True,False,False
2009-07-16,40.0,14.0,57.0,260.0,500.0,,34.24,,2009.0,7.0,3.0,0.24561403508771928,1,False,False,True,False,False,False,True,False,False
2016-06-20,16.0,250.0,610.0,15300.0,1190.0,19050.0,9526.0,4763.0,2016.0,6.0,2.0,0.4098360655737705,1,False,False,True,False,False,False,True,False,False
2008-12-26,55.0,110.0,192.0,666.0,669.0,,428.2,85.63,2008.0,12.0,4.0,0.5729166666666666,1,True,False,False,False,False,False,True,False,False
2010-04-26,40.0,74.0,166.0,1040.0,690.0,,1104.0,,2010.0,4.0,2.0,0.4457831325301205,1,True,False,False,False,False,False,True,False,False
2013-04-01,28.0,45.0,118.0,1270.0,837.0,,642.8,26.78,2013.0,4.0,2.0,0.3813559322033898,1,False,False,True,False,False,False,True,False,False
2011-01-31,40.0,15.0,59.0,292.0,600.0,,96.0,,2011.0,1.0,1.0,0.2542372881355932,1,False,False,False,False,False,False,True,False,False
,250.0,30.0,112.0,14.0,166.0,,,,,,,0.26785714285714285,1,False,False,False,True,False,False,True,False,False
2013-03-01,28.0,,56.0,690.0,750.0,,528.0,33.0,2013.0,3.0,1.0,,1,False,False,False,False,False,False,True,False,False
2003-03-06,150.0,,124.0,45.0,200.0,,,,2003.0,3.0,1.0,,1,False,False,True,False,False,False,True,False,False
2001-01-01,150.0,,,,166.0,,,,2001.0,1.0,1.0,,1,False,True,False,False,True,False,False,False,False
2019-02-15,16.0,75.0,200.0,4400.0,1291.0,46.48,2974.0,92.95,2019.0,2.0,1.0,0.375,1,False,False,True,False,False,False,True,False,False
2006-02-01,90.0,,,,425.0,,,,2006.0,2.0,1.0,,1,False,False,True,False,False,False,False,False,True
2010-05-04,32.0,,,,533.0,,,,2010.0,5.0,2.0,,1,False,True,False,False,True,False,False,False,False
2008-11-11,55.0,150.0,470.0,1400.0,602.0,,462.3,57.79,2008.0,11.0,4.0,0.3191489361702128,1,False,False,True,False,False,False,True,False,False
2010-12-07,40.0,219.0,520.0,3000.0,732.0,,1405.0,175.7,2010.0,12.0,4.0,0.42115384615384616,1,False,False,True,False,False,False,True,False,False
2015-02-07,28.0,45.0,148.0,1870.0,863.0,,883.7,27.62,2015.0,2.0,1.0,0.30405405405405406,1,False,False,True,False,False,False,True,False,False
2009-01-08,,289.0,470.0,1400.0,576.0,,596.2,74.52,2009.0,1.0,1.0,0.6148936170212767,1,False,False,True,False,False,False,True,False,False
2011-04-07,40.0,25.0,67.0,370.0,625.0,,200.0,,2011.0,4.0,2.0,0.373134328358209,1,False,False,False,False,False,False,True,False,False
2009-06-15,55.0,14.0,121.0,314.0,500.0,,80.0,,2009.0,6.0,2.0,0.11570247933884298,1,False,False,True,False,False,False,True,False,False
2006-06-05,90.0,110.0,196.0,278.0,500.0,,,,2006.0,6.0,2.0,0.5612244897959183,1,False,False,True,False,False,False,True,False,False
2011-03-11,40.0,160.0,332.0,1950.0,701.0,,941.5,78.46,2011.0,3.0,1.0,0.4819277108433735,1,False,False,True,False,False,False,True,False,False
2009-03-03,40.0,,137.0,826.0,550.0,,704.0,140.8,2009.0,3.0,1.0,,1,True,False,False,False,False,False,True,False,False
2018-01-08,14.0,15.0,210.0,4940.0,300.0,1691.0,845.6,52.85,2018.0,1.0,1.0,0.07142857142857142,1,False,False,False,False,False,False,False,False,False
2007-05-01,80.0,20.0,127.0,210.0,450.0,,28.8,,2007.0,5.0,2.0,0.15748031496062992,1,False,False,True,False,False,False,True,False,False
2006-11-19,90.0,45.0,95.0,107.0,243.0,,,,2006.0,11.0,4.0,0.47368421052631576,1,True,False,False,False,False,True,False,False,False
2012-07-01,40.0,20.0,104.0,716.0,600.0,,576.0,,2012.0,7.0,3.0,0.19230769230769232,1,False,False,False,False,False,False,True,False,False
2011-08-25,40.0,75.0,212.0,1700.0,680.0,,1306.0,,2011.0,8.0,3.0,0.35377358490566035,1,False,False,False,False,False,False,True,False,False
2005-01-01,110.0,,74.0,107.0,300.0,,,,2005.0,1.0,1.0,,1,True,False,False,False,False,False,False,False,True
2007-06-28,55.0,45.0,135.0,378.0,722.0,,173.3,,2007.0,6.0,2.0,0.3333333333333333,1,True,False,False,False,False,False,True,False,False
2008-01-07,55.0,30.0,135.0,378.0,680.0,,163.2,,2008.0,1.0,1.0,0.2222222222222222,1,True,False,False,False,False,False,True,False,False
2011-04-13,40.0,29.0,79.0,292.0,810.0,,155.5,12.96,2011.0,4.0,2.0,0.3670886075949367,1,False,False,True,False,False,False,True,False,False
2013-10-16,28.0,,160.0,2080.0,1075.0,,1651.0,103.2,2013.0,10.0,4.0,,1,False,False,False,False,False,False,True,False,False
2015-05-05,28.0,,160.0,2080.0,900.0,,1568.0,98.02,2015.0,5.0,2.0,,1,False,False,False,False,False,False,True,False,False
2018-08-13,14.0,230.0,495.0,12500.0,1200.0,21500.0,10750.0,672.0,2018.0,8.0,3.0,0.46464646464646464,1,False,False,False,False,False,False,False,False,False
2009-03-30,65.0,59.0,240.0,505.0,550.0,,176.0,,2009.0,3.0,1.0,0.24583333333333332,1,False,False,True,False,False,False,True,False,False
2007-02-01,90.0,,150.0,157.0,500.0,,,,2007.0,2.0,1.0,,1,True,False,False,False,False,False,True,False,False
2003-03-01,130.0,,121.0,80.0,325.0,,,,2003.0,3.0,1.0,,1,False,False,True,False,False,False,True,False,False
2007-06-28,65.0,35.0,153.0,390.0,594.0,,142.6,,2007.0,6.0,2.0,0.22875816993464052,1,True,False,False,False,False,False,True,False,False
2013-09-18,28.0,15.0,110.0,1178.0,450.0,,115.2,7.2,2013.0,9.0,3.0,0.13636363636363635,1,False,False,False,False,False,False,True,False,False
2017-06-05,14.0,75.0,123.0,3000.0,850.0,1306.0,1306.0,81.6,2017.0,6.0,2.0,0.6097560975609756,1,False,False,False,False,False,False,False,False,False
2007-10-17,110.0,,73.0,,400.0,,,,2007.0,10.0,4.0,,1,True,False,False,False,False,False,False,False,True
2011-02-15,40.0,39.0,104.0,627.0,650.0,,416.0,,2011.0,2.0,1.0,0.375,1,True,False,False,False,False,False,True,False,False
2007-01-01,90.0,27.0,100.0,107.0,500.0,,,,2007.0,1.0,1.0,0.27,1,True,False,False,False,False,False,True,False,False
2011-12-04,40.0,19.0,59.0,292.0,650.0,,104.0,,2011.0,12.0,4.0,0.3220338983050847,1,False,False,False,False,False,False,True,False,False
2016-09-27,14.0,50.0,123.0,3000.0,1090.0,2150.0,2150.0,134.4,2016.0,9.0,3.0,0.4065040650406504,1,False,False,False,False,False,False,False,False,False
2014-01-07,28.0,,56.0,690.0,825.0,,547.2,34.2,2014.0,1.0,1.0,,1,False,False,False,False,False,False,True,False,False
2014-07-13,28.0,,56.0,690.0,650.0,,544.0,34.0,2014.0,7.0,3.0,,1,False,False,False,False,False,False,True,False,False
2012-05-03,28.0,300.0,294.0,3540.0,915.0,,3130.0,130.4,2012.0,5.0,2.0,1.0204081632653061,1,False,False,True,False,False,False,True,False,False
2016-08-30,14.0,5.0,,,300.0,652.8,326.4,81.6,2016.0,8.0,3.0,,1,False,True,False,False,True,False,False,False,False
2011-01-04,40.0,,67.0,370.0,600.0,,192.0,,2011.0,1.0,1.0,,1,False,False,False,False,False,False,True,False,False
2003-03-01,150.0,,124.0,45.0,250.0,,,,2003.0,3.0,1.0,,1,False,False,True,False,False,False,True,False,False
2015-04-09,28.0,,87.0,1020.0,797.0,,306.0,12.75,2015.0,4.0,2.0,,1,False,False,True,False,False,False,True,False,False
2011-11-20,55.0,65.0,135.0,378.0,796.0,,191.0,,2011.0,11.0,4.0,0.48148148148148145,1,True,False,False,False,False,False,True,False,False
2018-08-03,14.0,100.0,397.0,,1300.0,7987.0,3994.0,249.6,2018.0,8.0,3.0,0.2518891687657431,1,False,False,False,False,False,False,True,False,False
2019-10-15,14.0,130.0,232.0,5700.0,1120.0,5700.0,5700.0,356.3,2019.0,10.0,4.0,0.5603448275862069,1,False,False,False,False,False,False,False,False,False
2019-03-19,14.0,250.0,495.0,12500.0,1250.0,24050.0,12030.0,751.6,2019.0,3.0,1.0,0.5050505050505051,1,False,False,False,False,False,False,False,False,False
2015-09-01,14.0,15.0,123.0,,300.0,614.4,307.2,76.8,2015.0,9.0,3.0,0.12195121951219512,1,False,True,False,False,True,False,False,False,False
2002-11-14,150.0,,101.0,36.0,200.0,,,,2002.0,11.0,4.0,,1,False,False,True,False,False,False,True,False,False
2019-04-08,14.0,15.0,210.0,4940.0,300.0,3584.0,1792.0,112.0,2019.0,4.0,2.0,0.07142857142857142,1,False,False,False,False,False,False,False,False,False
2015-10-02,28.0,,123.0,1500.0,900.0,,947.2,59.2,2015.0,10.0,4.0,,1,False,False,False,False,False,False,True,False,False
2017-04-18,14.0,100.0,232.0,5700.0,1000.0,4963.0,4963.0,310.2,2017.0,4.0,2.0,0.43103448275862066,1,False,False,False,False,False,False,False,False,False
2011-07-25,40.0,600.0,520.0,3000.0,574.0,,1176.0,587.8,2011.0,7.0,3.0,1.1538461538461537,1,False,False,True,False,False,False,True,False,False
2004-08-01,130.0,,92.0,76.0,450.0,,,,2004.0,8.0,3.0,,1,True,False,False,False,False,False,True,False,False
2009-04-09,55.0,40.0,121.0,314.0,450.0,,72.0,,2009.0,4.0,2.0,0.3305785123966942,1,False,False,True,False,False,False,True,False,False
2011-05-14,40.0,39.0,118.0,716.0,650.0,,416.0,,2011.0,5.0,2.0,0.3305084745762712,1,False,False,False,False,False,False,True,False,False
2015-05-05,28.0,,125.0,1550.0,1000.0,779.5,779.5,48.72,2015.0,5.0,2.0,,1,False,False,False,False,False,False,True,False,False
2006-02-01,90.0,,,,425.0,,,,2006.0,2.0,1.0,,1,False,False,True,False,False,False,False,False,True
2008-09-30,55.0,20.0,73.0,242.0,600.0,,96.0,,2008.0,9.0,3.0,0.273972602739726,1,True,False,False,False,False,False,True,False,False
2011-01-04,40.0,75.0,166.0,1040.0,800.0,,1280.0,,2011.0,1.0,1.0,0.45180722891566266,1,False,False,False,False,False,False,True,False,False
2004-07-16,150.0,18.0,65.0,29.0,220.0,,,,2004.0,7.0,3.0,0.27692307692307694,1,False,False,True,False,False,False,True,False,False
2019-05-23,14.0,18.0,74.0,1800.0,1303.0,17.92,1147.0,35.83,2019.0,5.0,2.0,0.24324324324324326,1,False,False,True,False,False,True,False,False,False
2019-05-29,10.0,15.0,,,300.0,921.6,460.8,115.2,2019.0,5.0,2.0,,1,False,True,False,False,True,False,False,False,False
2013-03-01,28.0,51.0,118.0,1270.0,954.0,,732.7,30.53,2013.0,3.0,1.0,0.4322033898305085,1,False,False,True,False,False,False,True,False,False
2009-06-15,40.0,38.0,144.0,727.0,550.0,,264.0,,2009.0,6.0,2.0,0.2638888888888889,1,False,False,True,False,False,False,True,False,False
2020-11-16,7.0,300.0,750.0,50000.0,1000.0,184600.0,23070.0,11540.0,2020.0,11.0,4.0,0.4,1,False,False,False,False,False,False,True,False,False
2005-10-01,90.0,35.0,150.0,157.0,600.0,,,,2005.0,10.0,4.0,0.23333333333333334,1,True,False,False,False,False,False,True,False,False
2008-07-29,65.0,75.0,240.0,505.0,600.0,,192.0,,2008.0,7.0,3.0,0.3125,1,False,False,True,False,False,False,True,False,False
2013-11-07,28.0,250.0,561.0,7080.0,875.0,,5345.0,222.7,2013.0,11.0,4.0,0.44563279857397503,1,False,False,True,False,False,False,True,False,False
2007-01-29,80.0,57.0,230.0,330.0,500.0,,,,2007.0,1.0,1.0,0.24782608695652175,1,True,False,False,False,False,False,True,False,False
2018-03-27,12.0,250.0,815.0,21100.0,1297.0,31330.0,15670.0,7834.0,2018.0,3.0,1.0,0.3067484662576687,1,False,False,True,False,False,False,True,False,False
2015-05-05,28.0,75.0,366.0,5000.0,723.0,2961.0,2961.0,185.1,2015.0,5.0,2.0,0.20491803278688525,1,False,False,False,False,False,False,True,False,False
2014-07-22,28.0,15.0,87.0,1020.0,719.0,,291.1,12.13,2014.0,7.0,3.0,0.1724137931034483,1,False,False,True,False,False,False,True,False,False
2018-07-16,14.0,15.0,210.0,4940.0,300.0,768.8,384.4,24.02,2018.0,7.0,3.0,0.07142857142857142,1,False,False,False,False,False,False,False,False,False
2013-02-19,28.0,250.0,561.0,7080.0,836.0,,4709.0,1570.0,2013.0,2.0,1.0,0.44563279857397503,1,False,False,True,False,False,False,True,False,False
2009-01-01,65.0,,85.0,180.0,350.0,,28.0,,2009.0,1.0,1.0,,1,True,False,False,False,False,False,False,False,True
2007-02-10,80.0,57.0,230.0,330.0,500.0,,,,2007.0,2.0,1.0,0.24782608695652175,1,True,False,False,False,False,False,True,False,False
2008-08-15,65.0,20.0,86.0,210.0,550.0,,22.4,,2008.0,8.0,3.0,0.23255813953488372,1,False,False,True,False,False,False,True,False,False
2004-12-01,130.0,49.0,297.0,160.0,400.0,,,,2004.0,12.0,4.0,0.16498316498316498,1,True,False,False,False,False,False,True,False,False
2006-04-20,90.0,96.0,196.0,278.0,650.0,,,,2006.0,4.0,2.0,0.4897959183673469,1,False,False,True,False,False,False,True,False,False
2013-02-18,28.0,225.0,561.0,7080.0,575.0,,2870.0,956.8,2013.0,2.0,1.0,0.40106951871657753,1,False,False,True,False,False,False,True,False,False
2020-03-09,14.0,175.0,232.0,5700.0,1257.0,6359.0,6359.0,397.4,2020.0,3.0,1.0,0.7543103448275862,1,False,False,False,False,False,False,False,False,False
2013-11-23,28.0,25.0,110.0,1178.0,600.0,,153.6,9.6,2013.0,11.0,4.0,0.22727272727272727,1,False,False,False,False,False,False,True,False,False
2015-05-05,28.0,250.0,366.0,5000.0,834.0,,2989.0,373.6,2015.0,5.0,2.0,0.6830601092896175,1,False,False,False,False,False,False,True,False,False
2015-05-05,28.0,,123.0,1500.0,900.0,,1184.0,74.0,2015.0,5.0,2.0,,1,False,False,False,False,False,False,True,False,False
2008-06-03,65.0,20.0,162.0,282.0,575.0,,48.0,,2008.0,6.0,2.0,0.12345679012345678,1,False,False,True,False,False,False,False,False,True
2013-11-08,28.0,50.0,118.0,1270.0,1085.0,,833.3,34.72,2013.0,11.0,4.0,0.423728813559322,1,False,False,True,False,False,False,True,False,False
2019-01-01,14.0,10.0,210.0,4940.0,300.0,768.8,384.4,24.02,2019.0,1.0,1.0,0.047619047619047616,1,False,False,False,False,False,False,False,False,False
,12.0,50.0,200.0,4700.0,1065.0,5000.0,2500.0,78.12,,,,0.25,1,False,False,True,False,False,False,True,False,False
2011-12-07,32.0,35.0,227.0,1178.0,444.0,,355.2,,2011.0,12.0,4.0,0.15418502202643172,1,False,False,False,False,False,False,True,False,False
2011-05-14,40.0,105.0,238.0,1170.0,871.0,,501.4,41.78,2011.0,5.0,2.0,0.4411764705882353,1,False,False,True,False,False,False,True,False,False
2016-08-30,14.0,5.0,,,300.0,345.6,172.8,43.2,2016.0,8.0,3.0,,1,False,True,False,False,True,False,False,False,False
2007-01-24,110.0,,156.0,120.0,400.0,,,,2007.0,1.0,1.0,,1,True,False,False,False,False,False,True,False,False
2018-12-18,12.0,280.0,754.0,18600.0,1350.0,32619.999999999996,16309.999999999998,509.8,2018.0,12.0,4.0,0.3713527851458886,1,False,False,True,False,False,False,True,False,False
2006-01-01,150.0,15.0,98.0,36.0,240.0,,,,2006.0,1.0,1.0,0.15306122448979592,1,True,False,False,False,False,False,False,True,False
,250.0,15.0,112.0,14.0,166.0,,,,,,,0.13392857142857142,1,False,False,False,True,False,False,True,False,False
2005-09-29,110.0,,154.0,146.0,225.0,,,,2005.0,9.0,3.0,,1,False,False,True,False,False,False,True,False,False
2008-08-21,65.0,75.0,240.0,505.0,600.0,,192.0,,2008.0,8.0,3.0,0.3125,1,False,False,True,False,False,False,True,False,False
2016-03-01,28.0,17.0,,,952.0,,783.4,24.48,2016.0,3.0,1.0,,1,False,False,True,False,False,False,True,False,False
2006-02-01,90.0,,150.0,157.0,425.0,,,,2006.0,2.0,1.0,,1,True,False,False,False,False,False,True,False,False
2009-09-04,40.0,31.0,100.0,486.0,475.0,,35.2,,2009.0,9.0,3.0,0.31,1,False,False,True,False,False,False,True,False,False
2007-06-28,65.0,73.0,153.0,390.0,600.0,,144.0,,2007.0,6.0,2.0,0.477124183006536,1,True,False,False,False,False,False,True,False,False
2018-01-05,14.0,18.0,74.0,1800.0,1455.0,12.14,777.2,24.29,2018.0,1.0,1.0,0.24324324324324326,1,False,False,True,False,False,True,False,False,False
2010-06-23,40.0,225.0,334.0,2154.0,825.0,,2640.0,528.0,2010.0,6.0,2.0,0.6736526946107785,1,False,False,False,False,False,False,True,False,False
2010-09-03,40.0,25.0,100.0,486.0,475.0,,105.6,,2010.0,9.0,3.0,0.25,1,False,False,True,False,False,False,True,False,False
2013-11-19,28.0,250.0,294.0,3540.0,1006.0,,2470.0,102.9,2013.0,11.0,4.0,0.8503401360544217,1,False,False,True,False,False,False,True,False,False
2019-04-23,12.0,75.0,200.0,4700.0,1485.0,5967.0,2984.0,93.24,2019.0,4.0,2.0,0.375,1,False,False,True,False,False,False,True,False,False
2020-10-28,7.0,300.0,520.0,26800.0,1825.0,46080.0,23040.0,1440.0,2020.0,10.0,4.0,0.5769230769230769,1,False,False,False,False,False,False,True,False,False
2002-10-01,150.0,,65.0,29.0,200.0,,,,2002.0,10.0,4.0,,1,False,False,True,False,False,False,False,False,True
2021-02-25,12.0,185.0,445.0,10800.0,1470.0,15210.0,7603.0,237.6,2021.0,2.0,1.0,0.4157303370786517,1,False,False,True,False,False,False,True,False,False
2011-01-13,40.0,55.0,238.0,1170.0,550.0,,422.4,35.2,2011.0,1.0,1.0,0.23109243697478993,1,False,False,True,False,False,False,True,False,False
2012-10-01,22.0,45.0,94.0,392.0,350.0,,96.0,24.0,2012.0,10.0,4.0,0.4787234042553192,1,False,True,False,False,True,False,False,False,False
2015-01-28,28.0,100.0,107.0,930.0,497.0,,127.2,7.952,2015.0,1.0,1.0,0.9345794392523364,1,False,False,False,False,False,False,False,False,False
2004-10-11,90.0,,,,475.0,,,,2004.0,10.0,4.0,,1,False,False,True,False,False,False,False,False,True
2006-08-21,90.0,35.0,196.0,278.0,450.0,,,,2006.0,8.0,3.0,0.17857142857142858,1,False,False,True,False,False,False,True,False,False
2007-01-01,90.0,,150.0,157.0,450.0,,,,2007.0,1.0,1.0,,1,True,False,False,False,False,False,True,False,False
2014-03-12,28.0,122.0,294.0,3540.0,954.0,,3050.0,127.1,2014.0,3.0,1.0,0.41496598639455784,1,False,False,True,False,False,False,True,False,False
2010-05-05,55.0,15.0,73.0,242.0,720.0,,115.2,,2010.0,5.0,2.0,0.2054794520547945,1,True,False,False,False,False,False,True,False,False
2017-01-03,14.0,75.0,132.0,3300.0,1493.0,38.88,2488.0,77.76,2017.0,1.0,1.0,0.5681818181818182,1,False,False,True,False,False,True,False,False,False
2018-11-18,7.0,300.0,331.0,13230.0,1200.0,29490.0,14750.0,7373.0,2018.0,11.0,4.0,0.9063444108761329,1,False,False,False,False,False,False,True,False,False
2002-09-25,150.0,,65.0,29.0,275.0,,,,2002.0,9.0,3.0,,1,False,False,True,False,False,False,True,False,False
2006-01-01,90.0,165.0,352.0,384.0,594.0,,,,2006.0,1.0,1.0,0.46875,1,False,False,False,False,False,False,True,False,False
2012-11-12,28.0,375.0,352.0,4313.0,825.0,,3405.0,851.2,2012.0,11.0,4.0,1.0653409090909092,1,False,False,False,False,False,False,True,False,False
2011-07-25,40.0,225.0,520.0,3000.0,651.0,,1332.0,666.1,2011.0,7.0,3.0,0.4326923076923077,1,False,False,True,False,False,False,True,False,False
2017-08-14,14.0,210.0,495.0,12500.0,1156.0,21090.0,10540.0,659.0,2017.0,8.0,3.0,0.42424242424242425,1,False,False,False,False,False,False,False,False,False
2011-04-13,40.0,29.0,79.0,292.0,810.0,,155.5,12.96,2011.0,4.0,2.0,0.3670886075949367,1,False,False,True,False,False,False,True,False,False
2012-06-01,28.0,25.0,116.0,585.0,625.0,,240.0,20.0,2012.0,6.0,2.0,0.21551724137931033,1,False,False,True,False,False,False,True,False,False
2012-06-01,40.0,35.0,116.0,585.0,660.0,,253.4,21.12,2012.0,6.0,2.0,0.3017241379310345,1,False,False,True,False,False,False,True,False,False
2004-08-09,110.0,25.0,154.0,146.0,300.0,,,,2004.0,8.0,3.0,0.16233766233766234,1,False,False,True,False,False,False,True,False,False
2005-10-05,80.0,,100.0,107.0,450.0,,,,2005.0,10.0,4.0,,1,True,False,False,False,False,False,False,True,False
2013-07-23,40.0,35.0,67.0,370.0,875.0,,280.0,,2013.0,7.0,3.0,0.5223880597014925,1,False,False,False,False,False,False,True,False,False
2019-10-29,12.0,125.0,284.0,6600.0,1530.0,10050.0,5027.0,157.1,2019.0,10.0,4.0,0.44014084507042256,1,False,False,True,False,False,False,True,False,False
2007-06-28,65.0,25.0,85.0,180.0,600.0,,48.0,,2007.0,6.0,2.0,0.29411764705882354,1,True,False,False,False,False,False,True,False,False
2005-10-01,90.0,113.0,288.0,321.0,600.0,,,,2005.0,10.0,4.0,0.3923611111111111,1,True,False,False,False,False,False,True,False,False
2014-01-07,28.0,,56.0,690.0,780.0,,547.2,34.2,2014.0,1.0,1.0,,1,False,False,False,False,False,False,True,False,False
2021-01-01,14.0,15.0,,,300.0,998.4,499.2,124.8,2021.0,1.0,1.0,,1,False,True,False,False,True,False,False,False,False
2001-08-14,180.0,,115.0,30.0,183.0,,,,2001.0,8.0,3.0,,1,True,False,False,False,False,False,True,False,False
2012-01-07,40.0,20.0,104.0,716.0,450.0,,432.0,,2012.0,1.0,1.0,0.19230769230769232,1,False,False,False,False,False,False,True,False,False
2001-12-01,150.0,27.0,68.0,60.0,230.0,,,,2001.0,12.0,4.0,0.39705882352941174,1,True,False,False,False,False,False,True,False,False
2003-09-15,130.0,,,90.0,350.0,,,,2003.0,9.0,3.0,,1,False,False,False,True,False,False,False,True,False
2021-04-12,8.0,150.0,628.0,28300.0,1320.0,31520.0,31520.0,985.0,2021.0,4.0,2.0,0.23885350318471338,1,False,False,True,False,False,True,False,False,False
2008-09-30,55.0,20.0,73.0,242.0,600.0,,96.0,,2008.0,9.0,3.0,0.273972602739726,1,True,False,False,False,False,False,True,False,False
2020-09-02,10.0,15.0,146.0,,300.0,3379.0,1690.0,422.4,2020.0,9.0,3.0,0.10273972602739725,1,False,True,False,False,True,False,False,False,False
2016-10-25,14.0,75.0,132.0,3300.0,1354.0,29.1,1862.0,58.2,2016.0,10.0,4.0,0.5681818181818182,1,False,False,True,False,False,True,False,False,False
2011-05-14,40.0,39.0,104.0,627.0,650.0,,520.0,,2011.0,5.0,2.0,0.375,1,False,False,False,False,False,False,True,False,False
2008-07-25,55.0,7.0,67.0,181.0,400.0,,32.0,,2008.0,7.0,3.0,0.1044776119402985,1,True,False,False,False,False,False,True,False,False
2004-12-17,0.0,,,,250.0,,,,2004.0,12.0,4.0,,1,False,False,False,True,False,False,False,True,False
,14.0,175.0,495.0,12500.0,1247.0,,12660.0,791.6,,,,0.35353535353535354,1,False,False,False,False,False,False,False,False,False
2015-05-05,28.0,75.0,366.0,5000.0,723.0,2961.0,2961.0,185.1,2015.0,5.0,2.0,0.20491803278688525,1,False,False,False,False,False,False,True,False,False
2010-04-01,40.0,23.0,100.0,486.0,450.0,,91.2,,2010.0,4.0,2.0,0.23,1,False,False,True,False,False,False,False,False,True
2005-06-01,130.0,,289.0,160.0,480.0,,,,2005.0,6.0,2.0,,1,True,False,False,False,False,False,True,False,False
2017-03-17,20.0,15.0,118.0,2000.0,384.0,786.4,393.2,12.29,2017.0,3.0,1.0,0.1271186440677966,1,False,False,True,False,False,False,True,False,False
2020-06-15,7.0,50.0,,,1000.0,10600.0,5299.0,331.2,2020.0,6.0,2.0,,1,False,False,False,False,False,False,True,False,False
2018-11-07,14.0,15.0,,,300.0,691.2,345.6,86.4,2018.0,11.0,4.0,,1,False,True,False,False,True,False,False,False,False
2009-04-27,55.0,75.0,260.0,754.0,500.0,,240.0,,2009.0,4.0,2.0,0.28846153846153844,1,False,False,True,False,False,False,True,False,False
2017-03-24,16.0,90.0,314.0,7200.0,1012.0,96.38,6169.0,192.8,2017.0,3.0,1.0,0.28662420382165604,1,False,False,True,False,False,False,True,False,False
2013-04-01,28.0,,123.0,1500.0,575.0,,800.0,50.0,2013.0,4.0,2.0,,1,False,False,False,False,False,False,True,False,False
,40.0,15.0,79.0,292.0,738.0,,141.7,11.81,,,,0.189873417721519,1,False,False,True,False,False,False,True,False,False
2017-03-10,16.0,250.0,471.0,11800.0,1481.0,177.2,11340.0,354.4,2017.0,3.0,1.0,0.5307855626326964,1,False,False,True,False,False,False,True,False,False
2010-02-02,65.0,75.0,324.0,754.0,500.0,,240.0,,2010.0,2.0,1.0,0.23148148148148148,1,False,False,True,False,False,False,True,False,False
2015-04-23,28.0,,77.0,950.0,825.0,,691.2,43.2,2015.0,4.0,2.0,,1,False,False,False,False,False,False,True,False,False
2016-08-02,16.0,95.0,240.0,5000.0,914.0,,1404.0,,2016.0,8.0,3.0,0.3958333333333333,1,False,False,False,False,False,False,True,False,False
2018-04-11,14.0,100.0,232.0,5700.0,1000.0,4963.0,4963.0,310.2,2018.0,4.0,2.0,0.43103448275862066,1,False,False,False,False,False,False,False,False,False
2014-07-02,28.0,225.0,294.0,3540.0,745.0,,2289.0,95.36,2014.0,7.0,3.0,0.7653061224489796,1,False,False,True,False,False,False,True,False,False
2014-01-10,28.0,,77.0,950.0,650.0,,448.0,28.0,2014.0,1.0,1.0,,1,False,False,False,False,False,False,True,False,False
2008-06-03,65.0,12.0,144.0,314.0,400.0,,25.6,,2008.0,6.0,2.0,0.08333333333333333,1,False,True,False,False,False,False,False,False,True
2004-03-01,130.0,63.0,289.0,160.0,520.0,,,,2004.0,3.0,1.0,0.2179930795847751,1,True,False,False,False,False,False,True,False,False
2010-10-11,40.0,49.0,116.0,585.0,700.0,,268.8,22.4,2010.0,10.0,4.0,0.4224137931034483,1,False,False,True,False,False,False,True,False,False
2014-01-09,28.0,,77.0,950.0,725.0,,633.6,,2014.0,1.0,1.0,,1,False,False,False,False,False,False,True,False,False
2018-05-10,14.0,15.0,210.0,4940.0,300.0,1966.0,983.0,61.44,2018.0,5.0,2.0,0.07142857142857142,1,False,False,False,False,False,False,False,False,False
2006-08-01,90.0,,125.0,177.0,450.0,,,,2006.0,8.0,3.0,,1,False,False,True,False,False,False,True,False,False
2011-07-25,40.0,247.0,520.0,3000.0,574.0,,1028.0,513.9,2011.0,7.0,3.0,0.475,1,False,False,True,False,False,False,True,False,False
2018-04-11,14.0,65.0,123.0,3000.0,1275.0,2611.0,2611.0,163.2,2018.0,4.0,2.0,0.5284552845528455,1,False,False,False,False,False,False,False,False,False
2008-01-25,110.0,24.0,156.0,120.0,400.0,,,,2008.0,1.0,1.0,0.15384615384615385,1,True,False,False,False,False,False,True,False,False
2014-08-07,28.0,235.0,438.0,6200.0,900.0,,5069.0,2534.0,2014.0,8.0,3.0,0.5365296803652968,1,False,False,False,False,False,False,True,False,False
2020-06-22,7.0,250.0,826.0,54200.0,765.0,77970.0,19490.0,9746.0,2020.0,6.0,2.0,0.3026634382566586,1,False,False,True,False,False,False,True,False,False
2015-07-10,28.0,275.0,596.0,8900.0,1000.0,7168.0,7168.0,448.0,2015.0,7.0,3.0,0.46140939597315433,1,False,False,False,False,False,False,True,False,False
2018-02-21,16.0,75.0,314.0,7200.0,1139.0,78.62,5032.0,157.2,2018.0,2.0,1.0,0.23885350318471338,1,False,False,True,False,False,False,True,False,False
2012-11-23,40.0,20.0,104.0,627.0,550.0,,440.0,,2012.0,11.0,4.0,0.19230769230769232,1,True,False,False,False,False,False,True,False,False
2002-01-02,150.0,,,80.0,250.0,,,,2002.0,1.0,1.0,,1,False,False,False,True,False,False,False,True,False
2017-04-18,14.0,75.0,123.0,3000.0,1175.0,2611.0,2611.0,163.2,2017.0,4.0,2.0,0.6097560975609756,1,False,False,False,False,False,False,False,False,False
2014-09-17,28.0,17.0,245.0,2410.0,533.0,,409.3,25.58,2014.0,9.0,3.0,0.06938775510204082,1,False,False,False,False,False,False,False,False,False
2012-10-01,28.0,100.0,294.0,3540.0,654.0,,1256.0,52.32,2012.0,10.0,4.0,0.3401360544217687,1,False,False,True,False,False,False,True,False,False
2004-10-11,90.0,,,,425.0,,,,2004.0,10.0,4.0,,1,False,False,True,False,False,False,False,False,True
2015-10-27,28.0,75.0,148.0,1870.0,928.0,,1306.0,40.8,2015.0,10.0,4.0,0.5067567567567568,1,False,False,True,False,False,False,True,False,False
2007-05-14,80.0,159.0,420.0,720.0,688.0,,440.3,,2007.0,5.0,2.0,0.37857142857142856,1,True,False,False,False,False,False,True,False,False
2008-09-10,55.0,118.0,146.0,514.0,750.0,,480.0,,2008.0,9.0,3.0,0.8082191780821918,1,True,False,False,False,False,False,True,False,False
2019-01-09,14.0,65.0,123.0,3000.0,1223.0,2192.0,2192.0,137.0,2019.0,1.0,1.0,0.5284552845528455,1,False,False,False,False,False,False,False,False,False
2005-09-15,130.0,,297.0,160.0,400.0,,,,2005.0,9.0,3.0,,1,True,False,False,False,False,False,True,False,False
2010-09-03,40.0,50.0,116.0,585.0,700.0,,134.4,11.2,2010.0,9.0,3.0,0.43103448275862066,1,False,False,True,False,False,False,True,False,False
2017-10-26,14.0,65.0,210.0,4940.0,300.0,2255.0,1127.0,70.46,2017.0,10.0,4.0,0.30952380952380953,1,False,False,False,False,False,False,False,False,False
2013-07-29,32.0,65.0,246.0,1303.0,800.0,,307.2,,2013.0,7.0,3.0,0.26422764227642276,1,False,False,False,False,False,False,True,False,False
2002-02-06,150.0,,65.0,29.0,275.0,,,,2002.0,2.0,1.0,,1,False,False,True,False,False,False,True,False,False
2003-05-01,150.0,,92.0,76.0,222.0,,,,2003.0,5.0,2.0,,1,True,False,False,False,False,False,False,False,True
2013-11-22,28.0,245.0,561.0,7080.0,745.0,,5046.0,1682.0,2013.0,11.0,4.0,0.43672014260249553,1,False,False,True,False,False,False,True,False,False
2020-03-04,12.0,115.0,445.0,10800.0,1260.0,13410.0,6705.0,209.5,2020.0,3.0,1.0,0.25842696629213485,1,False,False,True,False,False,False,True,False,False
2013-09-03,22.0,20.0,,,200.0,,304.0,76.0,2013.0,9.0,3.0,,1,False,True,False,False,True,False,False,False,False
2018-02-01,14.0,40.0,132.0,3300.0,1266.0,21.66,1386.0,43.33,2018.0,2.0,1.0,0.30303030303030304,1,False,False,True,False,False,True,False,False,False
2018-04-11,14.0,65.0,123.0,3000.0,1275.0,2611.0,2611.0,163.2,2018.0,4.0,2.0,0.5284552845528455,1,False,False,False,False,False,False,False,False,False
2000-12-05,150.0,,88.0,25.0,200.0,,,,2000.0,12.0,4.0,,1,False,False,True,False,False,False,True,False,False
2010-11-26,40.0,7.0,59.0,292.0,500.0,,80.0,,2010.0,11.0,4.0,0.11864406779661017,1,False,False,False,False,False,False,True,False,False
2019-07-07,7.0,180.0,251.0,10300.0,1465.0,15900.0,7949.0,496.8,2019.0,7.0,3.0,0.7171314741035857,1,False,False,False,False,False,False,True,False,False
2015-08-30,28.0,225.0,398.0,5200.0,557.0,,4825.0,150.8,2015.0,8.0,3.0,0.5653266331658291,1,False,False,True,False,False,False,True,False,False
2009-01-09,55.0,,73.0,242.0,450.0,,72.0,,2009.0,1.0,1.0,,1,True,False,False,False,False,False,True,False,False
2010-11-26,40.0,7.0,59.0,292.0,500.0,,80.0,,2010.0,11.0,4.0,0.11864406779661017,1,False,False,False,False,False,False,True,False,False
2006-09-02,90.0,40.0,125.0,177.0,560.0,,,,2006.0,9.0,3.0,0.32,1,False,False,True,False,False,False,True,False,False
2012-07-12,28.0,45.0,118.0,1270.0,900.0,,691.2,28.8,2012.0,7.0,3.0,0.3813559322033898,1,False,False,True,False,False,False,True,False,False
2003-10-01,130.0,,76.0,60.0,398.0,,,,2003.0,10.0,4.0,,1,True,False,False,False,False,False,True,False,False
2003-03-01,150.0,,124.0,45.0,200.0,,,,2003.0,3.0,1.0,,1,False,False,True,False,False,False,True,False,False
2013-08-13,28.0,15.0,110.0,1178.0,497.0,,127.2,7.952,2013.0,8.0,3.0,0.13636363636363635,1,False,False,False,False,False,False,True,False,False
2008-01-31,65.0,105.0,324.0,754.0,550.0,,264.0,,2008.0,1.0,1.0,0.32407407407407407,1,False,False,True,False,False,False,True,False,False
2005-04-04,110.0,,110.0,75.0,350.0,,,,2005.0,4.0,2.0,,1,False,False,True,False,False,False,True,False,False
2015-05-05,28.0,,56.0,690.0,900.0,,737.3,46.08,2015.0,5.0,2.0,,1,False,False,False,False,False,False,True,False,False
2007-11-06,80.0,150.0,420.0,720.0,601.0,,288.5,,2007.0,11.0,4.0,0.35714285714285715,1,True,False,False,False,False,False,True,False,False
2011-05-30,40.0,75.0,238.0,1170.0,775.0,,595.2,49.6,2011.0,5.0,2.0,0.31512605042016806,1,False,False,True,False,False,False,True,False,False
2019-03-18,14.0,150.0,232.0,5700.0,1000.0,3960.0,3960.0,247.5,2019.0,3.0,1.0,0.646551724137931,1,False,False,False,False,False,False,False,False,False
2009-12-01,65.0,75.0,324.0,754.0,600.0,,288.0,,2009.0,12.0,4.0,0.23148148148148148,1,False,False,True,False,False,False,True,False,False
2013-05-30,28.0,75.0,221.0,2540.0,706.0,,1530.0,63.76,2013.0,5.0,2.0,0.3393665158371041,1,False,False,True,False,False,False,True,False,False
2004-09-01,130.0,25.0,92.0,75.0,500.0,,,,2004.0,9.0,3.0,0.2717391304347826,1,True,False,False,False,False,False,True,False,False
2017-06-29,14.0,230.0,495.0,12500.0,852.0,16379.999999999998,8192.0,512.0,2017.0,6.0,2.0,0.46464646464646464,1,False,False,False,False,False,False,False,False,False
2005-07-01,110.0,,74.0,107.0,400.0,,,,2005.0,7.0,3.0,,1,True,False,False,False,False,False,True,False,False
2004-05-01,130.0,48.0,281.0,160.0,475.0,,,,2004.0,5.0,2.0,0.1708185053380783,1,True,False,False,False,False,False,True,False,False
2006-09-18,80.0,,100.0,107.0,550.0,,,,2006.0,9.0,3.0,,1,True,False,False,False,False,False,False,True,False
2003-07-22,130.0,,207.0,135.0,400.0,,,,2003.0,7.0,3.0,,1,False,False,True,False,False,False,True,False,False
2008-10-01,65.0,50.0,144.0,314.0,625.0,,99.2,,2008.0,10.0,4.0,0.3472222222222222,1,False,False,True,False,False,False,False,True,False
2010-02-09,40.0,39.0,104.0,627.0,550.0,,352.0,,2010.0,2.0,1.0,0.375,1,True,False,False,False,False,False,True,False,False
2010-05-01,55.0,9.0,67.0,181.0,380.0,,30.4,,2010.0,5.0,2.0,0.13432835820895522,1,True,False,False,False,False,False,False,False,True
2019-04-23,12.0,,284.0,6600.0,1140.0,8202.0,4101.0,128.2,2019.0,4.0,2.0,,1,False,False,True,False,False,False,True,False,False
2013-07-23,40.0,60.0,118.0,716.0,650.0,,624.0,,2013.0,7.0,3.0,0.5084745762711864,1,False,False,False,False,False,False,True,False,False
2004-08-09,130.0,55.0,207.0,135.0,350.0,,,,2004.0,8.0,3.0,0.26570048309178745,1,False,False,True,False,False,False,True,False,False
2009-08-01,55.0,,67.0,181.0,500.0,,40.0,,2009.0,8.0,3.0,,1,True,False,False,False,False,False,False,False,True
2005-02-24,130.0,89.0,225.0,222.0,450.0,,,,2005.0,2.0,1.0,0.39555555555555555,1,False,False,True,False,False,False,True,False,False
2012-04-02,40.0,29.0,79.0,292.0,810.0,,155.5,12.96,2012.0,4.0,2.0,0.3670886075949367,1,False,False,True,False,False,False,True,False,False
2010-02-02,40.0,75.0,144.0,727.0,550.0,,257.3,,2010.0,2.0,1.0,0.5208333333333334,1,False,False,True,False,False,False,True,False,False
2014-07-02,28.0,130.0,118.0,1270.0,850.0,,326.4,13.6,2014.0,7.0,3.0,1.1016949152542372,1,False,False,True,False,False,False,True,False,False
2015-01-01,28.0,,125.0,1550.0,900.0,,752.6,,2015.0,1.0,1.0,,1,False,False,False,False,False,False,True,False,False
2013-01-25,28.0,122.0,294.0,3540.0,706.0,,2169.0,90.37,2013.0,1.0,1.0,0.41496598639455784,1,False,False,True,False,False,False,True,False,False
2017-06-19,16.0,120.0,200.0,4400.0,1506.0,68.36,4375.0,136.7,2017.0,6.0,2.0,0.6,1,False,False,True,False,False,False,True,False,False
2008-04-04,55.0,140.0,192.0,666.0,669.0,,428.2,85.63,2008.0,4.0,2.0,0.7291666666666666,1,True,False,False,False,False,False,True,False,False
2008-01-07,55.0,,135.0,378.0,600.0,,144.0,,2008.0,1.0,1.0,,1,True,False,False,False,False,False,True,False,False
,55.0,75.0,192.0,666.0,600.0,,384.0,76.8,,,,0.390625,1,True,False,False,False,False,False,True,False,False
2012-06-06,32.0,100.0,246.0,1303.0,800.0,,733.4,,2012.0,6.0,2.0,0.4065040650406504,1,False,False,False,False,False,False,True,False,False
2009-01-09,55.0,35.0,146.0,514.0,675.0,,432.0,,2009.0,1.0,1.0,0.23972602739726026,1,True,False,False,False,False,False,True,False,False
2011-02-01,40.0,64.0,104.0,627.0,775.0,,620.0,,2011.0,2.0,1.0,0.6153846153846154,1,True,False,False,False,False,False,True,False,False
2008-04-01,55.0,75.0,192.0,666.0,668.0,,427.5,85.5,2008.0,4.0,2.0,0.390625,1,True,False,False,False,False,False,True,False,False
2012-01-07,40.0,9.0,67.0,370.0,800.0,,256.0,,2012.0,1.0,1.0,0.13432835820895522,1,False,False,False,False,False,False,True,False,False
2003-03-17,130.0,,207.0,135.0,350.0,,,,2003.0,3.0,1.0,,1,False,False,True,False,False,False,True,False,False
2004-08-12,110.0,,154.0,146.0,500.0,,,,2004.0,8.0,3.0,,1,False,False,True,False,False,False,True,False,False
2013-03-01,28.0,,77.0,950.0,775.0,,633.6,,2013.0,3.0,1.0,,1,False,False,False,False,False,False,True,False,False
2013-07-23,28.0,239.0,561.0,7080.0,902.0,,5196.0,1732.0,2013.0,7.0,3.0,0.42602495543672014,1,False,False,True,False,False,False,True,False,False
2012-01-07,40.0,18.0,104.0,716.0,600.0,,576.0,,2012.0,1.0,1.0,0.17307692307692307,1,False,False,False,False,False,False,True,False,False
2007-04-17,80.0,40.0,127.0,210.0,500.0,,38.4,,2007.0,4.0,2.0,0.31496062992125984,1,False,False,True,False,False,False,False,False,True
2006-11-06,90.0,75.0,352.0,384.0,575.0,,,,2006.0,11.0,4.0,0.21306818181818182,1,True,False,False,False,False,False,True,False,False
2009-10-12,40.0,58.0,144.0,727.0,506.0,,97.15,,2009.0,10.0,4.0,0.4027777777777778,1,False,False,True,False,False,False,True,False,False
2019-10-22,14.0,15.0,210.0,4940.0,300.0,3942.0,1971.0,123.2,2019.0,10.0,4.0,0.07142857142857142,1,False,False,False,False,False,False,False,False,False
2007-04-17,80.0,40.0,127.0,210.0,459.0,,14.69,,2007.0,4.0,2.0,0.31496062992125984,1,False,False,True,False,False,False,True,False,False
2018-03-27,12.0,250.0,815.0,21100.0,1290.0,31330.0,15670.0,7834.0,2018.0,3.0,1.0,0.3067484662576687,1,False,False,True,False,False,False,True,False,False
2008-11-01,65.0,60.0,240.0,505.0,530.0,,169.6,,2008.0,11.0,4.0,0.25,1,False,False,True,False,False,False,True,False,False
2018-04-03,14.0,15.0,,,300.0,1613.0,806.4,201.6,2018.0,4.0,2.0,,1,False,True,False,False,True,False,False,False,False
2011-01-04,40.0,35.0,104.0,716.0,725.0,,696.0,,2011.0,1.0,1.0,0.33653846153846156,1,False,False,False,False,False,False,True,False,False
2011-01-04,40.0,39.0,166.0,1040.0,575.0,,920.0,,2011.0,1.0,1.0,0.23493975903614459,1,False,False,False,False,False,False,True,False,False
2010-11-26,40.0,26.0,104.0,627.0,450.0,,360.0,,2010.0,11.0,4.0,0.25,1,False,False,False,False,False,False,True,False,False
2020-05-04,10.0,15.0,,,300.0,2150.0,1075.0,268.8,2020.0,5.0,2.0,,1,False,True,False,False,True,False,False,False,False
2009-09-09,40.0,100.0,137.0,826.0,730.0,,934.4,186.9,2009.0,9.0,3.0,0.7299270072992701,1,True,False,False,False,False,False,True,False,False
2010-09-03,40.0,32.0,100.0,486.0,625.0,,130.6,,2010.0,9.0,3.0,0.32,1,False,False,True,False,False,False,True,False,False
2017-11-17,28.0,30.0,,,1109.0,,913.2,28.54,2017.0,11.0,4.0,,1,False,False,True,False,False,False,True,False,False
2003-03-06,150.0,,124.0,45.0,250.0,,,,2003.0,3.0,1.0,,1,False,False,True,False,False,False,True,False,False
2010-10-11,40.0,49.0,116.0,585.0,700.0,,268.8,22.4,2010.0,10.0,4.0,0.4224137931034483,1,False,False,True,False,False,False,True,False,False
2010-07-12,40.0,160.0,332.0,1950.0,675.0,,907.2,75.6,2010.0,7.0,3.0,0.4819277108433735,1,False,False,True,False,False,False,True,False,False
2007-12-10,55.0,50.0,67.0,181.0,600.0,,48.0,,2007.0,12.0,4.0,0.746268656716418,1,True,False,False,False,False,False,True,False,False
2018-02-01,14.0,65.0,208.0,5000.0,931.0,2588.0,2588.0,161.8,2018.0,2.0,1.0,0.3125,1,False,False,False,False,False,False,False,False,False
2014-09-05,14.0,15.0,,,300.0,,326.4,81.6,2014.0,9.0,3.0,,1,False,True,False,False,True,False,False,False,False
2014-07-19,28.0,65.0,148.0,1870.0,667.0,,853.8,26.68,2014.0,7.0,3.0,0.4391891891891892,1,False,False,True,False,False,False,True,False,False
2012-06-06,32.0,35.0,246.0,1303.0,480.0,,167.7,,2012.0,6.0,2.0,0.14227642276422764,1,False,False,False,False,False,False,True,False,False
2010-02-09,40.0,39.0,104.0,627.0,650.0,,520.0,,2010.0,2.0,1.0,0.375,1,True,False,False,False,False,False,True,False,False
2011-04-07,40.0,18.0,67.0,370.0,625.0,,200.0,,2011.0,4.0,2.0,0.26865671641791045,1,False,False,False,False,False,False,True,False,False
2007-02-28,80.0,,73.0,120.0,400.0,,,,2007.0,2.0,1.0,,1,True,False,False,False,False,False,False,False,True
2013-06-25,28.0,50.0,118.0,1270.0,980.0,,752.6,31.36,2013.0,6.0,2.0,0.423728813559322,1,False,False,True,False,False,False,True,False,False
2016-04-05,16.0,300.0,610.0,15300.0,1328.0,21220.0,10610.0,5304.0,2016.0,4.0,2.0,0.4918032786885246,1,False,False,True,False,False,False,True,False,False
2021-01-01,7.0,230.0,335.0,17200.0,2321.0,26430.0,13210.0,825.9,2021.0,1.0,1.0,0.6865671641791045,1,False,False,False,False,False,False,True,False,False
2011-04-05,40.0,32.0,100.0,486.0,450.0,,108.0,,2011.0,4.0,2.0,0.32,1,False,False,True,False,False,False,True,False,False
2002-02-06,150.0,,65.0,29.0,200.0,,,,2002.0,2.0,1.0,,1,False,False,True,False,False,False,True,False,False
2014-09-05,14.0,15.0,,,300.0,,844.8,211.2,2014.0,9.0,3.0,,1,False,True,False,False,True,False,False,False,False
2017-06-27,14.0,250.0,495.0,12500.0,1250.0,22120.0,11060.0,691.2,2017.0,6.0,2.0,0.5050505050505051,1,False,False,False,False,False,False,False,False,False
2015-01-01,28.0,,123.0,1500.0,900.0,,1184.0,,2015.0,1.0,1.0,,1,False,False,False,False,False,False,True,False,False
2005-11-01,130.0,49.0,297.0,160.0,400.0,,,,2005.0,11.0,4.0,0.16498316498316498,1,True,False,False,False,False,False,True,False,False
2005-10-28,130.0,,289.0,160.0,500.0,,,,2005.0,10.0,4.0,,1,True,False,False,False,False,False,True,False,False
2017-04-18,28.0,50.0,125.0,1550.0,730.0,786.4,786.4,49.15,2017.0,4.0,2.0,0.4,1,False,False,False,False,False,False,True,False,False
2008-02-01,80.0,13.0,127.0,210.0,400.0,,25.6,,2008.0,2.0,1.0,0.10236220472440945,1,False,False,True,False,False,False,True,False,False
2013-03-22,28.0,85.0,160.0,2080.0,1000.0,,1792.0,112.0,2013.0,3.0,1.0,0.53125,1,False,False,False,False,False,False,True,False,False
2004-07-21,130.0,,287.0,222.0,300.0,,,,2004.0,7.0,3.0,,1,False,False,True,False,False,False,True,False,False
2017-01-05,14.0,65.0,123.0,3000.0,1090.0,2462.0,2462.0,153.9,2017.0,1.0,1.0,0.5284552845528455,1,False,False,False,False,False,False,False,False,False
2007-05-09,80.0,10.0,127.0,210.0,400.0,,25.6,,2007.0,5.0,2.0,0.07874015748031496,1,False,False,True,False,False,False,True,False,False
2008-06-16,65.0,182.0,576.0,1400.0,576.0,,476.9,59.62,2008.0,6.0,2.0,0.3159722222222222,1,False,False,True,False,False,False,True,False,False
2008-01-07,55.0,,67.0,181.0,680.0,,54.4,,2008.0,1.0,1.0,,1,True,False,False,False,False,False,True,False,False
2009-11-17,40.0,69.0,144.0,727.0,550.0,,257.3,,2009.0,11.0,4.0,0.4791666666666667,1,False,False,True,False,False,False,True,False,False
2012-04-02,40.0,29.0,79.0,292.0,810.0,,155.5,12.96,2012.0,4.0,2.0,0.3670886075949367,1,False,False,True,False,False,False,True,False,False
2010-01-07,55.0,15.0,73.0,242.0,720.0,,115.2,,2010.0,1.0,1.0,0.2054794520547945,1,True,False,False,False,False,False,True,False,False
2008-09-27,80.0,42.0,169.0,289.0,520.0,,66.56,,2008.0,9.0,3.0,0.2485207100591716,1,False,False,True,False,False,False,True,False,False
2001-12-01,180.0,,115.0,30.0,166.0,,,,2001.0,12.0,4.0,,1,True,False,False,False,False,False,True,False,False
2019-03-27,14.0,50.0,103.0,2200.0,1082.0,1247.0,1247.0,77.95,2019.0,3.0,1.0,0.4854368932038835,1,False,False,False,False,False,False,False,False,False
2012-06-01,28.0,100.0,294.0,3540.0,601.0,,1154.0,48.08,2012.0,6.0,2.0,0.3401360544217687,1,False,False,True,False,False,False,True,False,False
2011-07-25,40.0,225.0,529.0,3100.0,575.0,,1030.0,515.2,2011.0,7.0,3.0,0.42533081285444235,1,False,False,True,False,False,False,True,False,False
2015-02-05,28.0,,160.0,2080.0,1000.0,,1971.0,123.2,2015.0,2.0,1.0,,1,False,False,False,False,False,False,True,False,False
2004-02-17,150.0,,91.0,45.0,250.0,,,,2004.0,2.0,1.0,,1,False,False,True,False,False,False,True,False,False
2001-02-19,180.0,23.0,115.0,30.0,183.0,,,,2001.0,2.0,1.0,0.2,1,True,False,False,False,False,False,True,False,False
,16.0,250.0,471.0,11800.0,1557.0,167.0,10690.0,334.0,,,,0.5307855626326964,1,False,False,True,False,False,False,True,False,False
2021-01-12,8.0,170.0,276.0,13250.0,1320.0,12740.0,12740.0,199.0,2021.0,1.0,1.0,0.6159420289855072,1,False,False,True,False,False,True,False,False,False
2016-05-18,28.0,225.0,148.0,1870.0,1033.0,,1672.0,52.24,2016.0,5.0,2.0,1.5202702702702702,1,False,False,True,False,False,False,True,False,False
2006-02-01,90.0,,81.0,112.0,425.0,,,,2006.0,2.0,1.0,,1,False,False,True,False,False,False,False,False,True
2014-03-17,28.0,55.0,221.0,2540.0,628.0,,1009.0,42.05,2014.0,3.0,1.0,0.248868778280543,1,False,False,True,False,False,False,True,False,False
2019-01-29,12.0,115.0,445.0,10800.0,960.0,9216.0,4608.0,144.0,2019.0,1.0,1.0,0.25842696629213485,1,False,False,True,False,False,False,True,False,False
2013-02-25,28.0,75.0,212.0,2800.0,825.0,,1267.0,79.2,2013.0,2.0,1.0,0.35377358490566035,1,False,False,False,False,False,False,True,False,False
2019-10-07,14.0,15.0,,,300.0,1613.0,806.4,201.6,2019.0,10.0,4.0,,1,False,True,False,False,True,False,False,False,False
,,60.0,131.0,30.0,200.0,,,,,,,0.4580152671755725,1,False,False,False,True,False,False,True,False,False
2018-08-13,12.0,260.0,754.0,18600.0,1440.0,32619.999999999996,16309.999999999998,509.8,2018.0,8.0,3.0,0.3448275862068966,1,False,False,True,False,False,False,True,False,False
2019-07-09,12.0,215.0,545.0,13600.0,1605.0,18120.0,9062.0,283.2,2019.0,7.0,3.0,0.3944954128440367,1,False,False,True,False,False,False,True,False,False
2007-05-14,80.0,215.0,420.0,720.0,743.0,,475.5,,2007.0,5.0,2.0,0.5119047619047619,1,True,False,False,False,False,False,True,False,False
,10.0,75.0,77.0,,900.0,4608.0,2304.0,576.0,,,,0.974025974025974,1,False,True,False,False,True,False,False,False,False
2008-12-22,65.0,95.0,240.0,505.0,600.0,,192.0,,2008.0,12.0,4.0,0.3958333333333333,1,False,False,True,False,False,False,True,False,False
2004-12-01,110.0,30.0,240.0,160.0,400.0,,,,2004.0,12.0,4.0,0.125,1,True,False,False,False,False,False,True,False,False
2012-01-01,55.0,76.0,256.0,956.0,625.0,,1000.0,,2012.0,1.0,1.0,0.296875,1,True,False,False,False,False,False,True,False,False
2016-05-15,28.0,,56.0,690.0,780.0,,544.0,34.0,2016.0,5.0,2.0,,1,False,False,False,False,False,False,True,False,False
2012-06-01,28.0,35.0,118.0,1270.0,850.0,,326.4,13.6,2012.0,6.0,2.0,0.2966101694915254,1,False,False,True,False,False,False,True,False,False
2016-07-06,28.0,55.0,123.0,1500.0,800.0,,819.2,51.2,2016.0,7.0,3.0,0.44715447154471544,1,False,False,False,False,False,False,True,False,False
2000-04-26,150.0,,88.0,25.0,200.0,,,,2000.0,4.0,2.0,,1,False,False,True,False,False,False,True,False,False
2010-05-01,55.0,,67.0,181.0,500.0,,44.8,,2010.0,5.0,2.0,,1,True,False,False,False,False,False,False,False,True
2012-04-24,28.0,32.0,123.0,1500.0,675.0,,691.2,43.2,2012.0,4.0,2.0,0.2601626016260163,1,False,False,False,False,False,False,True,False,False
2007-05-02,90.0,800.0,484.0,681.0,600.0,,345.6,,2007.0,5.0,2.0,1.6528925619834711,1,False,False,True,False,False,False,True,False,False
2009-09-01,65.0,14.0,86.0,210.0,640.0,,25.6,,2009.0,9.0,3.0,0.16279069767441862,1,False,False,True,False,False,False,True,False,False
2011-01-07,40.0,9.0,75.0,450.0,276.0,,44.16,,2011.0,1.0,1.0,0.12,1,False,False,False,False,False,False,True,False,False
2008-07-29,65.0,50.0,144.0,314.0,600.0,,96.0,,2008.0,7.0,3.0,0.3472222222222222,1,False,False,True,False,False,False,False,True,False
2014-07-01,40.0,15.0,79.0,292.0,475.0,,91.2,7.6,2014.0,7.0,3.0,0.189873417721519,1,False,False,True,False,False,False,True,False,False
2008-06-03,65.0,20.0,162.0,282.0,450.0,,35.2,,2008.0,6.0,2.0,0.12345679012345678,1,False,False,True,False,False,False,False,False,True
2010-05-04,45.0,,62.0,140.0,400.0,,25.6,,2010.0,5.0,2.0,,1,False,True,False,False,True,False,False,False,False
2008-01-20,55.0,65.0,135.0,378.0,725.0,,174.0,,2008.0,1.0,1.0,0.48148148148148145,1,True,False,False,False,False,False,True,False,False
2005-10-01,130.0,49.0,297.0,160.0,400.0,,,,2005.0,10.0,4.0,0.16498316498316498,1,True,False,False,False,False,False,True,False,False
2018-04-11,14.0,60.0,123.0,3000.0,1019.0,1371.0,1371.0,85.68,2018.0,4.0,2.0,0.4878048780487805,1,False,False,False,False,False,False,False,False,False
2004-10-11,90.0,,,,425.0,,,,2004.0,10.0,4.0,,1,False,False,True,False,False,False,False,False,True
2016-06-29,14.0,150.0,232.0,5700.0,1120.0,5834.0,5834.0,364.6,2016.0,6.0,2.0,0.646551724137931,1,False,False,False,False,False,False,False,False,False
2006-10-30,80.0,,230.0,330.0,525.0,,,,2006.0,10.0,4.0,,1,True,False,False,False,False,False,True,False,False
2008-01-01,55.0,15.0,67.0,181.0,500.0,,40.0,,2008.0,1.0,1.0,0.22388059701492538,1,True,False,False,False,False,False,True,False,False
2004-06-28,130.0,101.0,287.0,222.0,350.0,,,,2004.0,6.0,2.0,0.3519163763066202,1,False,False,True,False,False,False,True,False,False
2002-02-06,150.0,,142.0,63.0,250.0,,,,2002.0,2.0,1.0,,1,False,False,True,False,False,False,True,False,False
2008-08-15,65.0,10.0,86.0,210.0,530.0,,20.8,,2008.0,8.0,3.0,0.11627906976744186,1,False,False,True,False,False,False,True,False,False
2001-12-01,180.0,,115.0,30.0,144.0,,,,2001.0,12.0,4.0,,1,True,False,False,False,False,False,True,False,False
2008-08-01,80.0,50.0,127.0,210.0,459.0,,29.38,,2008.0,8.0,3.0,0.3937007874015748,1,False,False,True,False,False,False,True,False,False
2008-01-01,55.0,15.0,67.0,181.0,500.0,,40.0,,2008.0,1.0,1.0,0.22388059701492538,1,True,False,False,False,False,False,True,False,False
2012-06-13,28.0,150.0,212.0,2800.0,950.0,,2432.0,152.0,2012.0,6.0,2.0,0.7075471698113207,1,False,False,False,False,False,False,True,False,False
2004-04-14,130.0,,287.0,222.0,350.0,,,,2004.0,4.0,2.0,,1,False,False,True,False,False,False,True,False,False
2004-10-11,110.0,,154.0,146.0,300.0,,,,2004.0,10.0,4.0,,1,False,False,True,False,False,False,True,False,False
2021-01-12,7.0,25.0,156.0,9800.0,300.0,3226.0,1613.0,100.8,2021.0,1.0,1.0,0.16025641025641027,1,False,False,False,False,False,False,True,False,False
2008-10-23,65.0,90.0,240.0,505.0,650.0,,156.0,,2008.0,10.0,4.0,0.375,1,False,False,True,False,False,False,True,False,False
2019-01-01,14.0,10.0,210.0,4940.0,300.0,922.4,461.2,28.82,2019.0,1.0,1.0,0.047619047619047616,1,False,False,False,False,False,False,False,False,False
2020-10-31,10.0,25.0,77.0,,300.0,5069.0,2534.0,633.6,2020.0,10.0,4.0,0.3246753246753247,1,False,True,False,False,True,False,False,False,False
2011-02-22,40.0,35.0,116.0,585.0,700.0,,268.8,22.4,2011.0,2.0,1.0,0.3017241379310345,1,False,False,True,False,False,False,True,False,False
2001-06-04,180.0,,65.0,20.0,175.0,,,,2001.0,6.0,2.0,,1,False,False,True,False,False,False,False,False,True
2020-04-02,12.0,50.0,200.0,4700.0,1350.0,6083.0,3041.0,95.04,2020.0,4.0,2.0,0.25,1,False,False,True,False,False,False,True,False,False
2003-10-01,150.0,60.0,218.0,117.0,412.0,,,,2003.0,10.0,4.0,0.27522935779816515,1,True,False,False,False,False,False,True,False,False
2005-04-29,130.0,,76.0,60.0,324.0,,,,2005.0,4.0,2.0,,1,True,False,False,False,False,False,True,False,False
2008-11-11,55.0,150.0,470.0,1400.0,602.0,,462.3,57.79,2008.0,11.0,4.0,0.3191489361702128,1,False,False,True,False,False,False,True,False,False
2003-09-15,130.0,,,90.0,325.0,,,,2003.0,9.0,3.0,,1,False,False,False,True,False,False,False,True,False
2014-01-18,28.0,274.0,352.0,4313.0,725.0,,2227.0,556.8,2014.0,1.0,1.0,0.7784090909090909,1,False,False,False,False,False,False,True,False,False
2011-01-21,40.0,108.0,166.0,1040.0,850.0,,1360.0,,2011.0,1.0,1.0,0.6506024096385542,1,False,False,False,False,False,False,True,False,False
2013-06-01,22.0,84.0,,,350.0,,384.0,96.0,2013.0,6.0,2.0,,1,False,True,False,False,True,False,False,False,False
2007-04-17,80.0,40.0,127.0,210.0,500.0,,38.4,,2007.0,4.0,2.0,0.31496062992125984,1,False,False,True,False,False,False,False,False,True
2012-11-12,28.0,225.0,561.0,7080.0,706.0,,3524.0,1175.0,2012.0,11.0,4.0,0.40106951871657753,1,False,False,True,False,False,False,True,False,False
2013-01-20,28.0,33.0,118.0,1270.0,725.0,,556.8,23.2,2013.0,1.0,1.0,0.2796610169491525,1,False,False,True,False,False,False,True,False,False
2006-06-01,90.0,13.0,,,667.0,,,,2006.0,6.0,2.0,,1,False,True,False,False,True,False,False,False,False
2006-05-01,90.0,49.0,196.0,278.0,450.0,,,,2006.0,5.0,2.0,0.25,1,False,False,True,False,False,False,True,False,False
2009-03-10,55.0,105.0,196.0,505.0,650.0,,208.0,,2009.0,3.0,1.0,0.5357142857142857,1,False,False,True,False,False,False,True,False,False
2015-05-05,28.0,,123.0,1500.0,775.0,,1024.0,64.0,2015.0,5.0,2.0,,1,False,False,False,False,False,False,True,False,False
2010-02-09,40.0,39.0,104.0,627.0,550.0,,352.0,,2010.0,2.0,1.0,0.375,1,True,False,False,False,False,False,True,False,False
2009-12-02,55.0,25.0,73.0,242.0,600.0,,96.0,,2009.0,12.0,4.0,0.3424657534246575,1,True,False,False,False,False,False,True,False,False
2004-06-01,130.0,,92.0,76.0,230.0,,,,2004.0,6.0,2.0,,1,True,False,False,False,False,False,True,False,False
2009-09-09,55.0,130.0,282.0,959.0,700.0,,896.0,179.2,2009.0,9.0,3.0,0.46099290780141844,1,True,False,False,False,False,False,True,False,False
2013-07-23,28.0,100.0,294.0,3540.0,706.0,,1627.0,67.78,2013.0,7.0,3.0,0.3401360544217687,1,False,False,True,False,False,False,True,False,False
2013-11-08,28.0,50.0,118.0,1270.0,926.0,,711.2,29.63,2013.0,11.0,4.0,0.423728813559322,1,False,False,True,False,False,False,True,False,False
2014-03-17,40.0,15.0,79.0,292.0,475.0,,91.2,7.6,2014.0,3.0,1.0,0.189873417721519,1,False,False,True,False,False,False,True,False,False
2004-03-14,150.0,60.0,218.0,117.0,412.0,,,,2004.0,3.0,1.0,0.27522935779816515,1,True,False,False,False,False,False,True,False,False
2009-03-03,65.0,75.0,324.0,754.0,585.0,,374.5,,2009.0,3.0,1.0,0.23148148148148148,1,False,False,True,False,False,False,True,False,False
2008-02-23,65.0,70.0,324.0,754.0,500.0,,160.0,,2008.0,2.0,1.0,0.21604938271604937,1,False,False,True,False,False,False,True,False,False
2018-08-13,12.0,260.0,754.0,18600.0,1395.0,32619.999999999996,16309.999999999998,509.8,2018.0,8.0,3.0,0.3448275862068966,1,False,False,True,False,False,False,True,False,False
2015-06-18,28.0,275.0,438.0,6200.0,1000.0,,5120.0,640.0,2015.0,6.0,2.0,0.6278538812785388,1,False,False,False,False,False,False,True,False,False
2008-06-03,55.0,20.0,121.0,314.0,430.0,,68.8,,2008.0,6.0,2.0,0.1652892561983471,1,False,False,True,False,False,False,True,False,False
2007-01-01,80.0,27.0,100.0,107.0,635.0,,,,2007.0,1.0,1.0,0.27,1,True,False,False,False,False,False,False,True,False
2007-06-28,65.0,50.0,153.0,390.0,800.0,,192.0,,2007.0,6.0,2.0,0.32679738562091504,1,True,False,False,False,False,False,True,False,False
2008-01-26,55.0,165.0,192.0,666.0,825.0,,528.0,105.6,2008.0,1.0,1.0,0.859375,1,True,False,False,False,False,False,True,False,False
2017-03-01,14.0,50.0,123.0,3000.0,1002.0,1348.0,1348.0,84.24,2017.0,3.0,1.0,0.4065040650406504,1,False,False,False,False,False,False,False,False,False
2012-10-01,28.0,32.0,118.0,1270.0,709.0,,544.5,22.69,2012.0,10.0,4.0,0.2711864406779661,1,False,False,True,False,False,False,True,False,False
2014-03-17,28.0,45.0,148.0,1870.0,902.0,,1198.0,37.44,2014.0,3.0,1.0,0.30405405405405406,1,False,False,True,False,False,False,True,False,False
2003-02-16,150.0,,101.0,36.0,275.0,,,,2003.0,2.0,1.0,,1,False,False,True,False,False,False,True,False,False
2017-07-02,14.0,50.0,103.0,2200.0,1100.0,1647.0,1647.0,103.0,2017.0,7.0,3.0,0.4854368932038835,1,False,False,False,False,False,False,False,False,False
2010-01-07,40.0,25.0,57.0,260.0,606.0,,46.98,,2010.0,1.0,1.0,0.43859649122807015,1,False,False,True,False,False,False,True,False,False
2005-07-28,110.0,109.0,333.0,302.0,430.0,,,,2005.0,7.0,3.0,0.32732732732732733,1,False,False,True,False,False,False,True,False,False
2012-04-24,28.0,40.0,123.0,1500.0,675.0,,864.0,54.0,2012.0,4.0,2.0,0.3252032520325203,1,False,False,False,False,False,False,True,False,False
2014-05-20,28.0,,125.0,1550.0,900.0,752.6,752.6,47.04,2014.0,5.0,2.0,,1,False,False,False,False,False,False,True,False,False
2008-03-04,65.0,,85.0,180.0,350.0,,28.0,,2008.0,3.0,1.0,,1,True,False,False,False,False,False,False,False,True
2009-01-09,55.0,,256.0,956.0,500.0,,800.0,160.0,2009.0,1.0,1.0,,1,True,False,False,False,False,False,True,False,False
2004-03-17,150.0,,91.0,45.0,270.0,,,,2004.0,3.0,1.0,,1,False,False,True,False,False,False,True,False,False
2013-05-23,32.0,65.0,246.0,1303.0,720.0,,432.1,,2013.0,5.0,2.0,0.26422764227642276,1,False,False,False,False,False,False,True,False,False
2004-09-01,110.0,33.0,156.0,120.0,425.0,,,,2004.0,9.0,3.0,0.21153846153846154,1,True,False,False,False,False,False,True,False,False
2001-01-01,150.0,,174.0,80.0,200.0,,,,2001.0,1.0,1.0,,1,False,False,False,True,False,False,False,True,False
2006-06-01,90.0,13.0,,,667.0,,,,2006.0,6.0,2.0,,1,False,True,False,False,True,False,False,False,False
2013-04-01,28.0,,123.0,1500.0,575.0,,800.0,50.0,2013.0,4.0,2.0,,1,False,False,False,False,False,False,True,False,False
2008-08-27,55.0,50.0,121.0,314.0,550.0,,44.8,,2008.0,8.0,3.0,0.4132231404958678,1,False,False,True,False,False,False,True,False,False
2005-01-21,110.0,,240.0,160.0,400.0,,,,2005.0,1.0,1.0,,1,True,False,False,False,False,False,True,False,False
2012-02-17,40.0,20.0,104.0,716.0,600.0,,576.0,,2012.0,2.0,1.0,0.19230769230769232,1,False,False,False,False,False,False,True,False,False
2007-11-19,90.0,150.0,484.0,681.0,500.0,,268.8,,2007.0,11.0,4.0,0.30991735537190085,1,False,False,True,False,False,False,True,False,False
2018-08-13,12.0,260.0,754.0,18600.0,1230.0,29860.0,14930.0,466.6,2018.0,8.0,3.0,0.3448275862068966,1,False,False,True,False,False,False,True,False,False
2009-04-09,55.0,188.0,470.0,1400.0,610.0,,622.1,77.76,2009.0,4.0,2.0,0.4,1,False,False,True,False,False,False,True,False,False
2011-06-12,40.0,142.0,529.0,3100.0,475.0,,486.4,243.2,2011.0,6.0,2.0,0.2684310018903592,1,False,False,True,False,False,False,True,False,False
2006-03-01,90.0,,288.0,321.0,500.0,,,,2006.0,3.0,1.0,,1,True,False,False,False,False,False,True,False,False
2019-07-07,14.0,15.0,210.0,4940.0,300.0,2560.0,1280.0,80.0,2019.0,7.0,3.0,0.07142857142857142,1,False,False,False,False,False,False,False,False,False
2020-12-14,14.0,15.0,210.0,4940.0,300.0,922.4,461.2,28.82,2020.0,12.0,4.0,0.07142857142857142,1,False,False,False,False,False,False,False,False,False
2018-09-20,12.0,215.0,545.0,13600.0,1515.0,20140.0,10070.0,314.6,2018.0,9.0,3.0,0.3944954128440367,1,False,False,True,False,False,False,True,False,False
2004-03-30,150.0,,174.0,80.0,250.0,,,,2004.0,3.0,1.0,,1,False,False,False,True,False,False,False,True,False
2015-06-24,28.0,275.0,596.0,8900.0,1050.0,8602.0,8602.0,537.6,2015.0,6.0,2.0,0.46140939597315433,1,False,False,False,False,False,False,True,False,False
2015-05-05,40.0,35.0,67.0,370.0,875.0,,280.0,,2015.0,5.0,2.0,0.5223880597014925,1,False,False,False,False,False,False,True,False,False
2004-10-11,90.0,,,,425.0,,,,2004.0,10.0,4.0,,1,False,False,True,False,False,False,False,False,True
2013-06-03,22.0,45.0,,,350.0,,352.0,88.0,2013.0,6.0,2.0,,1,False,True,False,False,True,False,False,False,False
2005-11-01,110.0,,74.0,107.0,350.0,,,,2005.0,11.0,4.0,,1,True,False,False,False,False,False,True,False,False
2005-04-04,110.0,,110.0,75.0,350.0,,,,2005.0,4.0,2.0,,1,False,False,True,False,False,False,True,False,False
2005-11-14,110.0,108.0,333.0,302.0,500.0,,,,2005.0,11.0,4.0,0.32432432432432434,1,False,False,True,False,False,False,True,False,False
2019-02-01,14.0,75.0,132.0,3300.0,1366.0,34.61,2215.0,69.22,2019.0,2.0,1.0,0.5681818181818182,1,False,False,True,False,False,True,False,False,False
2007-01-01,80.0,27.0,100.0,107.0,550.0,,,,2007.0,1.0,1.0,0.27,1,True,False,False,False,False,False,False,True,False
2005-10-01,90.0,,150.0,157.0,500.0,,,,2005.0,10.0,4.0,,1,True,False,False,False,False,False,True,False,False
2015-05-05,28.0,85.0,160.0,2080.0,1000.0,,1613.0,100.8,2015.0,5.0,2.0,0.53125,1,False,False,False,False,False,False,True,False,False
2019-07-02,14.0,65.0,103.0,2200.0,1082.0,1385.0,1385.0,86.56,2019.0,7.0,3.0,0.6310679611650486,1,False,False,False,False,False,False,False,False,False
2012-03-22,28.0,45.0,118.0,1270.0,835.0,,729.6,30.4,2012.0,3.0,1.0,0.3813559322033898,1,False,False,True,False,False,False,True,False,False
2014-07-02,28.0,225.0,294.0,3540.0,745.0,,2289.0,95.36,2014.0,7.0,3.0,0.7653061224489796,1,False,False,True,False,False,False,True,False,False
2013-06-28,28.0,225.0,294.0,3540.0,745.0,,2289.0,95.36,2013.0,6.0,2.0,0.7653061224489796,1,False,False,True,False,False,False,True,False,False
2019-04-23,12.0,30.0,200.0,4700.0,1020.0,5100.0,2550.0,79.68,2019.0,4.0,2.0,0.15,1,False,False,True,False,False,False,True,False,False
2016-06-10,16.0,150.0,314.0,7200.0,1506.0,101.0,6463.0,202.0,2016.0,6.0,2.0,0.47770700636942676,1,False,False,True,False,False,False,True,False,False
2015-03-13,28.0,33.0,,,928.0,,722.7,22.58,2015.0,3.0,1.0,,1,False,False,True,False,False,False,True,False,False
2018-09-06,14.0,15.0,210.0,4940.0,300.0,768.8,384.4,24.02,2018.0,9.0,3.0,0.07142857142857142,1,False,False,False,False,False,False,False,False,False
2010-01-07,40.0,50.0,166.0,1040.0,700.0,,1120.0,,2010.0,1.0,1.0,0.30120481927710846,1,True,False,False,False,False,False,True,False,False
2019-03-18,14.0,150.0,232.0,5700.0,1096.0,4489.0,4489.0,280.6,2019.0,3.0,1.0,0.646551724137931,1,False,False,False,False,False,False,False,False,False
2019-07-02,14.0,65.0,103.0,2200.0,1295.0,1658.0,1658.0,103.6,2019.0,7.0,3.0,0.6310679611650486,1,False,False,False,False,False,False,False,False,False
2020-11-10,7.0,100.0,197.0,8000.0,1565.0,8013.0,4006.0,250.4,2020.0,11.0,4.0,0.5076142131979695,1,False,False,False,False,False,False,True,False,False
2017-11-11,14.0,50.0,103.0,2200.0,1124.0,1248.0,1248.0,78.02,2017.0,11.0,4.0,0.4854368932038835,1,False,False,False,False,False,False,False,False,False
2013-05-23,32.0,35.0,246.0,1303.0,533.0,,276.5,,2013.0,5.0,2.0,0.14227642276422764,1,False,False,False,False,False,False,True,False,False
2020-02-10,7.0,125.0,158.0,6400.0,1744.0,10450.0,5224.0,326.5,2020.0,2.0,1.0,0.7911392405063291,1,False,False,False,False,False,False,True,False,False
2014-03-27,40.0,29.0,79.0,292.0,874.0,,167.8,13.98,2014.0,3.0,1.0,0.3670886075949367,1,False,False,True,False,False,False,True,False,False
2010-04-07,40.0,208.0,334.0,2154.0,825.0,,2640.0,528.0,2010.0,4.0,2.0,0.6227544910179641,1,True,False,False,False,False,False,True,False,False
2012-03-05,28.0,130.0,212.0,2800.0,860.0,,1761.0,110.1,2012.0,3.0,1.0,0.6132075471698113,1,False,False,False,False,False,False,True,False,False
2016-08-30,14.0,5.0,,,350.0,403.2,201.6,50.4,2016.0,8.0,3.0,,1,False,True,False,False,True,False,False,False,False
2012-01-31,28.0,85.0,352.0,4313.0,800.0,,1229.0,307.2,2012.0,1.0,1.0,0.24147727272727273,1,False,False,False,False,False,False,True,False,False
2002-10-05,180.0,,73.0,30.0,160.0,,,,2002.0,10.0,4.0,,1,True,False,False,False,False,False,False,False,True
2001-11-26,180.0,,,10.0,125.0,,,,2001.0,11.0,4.0,,1,False,False,False,True,False,False,False,True,False
2012-06-27,28.0,33.0,123.0,1500.0,675.0,,691.2,43.2,2012.0,6.0,2.0,0.2682926829268293,1,False,False,False,False,False,False,True,False,False
2000-10-13,250.0,15.0,112.0,14.0,166.0,,,,2000.0,10.0,4.0,0.13392857142857142,1,False,False,False,True,False,False,True,False,False
2015-05-05,28.0,,123.0,1500.0,925.0,,1299.0,81.2,2015.0,5.0,2.0,,1,False,False,False,False,False,False,True,False,False
2014-03-31,28.0,50.0,160.0,2080.0,930.0,,1428.0,89.28,2014.0,3.0,1.0,0.3125,1,False,False,False,False,False,False,True,False,False
2003-03-01,150.0,,215.0,117.0,331.0,,,,2003.0,3.0,1.0,,1,True,False,False,False,False,False,True,False,False
2016-05-18,28.0,225.0,148.0,1870.0,1033.0,,1672.0,52.24,2016.0,5.0,2.0,1.5202702702702702,1,False,False,True,False,False,False,True,False,False
2004-11-08,130.0,45.0,225.0,222.0,300.0,,,,2004.0,11.0,4.0,0.2,1,False,False,True,False,False,False,True,False,False
2001-08-14,150.0,,120.0,60.0,250.0,,,,2001.0,8.0,3.0,,1,True,False,False,False,False,False,True,False,False
2008-06-03,40.0,20.0,57.0,260.0,500.0,,34.24,,2008.0,6.0,2.0,0.3508771929824561,1,False,False,True,False,False,False,True,False,False
2019-01-06,14.0,15.0,210.0,4940.0,300.0,2458.0,1229.0,76.8,2019.0,1.0,1.0,0.07142857142857142,1,False,False,False,False,False,False,False,False,False
2013-10-08,28.0,55.0,123.0,1500.0,700.0,,716.8,44.8,2013.0,10.0,4.0,0.44715447154471544,1,False,False,False,False,False,False,True,False,False
2013-05-11,28.0,225.0,294.0,3540.0,745.0,,2289.0,95.36,2013.0,5.0,2.0,0.7653061224489796,1,False,False,True,False,False,False,True,False,False
2004-08-09,110.0,25.0,154.0,146.0,300.0,,,,2004.0,8.0,3.0,0.16233766233766234,1,False,False,True,False,False,False,True,False,False
2009-03-10,55.0,75.0,196.0,505.0,500.0,,120.0,,2009.0,3.0,1.0,0.3826530612244898,1,False,False,True,False,False,False,True,False,False
2004-03-14,180.0,23.0,80.0,30.0,183.0,,,,2004.0,3.0,1.0,0.2875,1,True,False,False,False,False,False,True,False,False
2015-05-05,28.0,,160.0,2080.0,1000.0,,1971.0,123.2,2015.0,5.0,2.0,,1,False,False,False,False,False,False,True,False,False
2011-11-29,40.0,210.0,520.0,3000.0,732.0,,1312.0,164.0,2011.0,11.0,4.0,0.40384615384615385,1,False,False,True,False,False,False,True,False,False
2014-06-11,28.0,,125.0,1550.0,900.0,752.6,752.6,47.04,2014.0,6.0,2.0,,1,False,False,False,False,False,False,True,False,False
2013-02-03,28.0,32.0,118.0,1270.0,745.0,,572.2,23.84,2013.0,2.0,1.0,0.2711864406779661,1,False,False,True,False,False,False,True,False,False
2011-03-24,40.0,35.0,238.0,1170.0,590.0,,339.8,28.32,2011.0,3.0,1.0,0.14705882352941177,1,False,False,True,False,False,False,True,False,False
2013-03-10,40.0,19.0,79.0,292.0,523.0,,100.4,8.368,2013.0,3.0,1.0,0.24050632911392406,1,False,False,True,False,False,False,True,False,False
2005-10-27,90.0,75.0,288.0,321.0,500.0,,,,2005.0,10.0,4.0,0.2604166666666667,1,True,False,False,False,False,False,True,False,False
2006-11-01,80.0,31.0,100.0,107.0,600.0,,,,2006.0,11.0,4.0,0.31,1,True,False,False,False,False,False,False,True,False
2004-12-01,130.0,91.0,289.0,160.0,493.0,,,,2004.0,12.0,4.0,0.314878892733564,1,True,False,False,False,False,False,True,False,False
2008-06-25,55.0,110.0,256.0,956.0,625.0,,1000.0,200.0,2008.0,6.0,2.0,0.4296875,1,True,False,False,False,False,False,True,False,False
2015-03-13,28.0,75.0,148.0,1870.0,1097.0,,1505.0,47.04,2015.0,3.0,1.0,0.5067567567567568,1,False,False,True,False,False,False,True,False,False
2014-01-10,28.0,,77.0,950.0,650.0,,537.6,33.6,2014.0,1.0,1.0,,1,False,False,False,False,False,False,True,False,False
2015-11-12,28.0,,77.0,950.0,825.0,,691.2,43.2,2015.0,11.0,4.0,,1,False,False,False,False,False,False,True,False,False
2009-03-27,55.0,76.0,146.0,514.0,800.0,,512.0,,2009.0,3.0,1.0,0.5205479452054794,1,True,False,False,False,False,False,True,False,False
2009-09-16,55.0,35.0,146.0,514.0,680.0,,435.2,,2009.0,9.0,3.0,0.23972602739726026,1,True,False,False,False,False,False,True,False,False
2003-06-23,150.0,,92.0,76.0,300.0,,,,2003.0,6.0,2.0,,1,True,False,False,False,False,False,False,False,True
2003-05-01,150.0,28.0,98.0,36.0,250.0,,,,2003.0,5.0,2.0,0.2857142857142857,1,True,False,False,False,False,False,False,True,False
2005-08-11,110.0,,333.0,302.0,400.0,,,,2005.0,8.0,3.0,,1,False,False,True,False,False,False,True,False,False
2010-03-01,40.0,26.0,104.0,627.0,650.0,,520.0,,2010.0,3.0,1.0,0.25,1,True,False,False,False,False,False,True,False,False
2005-10-01,90.0,70.0,288.0,321.0,500.0,,,,2005.0,10.0,4.0,0.24305555555555555,1,True,False,False,False,False,False,True,False,False
2015-05-05,28.0,,123.0,1500.0,900.0,,947.2,59.2,2015.0,5.0,2.0,,1,False,False,False,False,False,False,True,False,False
2006-07-01,90.0,27.0,196.0,278.0,500.0,,,,2006.0,7.0,3.0,0.1377551020408163,1,False,False,True,False,False,False,True,False,False
2011-04-19,40.0,66.0,118.0,716.0,800.0,,768.0,,2011.0,4.0,2.0,0.559322033898305,1,False,False,False,False,False,False,True,False,False
2017-06-27,16.0,115.0,314.0,7200.0,1215.0,88.26,5648.0,176.5,2017.0,6.0,2.0,0.3662420382165605,1,False,False,True,False,False,False,True,False,False
2009-03-04,55.0,150.0,260.0,754.0,702.0,,387.1,,2009.0,3.0,1.0,0.5769230769230769,1,False,False,True,False,False,False,True,False,False
2008-10-01,65.0,13.0,,,400.0,,64.0,,2008.0,10.0,4.0,,1,False,True,False,False,True,False,False,False,False
2013-03-31,28.0,110.0,221.0,2540.0,928.0,,1425.0,59.39,2013.0,3.0,1.0,0.497737556561086,1,False,False,True,False,False,False,True,False,False
2011-06-20,32.0,65.0,227.0,1178.0,444.0,,142.1,,2011.0,6.0,2.0,0.28634361233480177,1,False,False,False,False,False,False,True,False,False
2016-01-01,28.0,,125.0,1550.0,1000.0,,779.5,,2016.0,1.0,1.0,,1,False,False,False,False,False,False,True,False,False
2012-04-24,28.0,28.0,123.0,1500.0,575.0,,588.8,36.8,2012.0,4.0,2.0,0.22764227642276422,1,False,False,False,False,False,False,True,False,False
,250.0,30.0,112.0,14.0,166.0,,,,,,,0.26785714285714285,1,False,False,False,True,False,False,True,False,False
2011-04-07,40.0,25.0,67.0,370.0,600.0,,192.0,,2011.0,4.0,2.0,0.373134328358209,1,False,False,False,False,False,False,True,False,False
,28.0,35.0,118.0,1270.0,797.0,,306.0,12.75,,,,0.2966101694915254,1,False,False,True,False,False,False,True,False,False
2004-03-01,150.0,,98.0,36.0,240.0,,,,2004.0,3.0,1.0,,1,True,False,False,False,False,False,False,True,False
2010-11-26,40.0,26.0,104.0,627.0,600.0,,480.0,,2010.0,11.0,4.0,0.25,1,False,False,False,False,False,False,True,False,False
2004-09-01,130.0,,133.0,82.0,250.0,,,,2004.0,9.0,3.0,,1,False,False,True,False,False,False,True,False,False
2006-03-13,90.0,35.0,125.0,177.0,480.0,,,,2006.0,3.0,1.0,0.28,1,False,False,True,False,False,False,True,False,False
2019-05-27,12.0,40.0,200.0,4700.0,1200.0,6636.0,3318.0,103.7,2019.0,5.0,2.0,0.2,1,False,False,True,False,False,False,True,False,False
2014-01-13,28.0,75.0,148.0,1870.0,1020.0,,1389.0,43.4,2014.0,1.0,1.0,0.5067567567567568,1,False,False,True,False,False,False,True,False,False
2017-08-07,14.0,295.0,495.0,12500.0,1247.0,25330.0,12660.0,791.6,2017.0,8.0,3.0,0.5959595959595959,1,False,False,False,False,False,False,False,False,False
2002-06-25,150.0,,174.0,80.0,200.0,,,,2002.0,6.0,2.0,,1,False,False,False,True,False,False,False,True,False
2009-05-26,55.0,31.0,121.0,314.0,550.0,,43.2,,2009.0,5.0,2.0,0.256198347107438,1,False,False,True,False,False,False,True,False,False
2006-04-30,90.0,110.0,196.0,278.0,500.0,,,,2006.0,4.0,2.0,0.5612244897959183,1,False,False,True,False,False,False,True,False,False
2005-01-01,110.0,,154.0,146.0,300.0,,,,2005.0,1.0,1.0,,1,False,False,True,False,False,False,True,False,False
2007-03-01,80.0,,100.0,107.0,479.0,,,,2007.0,3.0,1.0,,1,True,False,False,False,False,False,False,True,False
2000-04-01,180.0,23.0,111.0,30.0,166.0,,,,2000.0,4.0,2.0,0.2072072072072072,1,True,False,False,False,False,False,True,False,False
2002-07-01,150.0,37.0,215.0,110.0,325.0,,,,2002.0,7.0,3.0,0.17209302325581396,1,True,False,False,False,False,False,True,False,False
2010-02-25,40.0,175.0,334.0,2154.0,800.0,,1792.0,358.4,2010.0,2.0,1.0,0.5239520958083832,1,True,False,False,False,False,False,True,False,False
2004-12-17,0.0,,,,250.0,,,,2004.0,12.0,4.0,,1,False,False,False,True,False,False,False,True,False
2011-03-15,40.0,106.0,238.0,1170.0,783.0,,601.3,50.11,2011.0,3.0,1.0,0.44537815126050423,1,False,False,True,False,False,False,True,False,False
2005-02-28,130.0,67.0,297.0,160.0,540.0,,,,2005.0,2.0,1.0,0.2255892255892256,1,True,False,False,False,False,False,True,False,False
2002-01-01,150.0,,81.0,36.0,250.0,,,,2002.0,1.0,1.0,,1,True,False,False,False,False,False,False,True,False
2008-06-04,55.0,70.0,192.0,666.0,580.0,,371.2,74.24,2008.0,6.0,2.0,0.3645833333333333,1,True,False,False,False,False,False,True,False,False
2013-03-15,40.0,150.0,255.0,1700.0,840.0,,1344.0,,2013.0,3.0,1.0,0.5882352941176471,1,False,False,False,False,False,False,True,False,False
2014-01-09,28.0,100.0,212.0,2800.0,850.0,,2304.0,144.0,2014.0,1.0,1.0,0.4716981132075472,1,False,False,False,False,False,False,True,False,False
2004-06-01,130.0,,92.0,76.0,450.0,,,,2004.0,6.0,2.0,,1,True,False,False,False,False,False,True,False,False
2019-05-13,14.0,50.0,103.0,2200.0,1082.0,1240.0,1240.0,77.5,2019.0,5.0,2.0,0.4854368932038835,1,False,False,False,False,False,False,False,False,False
2007-02-28,80.0,,73.0,120.0,400.0,,,,2007.0,2.0,1.0,,1,True,False,False,False,False,False,False,False,True
2015-08-30,28.0,225.0,398.0,5200.0,557.0,,4825.0,150.8,2015.0,8.0,3.0,0.5653266331658291,1,False,False,True,False,False,False,True,False,False
2010-03-01,55.0,,67.0,181.0,560.0,,44.8,,2010.0,3.0,1.0,,1,True,False,False,False,False,False,False,False,True
2014-08-22,28.0,35.0,118.0,1270.0,850.0,,326.4,13.6,2014.0,8.0,3.0,0.2966101694915254,1,False,False,True,False,False,False,True,False,False
2001-10-01,150.0,,128.0,57.0,240.0,,,,2001.0,10.0,4.0,,1,False,False,True,False,False,False,True,False,False
2004-09-01,110.0,30.0,74.0,107.0,325.0,,,,2004.0,9.0,3.0,0.40540540540540543,1,True,False,False,False,False,False,True,False,False
2010-02-02,40.0,43.0,144.0,727.0,540.0,,187.5,,2010.0,2.0,1.0,0.2986111111111111,1,False,False,True,False,False,False,True,False,False
2002-10-01,150.0,,215.0,110.0,275.0,,,,2002.0,10.0,4.0,,1,True,False,False,False,False,False,True,False,False
2015-09-01,14.0,15.0,,,350.0,1536.0,768.0,192.0,2015.0,9.0,3.0,,1,False,True,False,False,True,False,False,False,False
2013-07-23,28.0,225.0,118.0,1270.0,954.0,,732.7,30.53,2013.0,7.0,3.0,1.9067796610169492,1,False,False,True,False,False,False,True,False,False
2003-09-15,130.0,,,110.0,350.0,,,,2003.0,9.0,3.0,,1,False,False,False,True,False,False,False,True,False
2012-06-13,28.0,75.0,123.0,1500.0,750.0,,768.0,48.0,2012.0,6.0,2.0,0.6097560975609756,1,False,False,False,False,False,False,True,False,False
,40.0,375.0,389.0,2640.0,880.0,,2703.0,,,,,0.9640102827763496,1,False,False,False,False,False,False,True,False,False
2006-02-01,90.0,,81.0,112.0,300.0,,,,2006.0,2.0,1.0,,1,False,False,True,False,False,False,True,False,False
2015-04-01,14.0,6.0,,,200.0,,153.6,38.4,2015.0,4.0,2.0,,1,False,True,False,False,True,False,False,False,False
2014-01-01,28.0,,125.0,1550.0,900.0,,752.6,,2014.0,1.0,1.0,,1,False,False,False,False,False,False,True,False,False
2020-01-01,7.0,180.0,251.0,10300.0,1465.0,15850.0,7926.0,495.4,2020.0,1.0,1.0,0.7171314741035857,1,False,False,False,False,False,False,True,False,False
2017-12-12,16.0,,314.0,7200.0,1607.0,104.0,6655.0,208.0,2017.0,12.0,4.0,,1,False,False,True,False,False,False,True,False,False
2016-04-02,40.0,29.0,116.0,585.0,701.0,,134.6,11.22,2016.0,4.0,2.0,0.25,1,False,False,True,False,False,False,True,False,False
2011-07-08,40.0,300.0,255.0,1700.0,900.0,,2016.0,,2011.0,7.0,3.0,1.1764705882352942,1,False,False,False,False,False,False,True,False,False
2009-04-02,55.0,190.0,282.0,959.0,850.0,,1360.0,272.0,2009.0,4.0,2.0,0.6737588652482269,1,True,False,False,False,False,False,True,False,False
2000-06-22,250.0,30.0,112.0,14.0,166.0,,,,2000.0,6.0,2.0,0.26785714285714285,1,False,False,False,True,False,False,True,False,False
2019-04-08,14.0,15.0,210.0,4940.0,300.0,2458.0,1229.0,76.8,2019.0,4.0,2.0,0.07142857142857142,1,False,False,False,False,False,False,False,False,False
2011-02-23,40.0,152.0,529.0,3100.0,513.0,,722.3,361.2,2011.0,2.0,1.0,0.28733459357277885,1,False,False,True,False,False,False,True,False,False
2016-04-05,16.0,300.0,610.0,15300.0,1328.0,21220.0,10610.0,5304.0,2016.0,4.0,2.0,0.4918032786885246,1,False,False,True,False,False,False,True,False,False
2007-01-01,90.0,27.0,100.0,107.0,600.0,,,,2007.0,1.0,1.0,0.27,1,True,False,False,False,False,False,True,False,False
2010-09-03,40.0,23.0,116.0,585.0,500.0,,192.0,16.0,2010.0,9.0,3.0,0.19827586206896552,1,False,False,True,False,False,False,True,False,False
2012-08-24,28.0,200.0,352.0,4313.0,800.0,,2867.0,716.8,2012.0,8.0,3.0,0.5681818181818182,1,False,False,False,False,False,False,True,False,False
2006-10-15,80.0,44.0,131.0,330.0,600.0,,,,2006.0,10.0,4.0,0.33587786259541985,1,True,False,False,False,False,False,True,False,False
2003-10-23,130.0,25.0,133.0,82.0,425.0,,,,2003.0,10.0,4.0,0.18796992481203006,1,False,False,True,False,False,False,True,False,False
2001-09-29,150.0,27.0,68.0,60.0,280.0,,,,2001.0,9.0,3.0,0.39705882352941174,1,True,False,False,False,False,False,True,False,False
2018-05-24,14.0,15.0,,,350.0,844.8,422.4,105.6,2018.0,5.0,2.0,,1,False,True,False,False,True,False,False,False,False
2003-12-03,130.0,,76.0,60.0,324.0,,,,2003.0,12.0,4.0,,1,True,False,False,False,False,False,True,False,False
2011-07-25,40.0,231.0,529.0,3100.0,574.0,,1028.0,513.9,2011.0,7.0,3.0,0.43667296786389415,1,False,False,True,False,False,False,True,False,False
2015-03-13,28.0,75.0,148.0,1870.0,1020.0,,1124.0,35.14,2015.0,3.0,1.0,0.5067567567567568,1,False,False,True,False,False,False,True,False,False
2012-04-24,40.0,75.0,238.0,1170.0,720.0,,414.7,34.56,2012.0,4.0,2.0,0.31512605042016806,1,False,False,True,False,False,False,True,False,False
2011-02-22,40.0,25.0,79.0,292.0,810.0,,155.5,12.96,2011.0,2.0,1.0,0.31645569620253167,1,False,False,True,False,False,False,True,False,False
2011-04-07,40.0,25.0,59.0,292.0,650.0,,104.0,,2011.0,4.0,2.0,0.423728813559322,1,False,False,False,False,False,False,True,False,False
2015-05-05,28.0,65.0,77.0,950.0,1000.0,,806.4,50.4,2015.0,5.0,2.0,0.8441558441558441,1,False,False,False,False,False,False,True,False,False
2007-10-17,130.0,,73.0,,300.0,,,,2007.0,10.0,4.0,,1,True,False,False,False,False,False,False,False,True
2021-01-12,8.0,80.0,276.0,13250.0,900.0,10940.0,10940.0,171.0,2021.0,1.0,1.0,0.2898550724637681,1,False,False,True,False,False,True,False,False,False
2013-05-23,32.0,35.0,246.0,1303.0,533.0,,553.0,,2013.0,5.0,2.0,0.14227642276422764,1,False,False,False,False,False,False,True,False,False
2014-07-01,28.0,33.0,87.0,1020.0,719.0,,552.2,23.01,2014.0,7.0,3.0,0.3793103448275862,1,False,False,True,False,False,False,True,False,False
2014-03-12,28.0,33.0,,,1082.0,,588.8,18.4,2014.0,3.0,1.0,,1,False,False,True,False,False,False,True,False,False
2017-01-11,28.0,55.0,228.0,2940.0,695.0,,2122.0,66.3,2017.0,1.0,1.0,0.2412280701754386,1,False,False,True,False,False,False,True,False,False
2004-11-08,110.0,,74.0,107.0,300.0,,,,2004.0,11.0,4.0,,1,True,False,False,False,False,False,False,False,True
2004-09-01,110.0,36.0,74.0,107.0,375.0,,,,2004.0,9.0,3.0,0.4864864864864865,1,True,False,False,False,False,False,True,False,False
2000-04-26,150.0,,88.0,25.0,200.0,,,,2000.0,4.0,2.0,,1,False,False,True,False,False,False,True,False,False
2013-11-27,28.0,15.0,116.0,585.0,625.0,,240.0,20.0,2013.0,11.0,4.0,0.12931034482758622,1,False,False,True,False,False,False,True,False,False
2016-06-01,28.0,15.0,125.0,1200.0,200.0,325.2,325.2,20.33,2016.0,6.0,2.0,0.12,1,False,False,False,False,False,False,False,False,False
2005-04-01,110.0,,156.0,120.0,400.0,,,,2005.0,4.0,2.0,,1,True,False,False,False,False,False,True,False,False
2006-09-28,90.0,75.0,196.0,278.0,375.0,,,,2006.0,9.0,3.0,0.3826530612244898,1,False,False,True,False,False,False,True,False,False
2011-06-20,32.0,65.0,227.0,1178.0,600.0,,480.0,,2011.0,6.0,2.0,0.28634361233480177,1,False,False,False,False,False,False,True,False,False
2015-06-18,28.0,275.0,438.0,6200.0,1050.0,,5914.0,739.2,2015.0,6.0,2.0,0.6278538812785388,1,False,False,False,False,False,False,True,False,False
2007-12-31,80.0,20.0,169.0,289.0,475.0,,60.8,,2007.0,12.0,4.0,0.11834319526627218,1,False,False,True,False,False,False,True,False,False
2020-03-04,12.0,115.0,445.0,10800.0,900.0,10370.0,5184.0,162.0,2020.0,3.0,1.0,0.25842696629213485,1,False,False,True,False,False,False,True,False,False
2008-03-18,65.0,197.0,324.0,754.0,600.0,,384.0,,2008.0,3.0,1.0,0.6080246913580247,1,False,False,True,False,False,False,True,False,False
2007-05-09,45.0,13.0,66.0,123.0,400.0,,12.8,,2007.0,5.0,2.0,0.19696969696969696,1,False,True,False,False,True,False,False,False,False
2010-11-15,40.0,150.0,332.0,1950.0,650.0,,748.8,62.4,2010.0,11.0,4.0,0.45180722891566266,1,False,False,True,False,False,False,True,False,False
2000-06-28,180.0,,64.0,20.0,175.0,,,,2000.0,6.0,2.0,,1,False,False,True,False,False,False,True,False,False
2010-01-07,40.0,26.0,104.0,627.0,650.0,,520.0,,2010.0,1.0,1.0,0.25,1,True,False,False,False,False,False,True,False,False
2009-05-07,65.0,23.0,86.0,210.0,540.0,,20.8,,2009.0,5.0,2.0,0.26744186046511625,1,False,False,True,False,False,False,True,False,False
2005-09-29,110.0,,154.0,146.0,300.0,,,,2005.0,9.0,3.0,,1,False,False,True,False,False,False,True,False,False
2007-04-17,65.0,40.0,144.0,314.0,450.0,,35.2,,2007.0,4.0,2.0,0.2777777777777778,1,False,False,True,False,False,False,False,False,True
2016-08-30,14.0,15.0,,,350.0,768.0,384.0,96.0,2016.0,8.0,3.0,,1,False,True,False,False,True,False,False,False,False
2012-06-06,32.0,35.0,246.0,1303.0,496.0,,263.4,,2012.0,6.0,2.0,0.14227642276422764,1,False,False,False,False,False,False,True,False,False
2002-02-06,150.0,,142.0,63.0,300.0,,,,2002.0,2.0,1.0,,1,False,False,True,False,False,False,True,False,False
2011-07-25,40.0,225.0,520.0,3000.0,574.0,,1028.0,513.9,2011.0,7.0,3.0,0.4326923076923077,1,False,False,True,False,False,False,True,False,False
,65.0,58.0,186.0,300.0,550.0,,,,,,,0.3118279569892473,1,False,False,True,False,False,True,False,False,False
2019-01-08,14.0,35.0,210.0,4940.0,300.0,2255.0,1127.0,70.46,2019.0,1.0,1.0,0.16666666666666666,1,False,False,False,False,False,False,False,False,False
2012-06-01,28.0,45.0,118.0,1270.0,850.0,,326.4,13.6,2012.0,6.0,2.0,0.3813559322033898,1,False,False,True,False,False,False,True,False,False
2015-03-21,28.0,250.0,601.0,8000.0,988.0,,6844.0,213.9,2015.0,3.0,1.0,0.415973377703827,1,False,False,True,False,False,False,True,False,False
2020-12-02,12.0,18.0,200.0,4700.0,1365.0,6075.0,3037.0,94.92,2020.0,12.0,4.0,0.09,1,False,False,True,False,False,False,True,False,False
2006-10-17,90.0,96.0,352.0,384.0,625.0,,,,2006.0,10.0,4.0,0.2727272727272727,1,True,False,False,False,False,False,True,False,False
2002-02-06,150.0,,65.0,29.0,250.0,,,,2002.0,2.0,1.0,,1,False,False,True,False,False,False,True,False,False
2004-03-01,130.0,54.0,281.0,160.0,500.0,,,,2004.0,3.0,1.0,0.19217081850533807,1,True,False,False,False,False,False,True,False,False
,40.0,375.0,529.0,3100.0,527.0,,1078.0,,,,,0.7088846880907372,1,False,False,True,False,False,False,True,False,False
2015-03-13,28.0,33.0,87.0,1020.0,954.0,,732.7,30.53,2015.0,3.0,1.0,0.3793103448275862,1,False,False,True,False,False,False,True,False,False
,150.0,25.0,68.0,60.0,300.0,,,,,,,0.36764705882352944,1,True,False,False,False,False,False,True,False,False
2005-09-29,110.0,65.0,333.0,302.0,440.0,,,,2005.0,9.0,3.0,0.19519519519519518,1,False,False,True,False,False,False,True,False,False
2019-11-19,7.0,205.0,251.0,10300.0,1400.0,17330.0,8663.0,541.4,2019.0,11.0,4.0,0.8167330677290837,1,False,False,False,False,False,False,True,False,False
2011-01-28,40.0,35.0,104.0,716.0,725.0,,696.0,,2011.0,1.0,1.0,0.33653846153846156,1,False,False,False,False,False,False,True,False,False
2013-11-08,28.0,100.0,294.0,3540.0,797.0,,2142.0,89.26,2013.0,11.0,4.0,0.3401360544217687,1,False,False,True,False,False,False,True,False,False
2008-06-03,65.0,13.0,86.0,210.0,550.0,,22.4,,2008.0,6.0,2.0,0.1511627906976744,1,False,False,True,False,False,False,True,False,False
2011-11-01,32.0,65.0,227.0,1178.0,444.0,,142.1,,2011.0,11.0,4.0,0.28634361233480177,1,False,False,False,False,False,False,True,False,False
2003-03-01,150.0,,124.0,45.0,200.0,,,,2003.0,3.0,1.0,,1,False,False,True,False,False,False,True,False,False
2017-06-21,12.0,300.0,815.0,21100.0,1245.0,28260.0,14130.0,7066.0,2017.0,6.0,2.0,0.36809815950920244,1,False,False,True,False,False,False,True,False,False
2013-10-08,28.0,65.0,77.0,950.0,1000.0,,806.4,50.4,2013.0,10.0,4.0,0.8441558441558441,1,False,False,False,False,False,False,True,False,False
2015-04-14,28.0,65.0,221.0,2540.0,1006.0,,772.6,32.19,2015.0,4.0,2.0,0.29411764705882354,1,False,False,True,False,False,False,True,False,False
2004-09-01,110.0,,156.0,120.0,425.0,,,,2004.0,9.0,3.0,,1,True,False,False,False,False,False,True,False,False
2003-12-22,150.0,10.0,65.0,29.0,250.0,,,,2003.0,12.0,4.0,0.15384615384615385,1,False,False,True,False,False,False,True,False,False
2011-01-31,40.0,15.0,59.0,292.0,600.0,,96.0,,2011.0,1.0,1.0,0.2542372881355932,1,False,False,False,False,False,False,True,False,False
2008-09-10,55.0,59.0,146.0,514.0,750.0,,480.0,,2008.0,9.0,3.0,0.4041095890410959,1,True,False,False,False,False,False,True,False,False
2009-10-12,40.0,31.0,100.0,486.0,475.0,,35.2,,2009.0,10.0,4.0,0.31,1,False,False,True,False,False,False,True,False,False
2011-01-04,40.0,50.0,166.0,1040.0,675.0,,1080.0,,2011.0,1.0,1.0,0.30120481927710846,1,False,False,False,False,False,False,True,False,False
2013-10-25,40.0,60.0,118.0,716.0,650.0,,624.0,,2013.0,10.0,4.0,0.5084745762711864,1,False,False,False,False,False,False,True,False,False
2011-01-04,40.0,,67.0,370.0,800.0,,256.0,,2011.0,1.0,1.0,,1,False,False,False,False,False,False,True,False,False
2015-11-07,28.0,15.0,125.0,1200.0,200.0,553.0,553.0,276.5,2015.0,11.0,4.0,0.12,1,False,False,False,False,False,False,False,False,False
2012-08-07,28.0,75.0,212.0,2800.0,825.0,,1267.0,79.2,2012.0,8.0,3.0,0.35377358490566035,1,False,False,False,False,False,False,True,False,False
2000-03-01,250.0,,90.0,15.0,105.0,,,,2000.0,3.0,1.0,,1,False,False,True,False,False,False,True,False,False
2017-10-03,14.0,50.0,103.0,2200.0,1124.0,1248.0,1248.0,78.02,2017.0,10.0,4.0,0.4854368932038835,1,False,False,False,False,False,False,False,False,False
2013-03-01,28.0,51.0,118.0,1270.0,954.0,,732.7,30.53,2013.0,3.0,1.0,0.4322033898305085,1,False,False,True,False,False,False,True,False,False
2015-01-05,14.0,6.0,82.0,,100.0,,153.6,38.4,2015.0,1.0,1.0,0.07317073170731707,1,False,True,False,False,True,False,False,False,False
2003-09-15,130.0,,,110.0,350.0,,,,2003.0,9.0,3.0,,1,False,False,False,True,False,False,False,True,False
,55.0,151.0,256.0,956.0,750.0,,1200.0,,,,,0.58984375,1,True,False,False,False,False,False,True,False,False
2016-11-10,14.0,50.0,123.0,3000.0,1125.0,2460.0,2460.0,153.7,2016.0,11.0,4.0,0.4065040650406504,1,False,False,False,False,False,False,False,False,False
2005-10-01,110.0,49.0,240.0,160.0,400.0,,,,2005.0,10.0,4.0,0.20416666666666666,1,True,False,False,False,False,False,True,False,False
2003-10-01,130.0,,76.0,60.0,325.0,,,,2003.0,10.0,4.0,,1,True,False,False,False,False,False,True,False,False
2014-06-24,28.0,580.0,438.0,6200.0,1000.0,,5632.0,704.0,2014.0,6.0,2.0,1.3242009132420092,1,False,False,False,False,False,False,True,False,False
2003-07-22,130.0,,207.0,135.0,400.0,,,,2003.0,7.0,3.0,,1,False,False,True,False,False,False,True,False,False
2006-04-20,90.0,30.0,125.0,177.0,350.0,,,,2006.0,4.0,2.0,0.24,1,False,False,True,False,False,False,True,False,False
2005-01-01,130.0,,73.0,,336.0,,,,2005.0,1.0,1.0,,1,True,False,False,False,False,False,False,False,True
2007-09-12,80.0,35.0,169.0,289.0,360.0,,23.04,,2007.0,9.0,3.0,0.20710059171597633,1,False,False,True,False,False,False,True,False,False
2012-10-04,40.0,35.0,114.0,302.0,550.0,,,,2012.0,10.0,4.0,0.30701754385964913,1,False,False,True,False,False,True,False,False,False
2019-02-21,14.0,10.0,74.0,1800.0,1519.0,12.25,783.9,24.5,2019.0,2.0,1.0,0.13513513513513514,1,False,False,True,False,False,True,False,False,False
2011-01-15,40.0,35.0,238.0,1170.0,590.0,,226.6,18.88,2011.0,1.0,1.0,0.14705882352941177,1,False,False,True,False,False,False,True,False,False
2017-12-11,14.0,5.0,,,200.0,432.0,216.0,54.0,2017.0,12.0,4.0,,1,False,True,False,False,True,False,False,False,False
2004-10-11,110.0,,110.0,75.0,300.0,,,,2004.0,10.0,4.0,,1,False,False,True,False,False,False,True,False,False
2010-01-07,40.0,35.0,100.0,486.0,550.0,,116.2,,2010.0,1.0,1.0,0.35,1,False,False,True,False,False,False,True,False,False
2008-08-04,55.0,30.0,67.0,181.0,594.0,,47.52,,2008.0,8.0,3.0,0.44776119402985076,1,True,False,False,False,False,False,True,False,False
2012-03-05,28.0,175.0,212.0,2800.0,1000.0,,2560.0,160.0,2012.0,3.0,1.0,0.8254716981132075,1,False,False,False,False,False,False,True,False,False
2004-04-01,130.0,,133.0,82.0,425.0,,,,2004.0,4.0,2.0,,1,False,False,True,False,False,False,True,False,False
2005-11-01,130.0,,,90.0,300.0,,,,2005.0,11.0,4.0,,1,False,False,False,True,False,False,False,True,False
2020-11-12,7.0,180.0,308.0,,2233.0,20580.0,10290.0,643.1,2020.0,11.0,4.0,0.5844155844155844,1,False,False,False,False,False,False,True,False,False
2016-05-15,28.0,,125.0,1550.0,1100.0,864.0,864.0,54.0,2016.0,5.0,2.0,,1,False,False,False,False,False,False,True,False,False
,12.0,260.0,754.0,18600.0,1065.0,25710.0,12860.0,401.8,,,,0.3448275862068966,1,False,False,True,False,False,False,True,False,False
2014-01-31,28.0,8.0,110.0,1178.0,300.0,,76.8,4.8,2014.0,1.0,1.0,0.07272727272727272,1,False,False,False,False,False,False,True,False,False
2011-02-01,40.0,65.0,116.0,585.0,810.0,,311.0,25.92,2011.0,2.0,1.0,0.5603448275862069,1,False,False,True,False,False,False,True,False,False
2012-06-14,28.0,225.0,352.0,4313.0,900.0,,3226.0,806.4,2012.0,6.0,2.0,0.6392045454545454,1,False,False,False,False,False,False,True,False,False
2016-09-01,14.0,6.0,,,200.0,,187.2,23.4,2016.0,9.0,3.0,,1,False,True,False,False,True,False,False,False,False
2020-07-07,12.0,80.0,284.0,6600.0,1410.0,5699.0,2849.0,89.04,2020.0,7.0,3.0,0.28169014084507044,1,False,False,True,False,False,False,True,False,False
2013-03-01,28.0,,56.0,690.0,925.0,,624.0,39.0,2013.0,3.0,1.0,,1,False,False,False,False,False,False,True,False,False
2008-03-04,55.0,,73.0,120.0,400.0,,,,2008.0,3.0,1.0,,1,True,False,False,False,False,False,False,False,True
2014-09-05,14.0,15.0,,,700.0,,384.0,96.0,2014.0,9.0,3.0,,1,False,True,False,False,True,False,False,False,False
2019-11-26,12.0,250.0,815.0,21100.0,1312.0,31330.0,15670.0,7834.0,2019.0,11.0,4.0,0.3067484662576687,1,False,False,True,False,False,False,True,False,False
2007-04-17,65.0,40.0,144.0,314.0,450.0,,35.2,,2007.0,4.0,2.0,0.2777777777777778,1,False,False,True,False,False,False,False,False,True
2006-12-07,110.0,24.0,74.0,107.0,400.0,,,,2006.0,12.0,4.0,0.32432432432432434,1,True,False,False,False,False,False,True,False,False
2013-03-01,28.0,,56.0,690.0,750.0,,528.0,33.0,2013.0,3.0,1.0,,1,False,False,False,False,False,False,True,False,False
2018-02-13,14.0,15.0,210.0,4940.0,300.0,768.8,384.4,24.02,2018.0,2.0,1.0,0.07142857142857142,1,False,False,False,False,False,False,False,False,False
2008-09-10,55.0,48.0,146.0,514.0,600.0,,384.0,,2008.0,9.0,3.0,0.3287671232876712,1,True,False,False,False,False,False,True,False,False
2016-06-30,28.0,100.0,160.0,2080.0,1050.0,,1613.0,100.8,2016.0,6.0,2.0,0.625,1,False,False,False,False,False,False,True,False,False
2010-09-03,40.0,35.0,116.0,585.0,650.0,,249.6,20.8,2010.0,9.0,3.0,0.3017241379310345,1,False,False,True,False,False,False,True,False,False
2016-03-05,28.0,250.0,601.0,8000.0,988.0,,6844.0,213.9,2016.0,3.0,1.0,0.415973377703827,1,False,False,True,False,False,False,True,False,False
2012-04-24,28.0,45.0,123.0,1500.0,800.0,,1024.0,64.0,2012.0,4.0,2.0,0.36585365853658536,1,False,False,False,False,False,False,True,False,False
2009-06-15,40.0,14.0,57.0,260.0,625.0,,48.0,,2009.0,6.0,2.0,0.24561403508771928,1,False,False,True,False,False,False,True,False,False
2005-05-01,90.0,7.0,,,166.0,,,,2005.0,5.0,2.0,,1,False,True,False,False,True,False,False,False,False
2016-05-15,28.0,,160.0,2080.0,1000.0,,1971.0,123.2,2016.0,5.0,2.0,,1,False,False,False,False,False,False,True,False,False
2013-05-30,28.0,230.0,294.0,3540.0,1046.0,,3333.0,138.9,2013.0,5.0,2.0,0.782312925170068,1,False,False,True,False,False,False,True,False,False
2006-03-01,90.0,48.0,288.0,321.0,500.0,,,,2006.0,3.0,1.0,0.16666666666666666,1,True,False,False,False,False,False,True,False,False
2020-06-08,12.0,110.0,545.0,13600.0,1035.0,18980.0,9492.0,296.6,2020.0,6.0,2.0,0.2018348623853211,1,False,False,True,False,False,False,True,False,False
2017-06-05,14.0,150.0,232.0,5700.0,1096.0,4489.0,4489.0,280.6,2017.0,6.0,2.0,0.646551724137931,1,False,False,False,False,False,False,False,False,False
2003-05-01,150.0,,92.0,76.0,300.0,,,,2003.0,5.0,2.0,,1,True,False,False,False,False,False,False,False,True
2007-05-09,90.0,13.0,,,400.0,,,,2007.0,5.0,2.0,,1,False,True,False,False,True,False,False,False,False
2007-05-09,80.0,17.0,127.0,210.0,400.0,,25.6,,2007.0,5.0,2.0,0.13385826771653545,1,False,False,True,False,False,False,True,False,False
2020-09-01,8.0,320.0,628.0,28300.0,1440.0,29770.0,29770.0,465.1,2020.0,9.0,3.0,0.5095541401273885,1,False,False,True,False,False,True,False,False,False
2012-01-07,40.0,7.0,67.0,370.0,600.0,,192.0,,2012.0,1.0,1.0,0.1044776119402985,1,False,False,False,False,False,False,True,False,False
2017-12-03,14.0,230.0,495.0,12500.0,1200.0,21500.0,10750.0,672.0,2017.0,12.0,4.0,0.46464646464646464,1,False,False,False,False,False,False,False,False,False
2019-03-14,12.0,120.0,284.0,6600.0,1530.0,10050.0,5027.0,157.1,2019.0,3.0,1.0,0.4225352112676056,1,False,False,True,False,False,False,True,False,False
2019-11-13,7.0,85.0,158.0,6400.0,1000.0,6400.0,3200.0,200.0,2019.0,11.0,4.0,0.5379746835443038,1,False,False,False,False,False,False,True,False,False
2016-02-01,28.0,265.0,366.0,5000.0,1050.0,3763.0,3763.0,235.2,2016.0,2.0,1.0,0.7240437158469946,1,False,False,False,False,False,False,True,False,False
2007-06-01,80.0,50.0,169.0,289.0,625.0,,80.0,,2007.0,6.0,2.0,0.2958579881656805,1,False,False,True,False,False,False,True,False,False
2018-07-16,14.0,75.0,123.0,3000.0,1004.0,2056.0,2056.0,128.5,2018.0,7.0,3.0,0.6097560975609756,1,False,False,False,False,False,False,False,False,False
2008-07-25,110.0,640.0,333.0,302.0,470.0,,,,2008.0,7.0,3.0,1.921921921921922,1,False,False,True,False,False,False,True,False,False
2000-01-01,150.0,,,,133.0,,,,2000.0,1.0,1.0,,1,False,True,False,False,True,False,False,False,False
2015-09-03,28.0,580.0,438.0,6200.0,1000.0,,5120.0,640.0,2015.0,9.0,3.0,1.3242009132420092,1,False,False,False,False,False,False,True,False,False
2008-08-27,55.0,50.0,121.0,314.0,550.0,,44.8,,2008.0,8.0,3.0,0.4132231404958678,1,False,False,True,False,False,False,True,False,False
2012-06-22,28.0,200.0,352.0,4313.0,850.0,,3315.0,828.8,2012.0,6.0,2.0,0.5681818181818182,1,False,False,False,False,False,False,True,False,False
2013-08-25,28.0,170.0,294.0,3540.0,915.0,,2634.0,109.8,2013.0,8.0,3.0,0.5782312925170068,1,False,False,True,False,False,False,True,False,False
2005-10-01,90.0,,100.0,107.0,600.0,,,,2005.0,10.0,4.0,,1,True,False,False,False,False,False,True,False,False
2012-04-24,28.0,50.0,118.0,1270.0,875.0,,336.0,14.0,2012.0,4.0,2.0,0.423728813559322,1,False,False,True,False,False,False,True,False,False
2011-03-24,40.0,365.0,520.0,3000.0,608.0,,1244.0,155.5,2011.0,3.0,1.0,0.7019230769230769,1,False,False,True,False,False,False,True,False,False
2015-05-05,28.0,,125.0,1550.0,1100.0,864.0,864.0,54.0,2015.0,5.0,2.0,,1,False,False,False,False,False,False,True,False,False
2017-01-11,28.0,30.0,148.0,1870.0,756.0,,1000.0,31.26,2017.0,1.0,1.0,0.20270270270270271,1,False,False,True,False,False,False,True,False,False
2012-08-22,28.0,130.0,294.0,3540.0,823.0,,2046.0,85.25,2012.0,8.0,3.0,0.4421768707482993,1,False,False,True,False,False,False,True,False,False
2011-02-26,40.0,64.0,104.0,627.0,775.0,,620.0,,2011.0,2.0,1.0,0.6153846153846154,1,True,False,False,False,False,False,True,False,False
2004-09-01,130.0,46.0,92.0,75.0,500.0,,,,2004.0,9.0,3.0,0.5,1,True,False,False,False,False,False,True,False,False
2019-10-07,7.0,85.0,158.0,6400.0,1375.0,9265.0,4632.0,289.5,2019.0,10.0,4.0,0.5379746835443038,1,False,False,False,False,False,False,True,False,False
2008-06-04,55.0,23.0,121.0,314.0,500.0,,80.0,,2008.0,6.0,2.0,0.19008264462809918,1,False,False,True,False,False,False,True,False,False
2011-12-01,40.0,12.0,79.0,292.0,738.0,,141.7,11.81,2011.0,12.0,4.0,0.1518987341772152,1,False,False,True,False,False,False,True,False,False
2017-08-14,14.0,210.0,495.0,12500.0,1138.0,17920.0,8960.0,560.0,2017.0,8.0,3.0,0.42424242424242425,1,False,False,False,False,False,False,False,False,False
2012-08-07,28.0,122.0,294.0,3540.0,706.0,,2169.0,90.37,2012.0,8.0,3.0,0.41496598639455784,1,False,False,True,False,False,False,True,False,False
2006-12-07,130.0,24.0,76.0,60.0,250.0,,,,2006.0,12.0,4.0,0.3157894736842105,1,True,False,False,False,False,False,True,False,False
2009-01-06,55.0,150.0,256.0,956.0,750.0,,1200.0,240.0,2009.0,1.0,1.0,0.5859375,1,True,False,False,False,False,False,True,False,False
2012-02-07,40.0,50.0,118.0,716.0,650.0,,624.0,,2012.0,2.0,1.0,0.423728813559322,1,False,False,False,False,False,False,True,False,False
2013-02-18,40.0,29.0,79.0,292.0,874.0,,167.8,13.98,2013.0,2.0,1.0,0.3670886075949367,1,False,False,True,False,False,False,True,False,False
2019-07-07,7.0,225.0,251.0,10300.0,1680.0,20280.0,10140.0,633.6,2019.0,7.0,3.0,0.896414342629482,1,False,False,False,False,False,False,True,False,False
2017-02-07,14.0,25.0,132.0,3300.0,1430.0,18.68,1196.0,37.37,2017.0,2.0,1.0,0.1893939393939394,1,False,False,True,False,False,True,False,False,False
2010-05-05,55.0,15.0,146.0,514.0,550.0,,352.0,,2010.0,5.0,2.0,0.10273972602739725,1,True,False,False,False,False,False,True,False,False
2003-05-12,130.0,35.0,207.0,135.0,400.0,,,,2003.0,5.0,2.0,0.16908212560386474,1,False,False,True,False,False,False,True,False,False
,28.0,,77.0,950.0,800.0,,652.8,,,,,,1,False,False,False,False,False,False,True,False,False
2006-06-01,90.0,10.0,81.0,112.0,450.0,,,,2006.0,6.0,2.0,0.12345679012345678,1,False,False,True,False,False,False,True,False,False
2008-01-16,110.0,,110.0,75.0,280.0,,,,2008.0,1.0,1.0,,1,False,False,True,False,False,False,True,False,False
2021-04-12,7.0,165.0,826.0,54200.0,930.0,10320.0,10320.0,5161.0,2021.0,4.0,2.0,0.19975786924939468,1,False,False,True,False,False,False,True,False,False
2003-10-01,130.0,22.0,76.0,60.0,500.0,,,,2003.0,10.0,4.0,0.2894736842105263,1,True,False,False,False,False,False,True,False,False
2011-12-11,55.0,55.0,146.0,514.0,600.0,,384.0,,2011.0,12.0,4.0,0.3767123287671233,1,True,False,False,False,False,False,True,False,False
2008-06-01,65.0,,86.0,210.0,540.0,,20.8,,2008.0,6.0,2.0,,1,False,False,True,False,False,False,True,False,False
2010-09-03,40.0,50.0,238.0,1170.0,675.0,,518.4,43.2,2010.0,9.0,3.0,0.21008403361344538,1,False,False,True,False,False,False,True,False,False
2012-01-01,55.0,76.0,256.0,956.0,750.0,,1200.0,,2012.0,1.0,1.0,0.296875,1,True,False,False,False,False,False,True,False,False
2013-06-28,28.0,130.0,118.0,1270.0,850.0,,326.4,13.6,2013.0,6.0,2.0,1.1016949152542372,1,False,False,True,False,False,False,True,False,False
2014-09-05,14.0,15.0,,,300.0,,403.2,100.8,2014.0,9.0,3.0,,1,False,True,False,False,True,False,False,False,False
2002-02-06,150.0,,142.0,63.0,275.0,,,,2002.0,2.0,1.0,,1,False,False,True,False,False,False,True,False,False
2008-08-14,65.0,35.0,144.0,314.0,500.0,,80.0,,2008.0,8.0,3.0,0.24305555555555555,1,False,False,True,False,False,False,False,True,False
2001-02-19,180.0,23.0,80.0,30.0,133.0,,,,2001.0,2.0,1.0,0.2875,1,True,False,False,False,False,False,True,False,False
2014-09-18,28.0,,56.0,690.0,1000.0,,659.2,41.2,2014.0,9.0,3.0,,1,False,False,False,False,False,False,True,False,False
2009-06-15,55.0,14.0,121.0,314.0,500.0,,80.0,,2009.0,6.0,2.0,0.11570247933884298,1,False,False,True,False,False,False,True,False,False
2013-01-09,28.0,15.0,116.0,585.0,775.0,,297.6,24.8,2013.0,1.0,1.0,0.12931034482758622,1,False,False,True,False,False,False,True,False,False
2007-01-01,80.0,32.0,100.0,107.0,600.0,,,,2007.0,1.0,1.0,0.32,1,True,False,False,False,False,False,False,True,False
2013-10-01,28.0,35.0,87.0,1020.0,967.0,,742.7,30.94,2013.0,10.0,4.0,0.40229885057471265,1,False,False,True,False,False,False,True,False,False
2004-06-01,130.0,,,,333.0,,,,2004.0,6.0,2.0,,1,False,True,False,False,True,False,False,False,False
2015-09-01,14.0,15.0,123.0,,350.0,729.6,364.8,91.2,2015.0,9.0,3.0,0.12195121951219512,1,False,True,False,False,True,False,False,False,False
2015-08-20,28.0,90.0,228.0,2940.0,1024.0,,1825.0,57.02,2015.0,8.0,3.0,0.39473684210526316,1,False,False,True,False,False,False,True,False,False
2019-02-22,12.0,120.0,284.0,6600.0,1500.0,10870.0,5437.0,169.9,2019.0,2.0,1.0,0.4225352112676056,1,False,False,True,False,False,False,True,False,False
2016-01-01,28.0,,228.0,2940.0,935.0,,2355.0,73.6,2016.0,1.0,1.0,,1,False,False,True,False,False,False,True,False,False
2019-05-27,12.0,80.0,545.0,13600.0,600.0,16590.0,8294.0,259.2,2019.0,5.0,2.0,0.14678899082568808,1,False,False,True,False,False,False,True,False,False
2013-07-10,32.0,65.0,246.0,1303.0,800.0,,409.6,,2013.0,7.0,3.0,0.26422764227642276,1,False,False,False,False,False,False,True,False,False
2001-05-01,180.0,,115.0,30.0,148.0,,,,2001.0,5.0,2.0,,1,True,False,False,False,False,False,True,False,False
2019-10-22,14.0,15.0,210.0,4940.0,300.0,2995.0,1498.0,93.6,2019.0,10.0,4.0,0.07142857142857142,1,False,False,False,False,False,False,False,False,False
2010-05-19,55.0,50.0,121.0,314.0,550.0,,89.6,,2010.0,5.0,2.0,0.4132231404958678,1,False,False,True,False,False,False,True,False,False
2014-02-18,28.0,55.0,148.0,1870.0,1020.0,,1111.0,34.72,2014.0,2.0,1.0,0.3716216216216216,1,False,False,True,False,False,False,True,False,False
2016-10-30,14.0,35.0,123.0,3000.0,855.0,1313.0,1313.0,82.08,2016.0,10.0,4.0,0.2845528455284553,1,False,False,False,False,False,False,False,False,False
2015-12-06,28.0,,77.0,950.0,620.0,,549.1,34.32,2015.0,12.0,4.0,,1,False,False,False,False,False,False,True,False,False
2004-09-01,110.0,38.0,156.0,120.0,475.0,,,,2004.0,9.0,3.0,0.24358974358974358,1,True,False,False,False,False,False,True,False,False
2008-06-25,55.0,150.0,256.0,956.0,750.0,,1200.0,240.0,2008.0,6.0,2.0,0.5859375,1,True,False,False,False,False,False,True,False,False
2012-05-15,40.0,65.0,116.0,585.0,810.0,,311.0,25.92,2012.0,5.0,2.0,0.5603448275862069,1,False,False,True,False,False,False,True,False,False
2013-05-01,28.0,47.0,123.0,1500.0,800.0,,614.4,38.4,2013.0,5.0,2.0,0.3821138211382114,1,False,False,False,False,False,False,True,False,False
2006-04-20,90.0,65.0,196.0,278.0,325.0,,,,2006.0,4.0,2.0,0.33163265306122447,1,False,False,True,False,False,False,True,False,False
2009-10-13,40.0,86.0,166.0,1040.0,700.0,,1008.0,,2009.0,10.0,4.0,0.5180722891566265,1,True,False,False,False,False,False,True,False,False
2012-03-22,28.0,33.0,116.0,585.0,800.0,,307.2,25.6,2012.0,3.0,1.0,0.28448275862068967,1,False,False,True,False,False,False,True,False,False
2012-01-07,40.0,14.0,104.0,716.0,500.0,,480.0,,2012.0,1.0,1.0,0.1346153846153846,1,False,False,False,False,False,False,True,False,False
2019-10-15,14.0,75.0,232.0,5700.0,713.0,3903.0,3903.0,243.9,2019.0,10.0,4.0,0.3232758620689655,1,False,False,False,False,False,False,False,False,False
2013-02-17,40.0,25.0,100.0,486.0,615.0,,49.49,,2013.0,2.0,1.0,0.25,1,False,False,True,False,False,False,True,False,False
2010-09-03,40.0,35.0,238.0,1170.0,590.0,,339.8,28.32,2010.0,9.0,3.0,0.14705882352941177,1,False,False,True,False,False,False,True,False,False
2010-05-01,55.0,,67.0,181.0,590.0,,47.2,,2010.0,5.0,2.0,,1,True,False,False,False,False,False,False,False,True
2008-11-25,55.0,25.0,73.0,242.0,650.0,,104.0,,2008.0,11.0,4.0,0.3424657534246575,1,True,False,False,False,False,False,True,False,False
2017-10-13,14.0,60.0,123.0,3000.0,1019.0,1371.0,1371.0,85.68,2017.0,10.0,4.0,0.4878048780487805,1,False,False,False,False,False,False,False,False,False
2019-11-22,12.0,100.0,284.0,6600.0,1530.0,8832.0,4416.0,138.0,2019.0,11.0,4.0,0.352112676056338,1,False,False,True,False,False,False,True,False,False
2017-04-18,28.0,50.0,125.0,1550.0,730.0,786.4,786.4,49.15,2017.0,4.0,2.0,0.4,1,False,False,False,False,False,False,True,False,False
2015-05-05,28.0,,56.0,690.0,780.0,,547.2,34.2,2015.0,5.0,2.0,,1,False,False,False,False,False,False,True,False,False
2014-01-01,28.0,50.0,77.0,950.0,730.0,,499.2,,2014.0,1.0,1.0,0.6493506493506493,1,False,False,False,False,False,False,True,False,False
,16.0,120.0,314.0,7200.0,1506.0,68.36,4375.0,136.7,,,,0.3821656050955414,1,False,False,True,False,False,False,True,False,False
2005-11-01,110.0,40.0,240.0,160.0,475.0,,,,2005.0,11.0,4.0,0.16666666666666666,1,True,False,False,False,False,False,True,False,False
2017-04-18,14.0,75.0,123.0,3000.0,907.0,1858.0,1858.0,116.1,2017.0,4.0,2.0,0.6097560975609756,1,False,False,False,False,False,False,False,False,False
2012-08-07,28.0,38.0,118.0,1270.0,706.0,,271.1,11.3,2012.0,8.0,3.0,0.3220338983050847,1,False,False,True,False,False,False,True,False,False
2013-04-23,28.0,9.0,110.0,1178.0,300.0,,76.8,4.8,2013.0,4.0,2.0,0.08181818181818182,1,False,False,False,False,False,False,True,False,False
2020-04-15,12.0,50.0,200.0,4700.0,1380.0,6205.0,3103.0,96.96,2020.0,4.0,2.0,0.25,1,False,False,True,False,False,False,True,False,False
2005-01-01,130.0,,73.0,,336.0,,,,2005.0,1.0,1.0,,1,True,False,False,False,False,False,False,False,True
2013-03-01,28.0,80.0,221.0,2540.0,810.0,,1244.0,51.84,2013.0,3.0,1.0,0.36199095022624433,1,False,False,True,False,False,False,True,False,False
2018-04-11,14.0,185.0,232.0,5700.0,1257.0,6175.0,6175.0,385.9,2018.0,4.0,2.0,0.7974137931034483,1,False,False,False,False,False,False,False,False,False
2015-03-13,28.0,33.0,,,1072.0,,903.2,28.22,2015.0,3.0,1.0,,1,False,False,True,False,False,False,True,False,False
2014-07-22,28.0,45.0,148.0,1870.0,1058.0,,863.2,26.98,2014.0,7.0,3.0,0.30405405405405406,1,False,False,True,False,False,False,True,False,False
2005-07-28,130.0,83.0,225.0,222.0,425.0,,,,2005.0,7.0,3.0,0.3688888888888889,1,False,False,True,False,False,False,True,False,False
2015-05-05,28.0,,56.0,690.0,900.0,,737.3,46.08,2015.0,5.0,2.0,,1,False,False,False,False,False,False,True,False,False
2018-04-11,14.0,75.0,123.0,3000.0,1175.0,2611.0,2611.0,163.2,2018.0,4.0,2.0,0.6097560975609756,1,False,False,False,False,False,False,False,False,False
2007-04-17,40.0,40.0,57.0,260.0,520.0,,39.36,,2007.0,4.0,2.0,0.7017543859649122,1,False,False,True,False,False,False,True,False,False
2017-06-05,14.0,150.0,232.0,5700.0,1000.0,3960.0,3960.0,247.5,2017.0,6.0,2.0,0.646551724137931,1,False,False,False,False,False,False,False,False,False
2006-02-01,90.0,,81.0,112.0,425.0,,,,2006.0,2.0,1.0,,1,False,False,True,False,False,False,False,False,True
2005-09-04,130.0,,297.0,160.0,500.0,,,,2005.0,9.0,3.0,,1,True,False,False,False,False,False,True,False,False
2008-02-19,65.0,20.0,85.0,180.0,398.0,,31.84,,2008.0,2.0,1.0,0.23529411764705882,1,True,False,False,False,False,False,True,False,False
2004-06-28,150.0,21.0,91.0,45.0,250.0,,,,2004.0,6.0,2.0,0.23076923076923078,1,False,False,True,False,False,False,True,False,False
2003-03-01,150.0,28.0,98.0,36.0,200.0,,,,2003.0,3.0,1.0,0.2857142857142857,1,True,False,False,False,False,False,False,True,False
,28.0,250.0,561.0,7080.0,875.0,,5345.0,222.7,,,,0.44563279857397503,1,False,False,True,False,False,False,True,False,False
2012-07-01,28.0,43.0,123.0,1500.0,800.0,,1024.0,64.0,2012.0,7.0,3.0,0.34959349593495936,1,False,False,False,False,False,False,True,False,False
2018-05-10,14.0,35.0,210.0,4940.0,300.0,3523.0,1761.0,110.1,2018.0,5.0,2.0,0.16666666666666666,1,False,False,False,False,False,False,False,False,False
2003-01-21,130.0,,199.0,125.0,400.0,,,,2003.0,1.0,1.0,,1,False,False,True,False,False,False,True,False,False
2013-03-27,28.0,225.0,352.0,4313.0,900.0,,3226.0,806.4,2013.0,3.0,1.0,0.6392045454545454,1,False,False,False,False,False,False,True,False,False
2007-09-12,80.0,42.0,169.0,289.0,460.0,,58.88,,2007.0,9.0,3.0,0.2485207100591716,1,False,False,True,False,False,False,True,False,False
2019-05-13,28.0,50.0,125.0,1550.0,730.0,786.4,786.4,49.15,2019.0,5.0,2.0,0.4,1,False,False,False,False,False,False,True,False,False
2007-05-09,80.0,10.0,127.0,210.0,400.0,,12.8,,2007.0,5.0,2.0,0.07874015748031496,1,False,False,True,False,False,False,True,False,False
2013-05-29,28.0,49.0,87.0,1020.0,1046.0,,803.3,33.47,2013.0,5.0,2.0,0.5632183908045977,1,False,False,True,False,False,False,True,False,False
2014-07-02,28.0,225.0,294.0,3540.0,745.0,,2289.0,95.36,2014.0,7.0,3.0,0.7653061224489796,1,False,False,True,False,False,False,True,False,False
2014-03-27,28.0,19.0,87.0,1020.0,954.0,,366.3,15.26,2014.0,3.0,1.0,0.21839080459770116,1,False,False,True,False,False,False,True,False,False
2008-08-27,55.0,50.0,121.0,314.0,550.0,,44.8,,2008.0,8.0,3.0,0.4132231404958678,1,False,False,True,False,False,False,True,False,False
2013-03-01,28.0,,56.0,690.0,750.0,,528.0,33.0,2013.0,3.0,1.0,,1,False,False,False,False,False,False,True,False,False
2013-10-08,28.0,180.0,212.0,2800.0,1000.0,,2688.0,168.0,2013.0,10.0,4.0,0.8490566037735849,1,False,False,False,False,False,False,True,False,False
2004-04-14,130.0,,287.0,222.0,425.0,,,,2004.0,4.0,2.0,,1,False,False,True,False,False,False,True,False,False
2015-05-05,28.0,65.0,77.0,950.0,900.0,,691.2,43.2,2015.0,5.0,2.0,0.8441558441558441,1,False,False,False,False,False,False,True,False,False
2008-07-29,65.0,50.0,144.0,314.0,600.0,,96.0,,2008.0,7.0,3.0,0.3472222222222222,1,False,False,True,False,False,False,False,True,False
2018-04-11,14.0,65.0,123.0,3000.0,1090.0,2106.0,2106.0,131.6,2018.0,4.0,2.0,0.5284552845528455,1,False,False,False,False,False,False,False,False,False
2013-10-08,28.0,115.0,160.0,2080.0,1100.0,,1971.0,123.2,2013.0,10.0,4.0,0.71875,1,False,False,False,False,False,False,True,False,False
2007-11-30,80.0,50.0,230.0,330.0,500.0,,,,2007.0,11.0,4.0,0.21739130434782608,1,True,False,False,False,False,False,True,False,False
2010-11-26,40.0,11.0,59.0,292.0,750.0,,120.0,,2010.0,11.0,4.0,0.1864406779661017,1,False,False,False,False,False,False,True,False,False
2013-09-02,28.0,85.0,160.0,2080.0,1050.0,,1882.0,117.6,2013.0,9.0,3.0,0.53125,1,False,False,False,False,False,False,True,False,False
2007-11-16,90.0,,81.0,112.0,425.0,,,,2007.0,11.0,4.0,,1,False,False,True,False,False,False,False,False,True
2019-05-27,12.0,110.0,545.0,13600.0,1110.0,15970.0,7987.0,249.6,2019.0,5.0,2.0,0.2018348623853211,1,False,False,True,False,False,False,True,False,False
2006-01-19,90.0,,100.0,107.0,350.0,,,,2006.0,1.0,1.0,,1,True,False,False,False,False,False,True,False,False
2003-05-01,150.0,28.0,98.0,36.0,250.0,,,,2003.0,5.0,2.0,0.2857142857142857,1,True,False,False,False,False,False,False,True,False
2008-01-07,55.0,,135.0,378.0,500.0,,120.0,,2008.0,1.0,1.0,,1,True,False,False,False,False,False,True,False,False
2016-01-01,16.0,15.0,,,854.0,1500.0,750.1,23.44,2016.0,1.0,1.0,,1,False,False,True,False,False,False,True,False,False
2015-09-01,14.0,6.0,,,200.0,,124.8,15.6,2015.0,9.0,3.0,,1,False,True,False,False,True,False,False,False,False
2009-06-15,40.0,23.0,100.0,486.0,550.0,,116.2,,2009.0,6.0,2.0,0.23,1,False,False,True,False,False,False,True,False,False
2003-05-01,150.0,28.0,98.0,36.0,250.0,,,,2003.0,5.0,2.0,0.2857142857142857,1,True,False,False,False,False,False,False,True,False
2003-09-15,130.0,,,90.0,325.0,,,,2003.0,9.0,3.0,,1,False,False,False,True,False,False,False,True,False
2016-08-15,16.0,150.0,314.0,7200.0,1556.0,138.7,8878.0,277.4,2016.0,8.0,3.0,0.47770700636942676,1,False,False,True,False,False,False,True,False,False
2009-09-10,55.0,,67.0,181.0,500.0,,40.0,,2009.0,9.0,3.0,,1,True,False,False,False,False,False,False,False,True
2019-01-06,14.0,15.0,210.0,4940.0,300.0,3584.0,1792.0,112.0,2019.0,1.0,1.0,0.07142857142857142,1,False,False,False,False,False,False,False,False,False
2016-05-15,28.0,,56.0,690.0,780.0,,659.2,41.2,2016.0,5.0,2.0,,1,False,False,False,False,False,False,True,False,False
2005-09-30,130.0,,287.0,222.0,275.0,,,,2005.0,9.0,3.0,,1,False,False,True,False,False,False,True,False,False
2012-03-22,40.0,33.0,116.0,585.0,660.0,,253.4,21.12,2012.0,3.0,1.0,0.28448275862068967,1,False,False,True,False,False,False,True,False,False
2011-10-11,40.0,39.0,118.0,716.0,650.0,,416.0,,2011.0,10.0,4.0,0.3305084745762712,1,True,False,False,False,False,False,True,False,False
2020-12-01,8.0,200.0,392.0,17400.0,1410.0,16200.0,16200.0,253.1,2020.0,12.0,4.0,0.5102040816326531,1,False,False,True,False,False,True,False,False,False
2014-06-18,40.0,49.0,116.0,585.0,700.0,,268.8,22.4,2014.0,6.0,2.0,0.4224137931034483,1,False,False,True,False,False,False,True,False,False
2009-06-01,55.0,30.0,146.0,514.0,600.0,,384.0,,2009.0,6.0,2.0,0.2054794520547945,1,True,False,False,False,False,False,True,False,False
2015-05-05,28.0,,125.0,1550.0,1100.0,864.0,864.0,54.0,2015.0,5.0,2.0,,1,False,False,False,False,False,False,True,False,False
2009-09-30,40.0,151.0,334.0,2154.0,725.0,,2088.0,417.6,2009.0,9.0,3.0,0.45209580838323354,1,True,False,False,False,False,False,True,False,False
2010-05-31,40.0,200.0,529.0,3100.0,608.0,,855.4,106.9,2010.0,5.0,2.0,0.3780718336483932,1,False,False,True,False,False,False,True,False,False
2011-07-04,40.0,39.0,104.0,627.0,550.0,,352.0,,2011.0,7.0,3.0,0.375,1,False,False,False,False,False,False,True,False,False
2016-02-01,28.0,150.0,366.0,5000.0,920.0,7537.0,3768.0,235.5,2016.0,2.0,1.0,0.4098360655737705,1,False,False,False,False,False,False,True,False,False
2009-05-27,65.0,140.0,324.0,754.0,580.0,,278.4,,2009.0,5.0,2.0,0.43209876543209874,1,False,False,True,False,False,False,True,False,False
2019-11-26,12.0,250.0,815.0,21100.0,1260.0,28260.0,14130.0,7066.0,2019.0,11.0,4.0,0.3067484662576687,1,False,False,True,False,False,False,True,False,False
2005-05-31,150.0,10.0,65.0,29.0,250.0,,,,2005.0,5.0,2.0,0.15384615384615385,1,False,False,True,False,False,False,True,False,False
2006-10-17,90.0,125.0,352.0,384.0,650.0,,,,2006.0,10.0,4.0,0.35511363636363635,1,True,False,False,False,False,False,True,False,False
2013-05-27,22.0,30.0,181.0,1300.0,200.0,,704.0,176.0,2013.0,5.0,2.0,0.16574585635359115,1,False,True,False,False,True,False,False,False,False
2011-09-24,40.0,160.0,332.0,1950.0,779.0,,1046.0,87.19,2011.0,9.0,3.0,0.4819277108433735,1,False,False,True,False,False,False,True,False,False
2007-04-17,80.0,47.0,169.0,289.0,600.0,,92.8,,2007.0,4.0,2.0,0.2781065088757396,1,False,False,True,False,False,False,True,False,False
2013-08-01,28.0,20.0,85.0,11.0,672.0,,,,2013.0,8.0,3.0,0.23529411764705882,1,False,False,True,False,False,False,True,False,False
2014-04-29,28.0,500.0,438.0,6200.0,1018.0,,5733.0,716.7,2014.0,4.0,2.0,1.1415525114155252,1,False,False,False,False,False,False,True,False,False
,28.0,150.0,221.0,2540.0,1033.0,,2108.0,87.84,,,,0.6787330316742082,1,False,False,True,False,False,False,True,False,False
2002-02-19,150.0,,142.0,63.0,275.0,,,,2002.0,2.0,1.0,,1,False,False,True,False,False,False,True,False,False
2019-09-30,14.0,15.0,210.0,4940.0,300.0,3942.0,1971.0,123.2,2019.0,9.0,3.0,0.07142857142857142,1,False,False,False,False,False,False,False,False,False
2012-01-07,40.0,5.0,59.0,292.0,500.0,,80.0,,2012.0,1.0,1.0,0.0847457627118644,1,False,False,False,False,False,False,True,False,False
,40.0,365.0,529.0,3100.0,608.0,,1166.0,145.8,,,,0.6899810964083176,1,False,False,True,False,False,False,True,False,False
2012-02-13,40.0,19.0,59.0,292.0,650.0,,104.0,,2012.0,2.0,1.0,0.3220338983050847,1,True,False,False,False,False,False,True,False,False
2013-12-28,32.0,65.0,246.0,1303.0,720.0,,648.2,,2013.0,12.0,4.0,0.26422764227642276,1,False,False,False,False,False,False,True,False,False
2009-08-28,55.0,,256.0,956.0,503.0,,804.8,161.0,2009.0,8.0,3.0,,1,True,False,False,False,False,False,True,False,False
2020-04-30,14.0,15.0,,,350.0,846.4,423.2,105.8,2020.0,4.0,2.0,,1,False,True,False,False,True,False,False,False,False
2014-08-12,28.0,150.0,212.0,2800.0,900.0,,2368.0,148.0,2014.0,8.0,3.0,0.7075471698113207,1,False,False,False,False,False,False,True,False,False
2015-10-21,28.0,,56.0,690.0,1070.0,,684.8,42.8,2015.0,10.0,4.0,,1,False,False,False,False,False,False,True,False,False
2008-07-29,65.0,40.0,144.0,314.0,550.0,,88.0,,2008.0,7.0,3.0,0.2777777777777778,1,False,False,True,False,False,False,False,True,False
2006-04-02,90.0,65.0,196.0,278.0,450.0,,,,2006.0,4.0,2.0,0.33163265306122447,1,False,False,True,False,False,False,True,False,False
2007-04-17,80.0,47.0,169.0,289.0,540.0,,38.08,,2007.0,4.0,2.0,0.2781065088757396,1,False,False,True,False,False,False,True,False,False
2011-07-12,40.0,100.0,166.0,1040.0,800.0,,1280.0,,2011.0,7.0,3.0,0.6024096385542169,1,False,False,False,False,False,False,True,False,False
2009-06-15,40.0,28.0,144.0,727.0,500.0,,240.0,,2009.0,6.0,2.0,0.19444444444444445,1,False,False,True,False,False,False,True,False,False
2013-12-21,40.0,35.0,67.0,370.0,775.0,,248.0,,2013.0,12.0,4.0,0.5223880597014925,1,False,False,False,False,False,False,True,False,False
2004-02-06,130.0,,76.0,60.0,527.0,,,,2004.0,2.0,1.0,,1,True,False,False,False,False,False,True,False,False
2016-08-30,14.0,15.0,,,350.0,768.0,384.0,96.0,2016.0,8.0,3.0,,1,False,True,False,False,True,False,False,False,False
2013-04-23,28.0,25.0,110.0,1178.0,600.0,,153.6,9.6,2013.0,4.0,2.0,0.22727272727272727,1,False,False,False,False,False,False,True,False,False
2007-10-04,80.0,21.0,127.0,210.0,459.0,,29.38,,2007.0,10.0,4.0,0.16535433070866143,1,False,False,True,False,False,False,True,False,False
2020-04-30,14.0,15.0,,,350.0,403.2,201.6,50.4,2020.0,4.0,2.0,,1,False,True,False,False,True,False,False,False,False
2009-01-15,55.0,219.0,470.0,1400.0,633.0,,673.9,84.24,2009.0,1.0,1.0,0.46595744680851064,1,False,False,True,False,False,False,True,False,False
2014-03-27,28.0,19.0,87.0,1020.0,954.0,,366.3,15.26,2014.0,3.0,1.0,0.21839080459770116,1,False,False,True,False,False,False,True,False,False
2008-02-23,65.0,70.0,324.0,754.0,500.0,,240.0,,2008.0,2.0,1.0,0.21604938271604937,1,False,False,True,False,False,False,True,False,False
2006-06-14,150.0,,174.0,80.0,250.0,,,,2006.0,6.0,2.0,,1,False,False,False,True,False,False,False,True,False
2015-05-05,28.0,,125.0,1550.0,943.0,653.4,653.4,40.84,2015.0,5.0,2.0,,1,False,False,False,False,False,False,True,False,False
2008-02-21,65.0,95.0,240.0,505.0,650.0,,208.0,,2008.0,2.0,1.0,0.3958333333333333,1,False,False,True,False,False,False,True,False,False
2012-03-22,40.0,75.0,332.0,1950.0,598.0,,803.7,66.98,2012.0,3.0,1.0,0.22590361445783133,1,False,False,True,False,False,False,True,False,False
2005-01-01,130.0,,73.0,,300.0,,,,2005.0,1.0,1.0,,1,True,False,False,False,False,False,False,False,True
2001-03-03,180.0,,64.0,20.0,200.0,,,,2001.0,3.0,1.0,,1,False,False,True,False,False,False,True,False,False
2008-07-25,90.0,640.0,484.0,681.0,600.0,,345.6,,2008.0,7.0,3.0,1.322314049586777,1,False,False,True,False,False,False,True,False,False
2008-03-30,55.0,75.0,192.0,666.0,670.0,,428.8,85.76,2008.0,3.0,1.0,0.390625,1,True,False,False,False,False,False,True,False,False
2002-02-06,150.0,,65.0,29.0,200.0,,,,2002.0,2.0,1.0,,1,False,False,True,False,False,False,True,False,False
2010-11-09,40.0,9.0,75.0,450.0,500.0,,80.0,,2010.0,11.0,4.0,0.12,1,False,False,False,False,False,False,True,False,False
2012-03-22,40.0,35.0,238.0,1170.0,650.0,,388.8,32.4,2012.0,3.0,1.0,0.14705882352941177,1,False,False,True,False,False,False,True,False,False
2006-04-20,110.0,30.0,154.0,146.0,360.0,,,,2006.0,4.0,2.0,0.19480519480519481,1,False,False,True,False,False,False,True,False,False
2007-06-28,65.0,89.0,153.0,390.0,800.0,,192.0,,2007.0,6.0,2.0,0.5816993464052288,1,True,False,False,False,False,False,True,False,False
2002-10-05,180.0,,73.0,30.0,160.0,,,,2002.0,10.0,4.0,,1,True,False,False,False,False,False,False,False,True
2015-08-26,28.0,33.0,,,1071.0,,903.2,28.22,2015.0,8.0,3.0,,1,False,False,True,False,False,False,True,False,False
2002-07-01,150.0,,215.0,110.0,325.0,,,,2002.0,7.0,3.0,,1,True,False,False,False,False,False,True,False,False
2009-09-23,40.0,188.0,334.0,2154.0,850.0,,2720.0,544.0,2009.0,9.0,3.0,0.562874251497006,1,True,False,False,False,False,False,True,False,False
2018-12-04,16.0,150.0,314.0,7200.0,1506.0,101.0,6463.0,202.0,2018.0,12.0,4.0,0.47770700636942676,1,False,False,True,False,False,False,True,False,False
2006-01-24,90.0,100.0,352.0,384.0,625.0,,,,2006.0,1.0,1.0,0.2840909090909091,1,True,False,False,False,False,False,True,False,False
2002-02-06,150.0,,101.0,36.0,250.0,,,,2002.0,2.0,1.0,,1,False,False,True,False,False,False,True,False,False
2010-10-11,40.0,106.0,238.0,1170.0,790.0,,455.0,37.92,2010.0,10.0,4.0,0.44537815126050423,1,False,False,True,False,False,False,True,False,False
2021-01-01,8.0,,,,735.0,5299.0,5299.0,82.8,2021.0,1.0,1.0,,1,False,False,True,False,False,True,False,False,False
2016-01-01,28.0,23.0,,,1004.0,,953.9,29.81,2016.0,1.0,1.0,,1,False,False,True,False,False,False,True,False,False
2006-06-01,90.0,13.0,,,500.0,,,,2006.0,6.0,2.0,,1,False,True,False,False,True,False,False,False,False
2005-12-01,90.0,,100.0,107.0,450.0,,,,2005.0,12.0,4.0,,1,True,False,False,False,False,False,True,False,False
2011-06-28,40.0,100.0,332.0,1950.0,620.0,,952.3,79.36,2011.0,6.0,2.0,0.30120481927710846,1,False,False,True,False,False,False,True,False,False
2017-01-03,14.0,75.0,132.0,3300.0,1354.0,29.86,1911.0,59.72,2017.0,1.0,1.0,0.5681818181818182,1,False,False,True,False,False,True,False,False,False
2017-06-12,14.0,65.0,103.0,2200.0,925.0,1248.0,1248.0,78.02,2017.0,6.0,2.0,0.6310679611650486,1,False,False,False,False,False,False,False,False,False
2001-12-01,180.0,,115.0,30.0,144.0,,,,2001.0,12.0,4.0,,1,True,False,False,False,False,False,True,False,False
2014-03-27,28.0,19.0,87.0,1020.0,967.0,,742.7,30.94,2014.0,3.0,1.0,0.21839080459770116,1,False,False,True,False,False,False,True,False,False
2015-11-12,28.0,,160.0,2080.0,1075.0,,1651.0,103.2,2015.0,11.0,4.0,,1,False,False,False,False,False,False,True,False,False
2011-05-16,40.0,138.0,334.0,2154.0,700.0,,2016.0,403.2,2011.0,5.0,2.0,0.41317365269461076,1,True,False,False,False,False,False,True,False,False
2014-06-11,28.0,15.0,107.0,930.0,800.0,,204.8,12.8,2014.0,6.0,2.0,0.14018691588785046,1,False,False,False,False,False,False,False,False,False
2021-01-12,8.0,80.0,392.0,17400.0,780.0,13210.0,13210.0,206.4,2021.0,1.0,1.0,0.20408163265306123,1,False,False,True,False,False,True,False,False,False
2017-10-26,14.0,10.0,210.0,4940.0,300.0,3331.0,1665.0,104.1,2017.0,10.0,4.0,0.047619047619047616,1,False,False,False,False,False,False,False,False,False
2014-09-16,28.0,100.0,294.0,3540.0,693.0,,2491.0,103.8,2014.0,9.0,3.0,0.3401360544217687,1,False,False,True,False,False,False,True,False,False
2014-03-17,28.0,15.0,116.0,585.0,738.0,,141.7,11.81,2014.0,3.0,1.0,0.12931034482758622,1,False,False,True,False,False,False,True,False,False
2008-07-29,80.0,12.0,127.0,210.0,450.0,,35.2,,2008.0,7.0,3.0,0.09448818897637795,1,False,False,False,False,False,False,False,False,True
2019-05-23,28.0,50.0,56.0,690.0,1030.0,,659.2,41.2,2019.0,5.0,2.0,0.8928571428571429,1,False,False,False,False,False,False,True,False,False
2002-02-06,150.0,,65.0,29.0,275.0,,,,2002.0,2.0,1.0,,1,False,False,True,False,False,False,True,False,False
2007-09-12,80.0,38.0,169.0,289.0,460.0,,29.44,,2007.0,9.0,3.0,0.22485207100591717,1,False,False,True,False,False,False,True,False,False
,250.0,60.0,112.0,14.0,166.0,,,,,,,0.5357142857142857,1,False,False,False,True,False,False,True,False,False
2013-11-27,28.0,65.0,221.0,2540.0,1058.0,,812.5,33.86,2013.0,11.0,4.0,0.29411764705882354,1,False,False,True,False,False,False,True,False,False
2012-06-06,32.0,65.0,246.0,1303.0,760.0,,695.0,,2012.0,6.0,2.0,0.26422764227642276,1,False,False,False,False,False,False,True,False,False
2016-08-15,16.0,120.0,314.0,7200.0,1442.0,105.3,6738.0,210.6,2016.0,8.0,3.0,0.3821656050955414,1,False,False,True,False,False,False,True,False,False
2006-10-12,90.0,45.0,196.0,278.0,575.0,,,,2006.0,10.0,4.0,0.22959183673469388,1,False,False,True,False,False,False,True,False,False
2010-02-02,55.0,75.0,260.0,754.0,500.0,,240.0,,2010.0,2.0,1.0,0.28846153846153844,1,False,False,True,False,False,False,True,False,False
2007-11-19,55.0,,192.0,666.0,777.0,,497.3,99.46,2007.0,11.0,4.0,,1,True,False,False,False,False,False,True,False,False
2018-11-18,7.0,300.0,331.0,13230.0,1200.0,26820.0,13410.0,6705.0,2018.0,11.0,4.0,0.9063444108761329,1,False,False,False,False,False,False,True,False,False
2018-04-11,14.0,50.0,103.0,2200.0,1124.0,1240.0,1240.0,77.5,2018.0,4.0,2.0,0.4854368932038835,1,False,False,False,False,False,False,False,False,False
2015-05-05,28.0,80.0,212.0,2800.0,958.0,,1962.0,122.6,2015.0,5.0,2.0,0.37735849056603776,1,False,False,False,False,False,False,True,False,False
2018-01-08,14.0,15.0,210.0,4940.0,300.0,845.6,422.8,26.42,2018.0,1.0,1.0,0.07142857142857142,1,False,False,False,False,False,False,False,False,False
2011-05-02,40.0,45.0,118.0,716.0,600.0,,576.0,,2011.0,5.0,2.0,0.3813559322033898,1,False,False,False,False,False,False,True,False,False
2010-05-01,55.0,35.0,73.0,242.0,500.0,,80.0,,2010.0,5.0,2.0,0.4794520547945205,1,False,False,False,False,False,False,True,False,False
2005-09-29,110.0,,154.0,146.0,375.0,,,,2005.0,9.0,3.0,,1,False,False,True,False,False,False,True,False,False
2014-01-09,28.0,,77.0,950.0,725.0,,633.6,,2014.0,1.0,1.0,,1,False,False,False,False,False,False,True,False,False
2009-01-08,65.0,14.0,86.0,210.0,640.0,,25.6,,2009.0,1.0,1.0,0.16279069767441862,1,False,False,True,False,False,False,True,False,False
2013-07-23,28.0,75.0,294.0,3540.0,706.0,,1084.0,45.18,2013.0,7.0,3.0,0.25510204081632654,1,False,False,True,False,False,False,True,False,False
2009-07-01,55.0,120.0,260.0,754.0,675.0,,362.9,,2009.0,7.0,3.0,0.46153846153846156,1,False,False,True,False,False,False,True,False,False
2019-11-26,12.0,250.0,815.0,21100.0,1245.0,32710.0,16350.000000000002,8177.0,2019.0,11.0,4.0,0.3067484662576687,1,False,False,True,False,False,False,True,False,False
2006-05-01,90.0,75.0,352.0,384.0,575.0,,,,2006.0,5.0,2.0,0.21306818181818182,1,True,False,False,False,False,False,True,False,False
2011-02-09,40.0,65.0,116.0,585.0,810.0,,311.0,25.92,2011.0,2.0,1.0,0.5603448275862069,1,False,False,True,False,False,False,True,False,False
2017-01-11,28.0,45.0,148.0,1870.0,991.0,,1469.0,45.92,2017.0,1.0,1.0,0.30405405405405406,1,False,False,True,False,False,False,True,False,False
2012-01-07,40.0,20.0,104.0,716.0,450.0,,432.0,,2012.0,1.0,1.0,0.19230769230769232,1,False,False,False,False,False,False,True,False,False
2018-01-03,14.0,75.0,132.0,3300.0,1000.0,22.78,1458.0,45.56,2018.0,1.0,1.0,0.5681818181818182,1,False,False,True,False,False,True,False,False,False
2011-12-07,32.0,35.0,227.0,1178.0,400.0,,256.0,,2011.0,12.0,4.0,0.15418502202643172,1,False,False,False,False,False,False,True,False,False
2012-09-09,40.0,29.0,79.0,292.0,550.0,,115.2,9.6,2012.0,9.0,3.0,0.3670886075949367,1,False,False,True,False,False,False,True,False,False
2016-04-08,28.0,75.0,228.0,2940.0,796.0,,1786.0,55.82,2016.0,4.0,2.0,0.32894736842105265,1,False,False,True,False,False,False,True,False,False
2018-05-24,14.0,15.0,,,350.0,921.6,460.8,115.2,2018.0,5.0,2.0,,1,False,True,False,False,True,False,False,False,False
2011-01-31,40.0,19.0,59.0,292.0,650.0,,104.0,,2011.0,1.0,1.0,0.3220338983050847,1,False,False,False,False,False,False,True,False,False
2017-08-07,14.0,295.0,495.0,12500.0,1247.0,25330.0,12660.0,791.6,2017.0,8.0,3.0,0.5959595959595959,1,False,False,False,False,False,False,False,False,False
2011-01-04,40.0,35.0,104.0,716.0,725.0,,696.0,,2011.0,1.0,1.0,0.33653846153846156,1,False,False,False,False,False,False,True,False,False
2006-02-01,90.0,,150.0,157.0,475.0,,,,2006.0,2.0,1.0,,1,True,False,False,False,False,False,True,False,False
2018-04-19,14.0,35.0,210.0,4940.0,300.0,3523.0,1761.0,110.1,2018.0,4.0,2.0,0.16666666666666666,1,False,False,False,False,False,False,False,False,False
2020-01-01,12.0,,754.0,18600.0,1275.0,26820.0,13410.0,419.0,2020.0,1.0,1.0,,1,False,False,True,False,False,False,True,False,False
2004-12-01,130.0,54.0,289.0,160.0,475.0,,,,2004.0,12.0,4.0,0.18685121107266436,1,True,False,False,False,False,False,True,False,False
2008-07-15,65.0,75.0,324.0,754.0,500.0,,280.0,,2008.0,7.0,3.0,0.23148148148148148,1,False,False,True,False,False,False,True,False,False
2016-05-15,28.0,,56.0,690.0,1030.0,,659.2,41.2,2016.0,5.0,2.0,,1,False,False,False,False,False,False,True,False,False
2001-05-14,150.0,,128.0,57.0,200.0,,,,2001.0,5.0,2.0,,1,False,False,True,False,False,False,True,False,False
2004-08-12,110.0,,154.0,146.0,300.0,,,,2004.0,8.0,3.0,,1,False,False,True,False,False,False,True,False,False
2005-05-31,150.0,10.0,65.0,29.0,250.0,,,,2005.0,5.0,2.0,0.15384615384615385,1,False,False,True,False,False,False,True,False,False
2015-11-10,28.0,250.0,601.0,8000.0,948.0,,6844.0,213.9,2015.0,11.0,4.0,0.415973377703827,1,False,False,True,False,False,False,True,False,False
2010-05-05,55.0,10.0,73.0,242.0,500.0,,80.0,,2010.0,5.0,2.0,0.136986301369863,1,True,False,False,False,False,False,True,False,False
,28.0,,56.0,690.0,650.0,,448.0,,,,,,1,False,False,False,False,False,False,True,False,False
2017-04-20,14.0,50.0,103.0,2200.0,1100.0,1211.0,1211.0,75.71,2017.0,4.0,2.0,0.4854368932038835,1,False,False,False,False,False,False,False,False,False
2013-03-26,28.0,134.0,221.0,2540.0,980.0,,1585.0,66.05,2013.0,3.0,1.0,0.6063348416289592,1,False,False,True,False,False,False,True,False,False
2004-06-01,130.0,,92.0,76.0,250.0,,,,2004.0,6.0,2.0,,1,True,False,False,False,False,False,True,False,False
2006-08-23,80.0,44.0,131.0,330.0,600.0,,,,2006.0,8.0,3.0,0.33587786259541985,1,True,False,False,False,False,False,True,False,False
2005-05-31,150.0,10.0,91.0,45.0,250.0,,,,2005.0,5.0,2.0,0.10989010989010989,1,False,False,True,False,False,False,True,False,False
2014-09-02,28.0,190.0,366.0,5000.0,918.0,3290.0,3290.0,205.6,2014.0,9.0,3.0,0.5191256830601093,1,False,False,False,False,False,False,True,False,False
2010-06-01,40.0,150.0,334.0,2154.0,700.0,,2016.0,403.2,2010.0,6.0,2.0,0.4491017964071856,1,False,False,False,False,False,False,True,False,False
2011-02-22,40.0,100.0,520.0,3000.0,450.0,,691.2,,2011.0,2.0,1.0,0.19230769230769232,1,False,False,True,False,False,False,True,False,False
2011-01-05,40.0,100.0,332.0,1950.0,575.0,,883.2,73.6,2011.0,1.0,1.0,0.30120481927710846,1,False,False,True,False,False,False,True,False,False
2017-06-27,16.0,80.0,200.0,4400.0,1063.0,59.2,3789.0,118.4,2017.0,6.0,2.0,0.4,1,False,False,True,False,False,False,True,False,False
2020-05-13,14.0,15.0,,,350.0,921.6,460.8,115.2,2020.0,5.0,2.0,,1,False,True,False,False,True,False,False,False,False
2015-09-01,14.0,15.0,,,300.0,345.6,172.8,43.2,2015.0,9.0,3.0,,1,False,True,False,False,True,False,False,False,False
2017-04-06,16.0,250.0,471.0,11800.0,1405.0,189.8,12150.0,379.7,2017.0,4.0,2.0,0.5307855626326964,1,False,False,True,False,False,False,True,False,False
2011-05-24,40.0,150.0,389.0,2640.0,725.0,,1856.0,464.0,2011.0,5.0,2.0,0.3856041131105398,1,False,False,False,False,False,False,True,False,False
2016-08-04,14.0,120.0,232.0,5700.0,926.0,4940.0,4940.0,308.7,2016.0,8.0,3.0,0.5172413793103449,1,False,False,False,False,False,False,False,False,False
2014-10-12,28.0,,125.0,1550.0,925.0,721.9,721.9,45.12,2014.0,10.0,4.0,,1,False,False,False,False,False,False,True,False,False
2015-09-01,14.0,15.0,,,350.0,364.8,182.4,45.6,2015.0,9.0,3.0,,1,False,True,False,False,True,False,False,False,False
,8.0,350.0,628.0,28300.0,1365.0,34100.0,34100.0,532.8,,,,0.5573248407643312,1,False,False,True,False,False,True,False,False,False
2012-06-06,40.0,18.0,75.0,450.0,276.0,,44.16,,2012.0,6.0,2.0,0.24,1,False,False,False,False,False,False,True,False,False
2008-06-01,55.0,188.0,470.0,1400.0,610.0,,622.1,77.76,2008.0,6.0,2.0,0.4,1,False,False,True,False,False,False,True,False,False
2009-03-30,65.0,34.0,144.0,314.0,450.0,,35.2,,2009.0,3.0,1.0,0.2361111111111111,1,False,False,True,False,False,False,False,True,False
2006-06-06,110.0,18.0,110.0,75.0,275.0,,,,2006.0,6.0,2.0,0.16363636363636364,1,False,False,True,False,False,False,True,False,False
2011-05-24,40.0,75.0,389.0,2640.0,600.0,,614.4,153.6,2011.0,5.0,2.0,0.1928020565552699,1,False,False,False,False,False,False,True,False,False
2004-12-21,110.0,,156.0,120.0,400.0,,,,2004.0,12.0,4.0,,1,True,False,False,False,False,False,True,False,False
2010-04-01,40.0,17.0,59.0,292.0,500.0,,80.0,,2010.0,4.0,2.0,0.288135593220339,1,True,False,False,False,False,False,True,False,False
2003-03-01,150.0,,91.0,45.0,250.0,,,,2003.0,3.0,1.0,,1,False,False,True,False,False,False,True,False,False
2008-08-14,65.0,75.0,324.0,754.0,550.0,,352.0,,2008.0,8.0,3.0,0.23148148148148148,1,False,False,True,False,False,False,True,False,False
2004-05-01,110.0,49.0,240.0,160.0,400.0,,,,2004.0,5.0,2.0,0.20416666666666666,1,True,False,False,False,False,False,True,False,False
2011-11-01,40.0,75.0,118.0,716.0,800.0,,768.0,,2011.0,11.0,4.0,0.635593220338983,1,False,False,False,False,False,False,True,False,False
2012-05-10,28.0,170.0,294.0,3540.0,915.0,,2634.0,109.8,2012.0,5.0,2.0,0.5782312925170068,1,False,False,True,False,False,False,True,False,False
2013-02-19,28.0,20.0,85.0,11.0,660.0,,,,2013.0,2.0,1.0,0.23529411764705882,1,False,False,True,False,False,False,True,False,False
2013-01-06,40.0,25.0,57.0,260.0,589.0,,44.86,,2013.0,1.0,1.0,0.43859649122807015,1,False,False,True,False,False,False,True,False,False
2010-09-03,40.0,25.0,57.0,260.0,589.0,,44.86,,2010.0,9.0,3.0,0.43859649122807015,1,False,False,True,False,False,False,True,False,False
2007-05-09,80.0,10.0,127.0,210.0,400.0,,12.8,,2007.0,5.0,2.0,0.07874015748031496,1,False,False,True,False,False,False,True,False,False
2002-11-12,150.0,,101.0,36.0,300.0,,,,2002.0,11.0,4.0,,1,False,False,True,False,False,False,True,False,False
2004-05-01,130.0,,289.0,160.0,450.0,,,,2004.0,5.0,2.0,,1,True,False,False,False,False,False,True,False,False
2010-02-01,65.0,75.0,324.0,754.0,600.0,,384.0,,2010.0,2.0,1.0,0.23148148148148148,1,False,False,True,False,False,False,True,False,False
2007-04-17,80.0,40.0,127.0,210.0,580.0,,44.8,,2007.0,4.0,2.0,0.31496062992125984,1,False,False,True,False,False,False,False,False,True
2012-06-26,40.0,20.0,79.0,292.0,523.0,,100.4,8.368,2012.0,6.0,2.0,0.25316455696202533,1,False,False,True,False,False,False,True,False,False
2007-02-28,80.0,,73.0,120.0,400.0,,,,2007.0,2.0,1.0,,1,True,False,False,False,False,False,False,False,True
2012-08-27,28.0,150.0,212.0,2800.0,950.0,,2432.0,152.0,2012.0,8.0,3.0,0.7075471698113207,1,False,False,False,False,False,False,True,False,False
2017-02-06,16.0,105.0,314.0,7200.0,1202.0,82.88,5304.0,165.8,2017.0,2.0,1.0,0.3343949044585987,1,False,False,True,False,False,False,True,False,False
,180.0,,,10.0,125.0,,,,,,,,1,False,False,False,True,False,False,False,True,False
2012-03-22,28.0,15.0,116.0,585.0,625.0,,240.0,20.0,2012.0,3.0,1.0,0.12931034482758622,1,False,False,True,False,False,False,True,False,False
2014-11-17,28.0,300.0,561.0,7100.0,562.0,,4113.0,1371.0,2014.0,11.0,4.0,0.5347593582887701,1,False,False,True,False,False,False,True,False,False
2016-10-21,14.0,120.0,232.0,5700.0,926.0,4322.0,4322.0,270.1,2016.0,10.0,4.0,0.5172413793103449,1,False,False,False,False,False,False,False,False,False
2011-05-17,40.0,150.0,332.0,1950.0,810.0,,1089.0,90.72,2011.0,5.0,2.0,0.45180722891566266,1,False,False,True,False,False,False,True,False,False
2008-06-03,65.0,20.0,162.0,282.0,450.0,,35.2,,2008.0,6.0,2.0,0.12345679012345678,1,False,False,True,False,False,False,False,False,True
,180.0,15.0,112.0,14.0,166.0,,,,,,,0.13392857142857142,1,False,False,False,True,False,False,True,False,False
2009-01-08,65.0,14.0,144.0,314.0,450.0,,35.2,,2009.0,1.0,1.0,0.09722222222222222,1,False,False,True,False,False,False,False,False,True
2013-08-25,28.0,130.0,294.0,3540.0,823.0,,2046.0,85.25,2013.0,8.0,3.0,0.4421768707482993,1,False,False,True,False,False,False,True,False,False
2021-01-01,14.0,15.0,,,300.0,1331.0,665.6,166.4,2021.0,1.0,1.0,,1,False,True,False,False,True,False,False,False,False
2008-07-25,55.0,640.0,470.0,1400.0,648.0,,622.1,77.76,2008.0,7.0,3.0,1.3617021276595744,1,False,False,True,False,False,False,True,False,False
2018-01-03,14.0,75.0,132.0,3300.0,1152.0,30.98,1983.0,61.97,2018.0,1.0,1.0,0.5681818181818182,1,False,False,True,False,False,True,False,False,False
,10.0,30.0,77.0,,900.0,3968.0,1984.0,496.0,,,,0.38961038961038963,1,False,True,False,False,True,False,False,False,False
2006-04-20,90.0,21.0,81.0,112.0,550.0,,,,2006.0,4.0,2.0,0.25925925925925924,1,False,False,True,False,False,False,True,False,False
2010-03-01,55.0,,67.0,181.0,500.0,,40.0,,2010.0,3.0,1.0,,1,True,False,False,False,False,False,False,False,True
2010-11-09,40.0,18.0,75.0,450.0,276.0,,44.16,,2010.0,11.0,4.0,0.24,1,False,False,False,False,False,False,True,False,False
2005-12-22,90.0,,100.0,107.0,450.0,,,,2005.0,12.0,4.0,,1,True,False,False,False,False,False,True,False,False
2019-04-23,12.0,50.0,200.0,4700.0,1395.0,6390.0,3195.0,99.84,2019.0,4.0,2.0,0.25,1,False,False,True,False,False,False,True,False,False
2001-03-03,180.0,,64.0,20.0,200.0,,,,2001.0,3.0,1.0,,1,False,False,True,False,False,False,True,False,False
2013-03-20,40.0,39.0,104.0,627.0,650.0,,520.0,,2013.0,3.0,1.0,0.375,1,False,False,False,False,False,False,True,False,False
2013-01-08,28.0,75.0,77.0,950.0,1000.0,,806.4,50.4,2013.0,1.0,1.0,0.974025974025974,1,False,False,False,False,False,False,True,False,False
2016-06-01,28.0,148.0,398.0,5200.0,1050.0,,3920.0,122.5,2016.0,6.0,2.0,0.37185929648241206,1,False,False,True,False,False,False,True,False,False
2007-05-09,90.0,13.0,,,500.0,,,,2007.0,5.0,2.0,,1,False,True,False,False,True,False,False,False,False
2020-10-05,8.0,300.0,628.0,28300.0,1305.0,37740.0,37740.0,1179.0,2020.0,10.0,4.0,0.47770700636942676,1,False,False,True,False,False,True,False,False,False
2009-01-20,65.0,40.0,86.0,210.0,550.0,,22.4,,2009.0,1.0,1.0,0.46511627906976744,1,False,False,True,False,False,False,True,False,False
2009-01-20,55.0,50.0,121.0,314.0,550.0,,89.6,,2009.0,1.0,1.0,0.4132231404958678,1,False,False,True,False,False,False,True,False,False
2006-05-15,90.0,24.0,125.0,177.0,350.0,,,,2006.0,5.0,2.0,0.192,1,False,False,True,False,False,False,True,False,False
2013-11-27,28.0,15.0,116.0,585.0,775.0,,297.6,24.8,2013.0,11.0,4.0,0.12931034482758622,1,False,False,True,False,False,False,True,False,False
2011-05-01,32.0,,131.0,504.0,350.0,,76.8,,2011.0,5.0,2.0,,1,False,True,False,False,True,False,False,False,False
2011-05-14,40.0,70.0,238.0,1170.0,720.0,,414.7,34.56,2011.0,5.0,2.0,0.29411764705882354,1,False,False,True,False,False,False,True,False,False
2010-01-03,55.0,110.0,256.0,956.0,575.0,,736.0,147.2,2010.0,1.0,1.0,0.4296875,1,True,False,False,False,False,False,True,False,False
2012-03-22,28.0,15.0,116.0,585.0,625.0,,240.0,20.0,2012.0,3.0,1.0,0.12931034482758622,1,False,False,True,False,False,False,True,False,False
2015-04-01,14.0,6.0,,,500.0,,96.0,24.0,2015.0,4.0,2.0,,1,False,True,False,False,True,False,False,False,False
2007-10-29,65.0,125.0,324.0,754.0,600.0,,336.0,,2007.0,10.0,4.0,0.38580246913580246,1,False,False,True,False,False,False,True,False,False
2003-11-01,130.0,,92.0,76.0,320.0,,,,2003.0,11.0,4.0,,1,True,False,False,False,False,False,True,False,False
2003-10-07,150.0,,215.0,110.0,297.0,,,,2003.0,10.0,4.0,,1,True,False,False,False,False,False,True,False,False
2012-01-05,40.0,27.0,67.0,370.0,750.0,,240.0,,2012.0,1.0,1.0,0.40298507462686567,1,False,False,False,False,False,False,True,False,False
2015-11-10,28.0,50.0,228.0,2940.0,872.0,,2195.0,68.61,2015.0,11.0,4.0,0.21929824561403508,1,False,False,True,False,False,False,True,False,False
2008-03-04,65.0,,85.0,180.0,500.0,,40.0,,2008.0,3.0,1.0,,1,True,False,False,False,False,False,False,False,True
2017-11-07,16.0,150.0,359.0,7000.0,1172.0,6001.0,6001.0,,2017.0,11.0,4.0,0.4178272980501393,1,False,False,False,False,False,False,True,False,False
2006-06-01,90.0,10.0,81.0,112.0,300.0,,,,2006.0,6.0,2.0,0.12345679012345678,1,False,False,True,False,False,False,True,False,False
2007-06-28,65.0,45.0,153.0,390.0,800.0,,192.0,,2007.0,6.0,2.0,0.29411764705882354,1,True,False,False,False,False,False,True,False,False
2020-04-02,12.0,50.0,200.0,4700.0,1035.0,4915.0,2458.0,76.8,2020.0,4.0,2.0,0.25,1,False,False,True,False,False,False,True,False,False
2012-09-06,28.0,65.0,118.0,1270.0,1058.0,,812.5,33.86,2012.0,9.0,3.0,0.5508474576271186,1,False,False,True,False,False,False,True,False,False
2010-10-11,40.0,49.0,116.0,585.0,700.0,,268.8,22.4,2010.0,10.0,4.0,0.4224137931034483,1,False,False,True,False,False,False,True,False,False
2005-09-30,110.0,,222.0,198.0,450.0,,,,2005.0,9.0,3.0,,1,False,False,True,False,False,False,True,False,False
2007-06-28,65.0,20.0,85.0,180.0,525.0,,42.0,,2007.0,6.0,2.0,0.23529411764705882,1,True,False,False,False,False,False,True,False,False
2020-01-21,7.0,150.0,251.0,10300.0,1130.0,12780.0,6390.0,399.4,2020.0,1.0,1.0,0.5976095617529881,1,False,False,False,False,False,False,True,False,False
2012-03-22,28.0,195.0,294.0,3540.0,1006.0,,3250.0,135.4,2012.0,3.0,1.0,0.6632653061224489,1,False,False,True,False,False,False,True,False,False
2004-09-01,130.0,,281.0,160.0,450.0,,,,2004.0,9.0,3.0,,1,True,False,False,False,False,False,True,False,False
2019-05-27,12.0,110.0,545.0,13600.0,1035.0,18980.0,9492.0,296.6,2019.0,5.0,2.0,0.2018348623853211,1,False,False,True,False,False,False,True,False,False
2013-07-23,28.0,225.0,294.0,3540.0,745.0,,2289.0,95.36,2013.0,7.0,3.0,0.7653061224489796,1,False,False,True,False,False,False,True,False,False
2020-01-06,7.0,15.0,156.0,9800.0,400.0,1792.0,896.0,56.0,2020.0,1.0,1.0,0.09615384615384616,1,False,False,False,False,False,False,True,False,False
2010-01-01,55.0,,73.0,242.0,550.0,,88.0,,2010.0,1.0,1.0,,1,True,False,False,False,False,False,True,False,False
2004-03-17,130.0,,207.0,135.0,275.0,,,,2004.0,3.0,1.0,,1,False,False,True,False,False,False,True,False,False
2002-04-16,150.0,,83.0,60.0,260.0,,,,2002.0,4.0,2.0,,1,True,False,False,False,False,False,True,False,False
2018-11-15,12.0,175.0,232.0,5700.0,1469.0,7119.0,7119.0,445.0,2018.0,11.0,4.0,0.7543103448275862,1,False,False,False,False,False,False,False,False,False
2011-02-07,40.0,44.0,104.0,716.0,650.0,,624.0,,2011.0,2.0,1.0,0.4230769230769231,1,False,False,False,False,False,False,True,False,False
2016-05-18,28.0,50.0,148.0,1870.0,1033.0,,793.3,24.79,2016.0,5.0,2.0,0.33783783783783783,1,False,False,True,False,False,False,True,False,False
2002-07-01,150.0,28.0,97.0,36.0,250.0,,,,2002.0,7.0,3.0,0.28865979381443296,1,True,False,False,False,False,False,True,False,False
2007-11-20,80.0,,100.0,107.0,635.0,,,,2007.0,11.0,4.0,,1,True,False,False,False,False,False,False,True,False
2009-03-30,55.0,108.0,470.0,1400.0,600.0,,462.3,57.79,2009.0,3.0,1.0,0.2297872340425532,1,False,False,True,False,False,False,True,False,False
2013-05-23,32.0,35.0,246.0,1303.0,533.0,,480.8,,2013.0,5.0,2.0,0.14227642276422764,1,False,False,False,False,False,False,True,False,False
2011-02-01,32.0,,149.0,624.0,850.0,,259.2,,2011.0,2.0,1.0,,1,False,True,False,False,True,False,False,False,False
2011-07-04,40.0,39.0,104.0,627.0,550.0,,352.0,,2011.0,7.0,3.0,0.375,1,False,False,False,False,False,False,True,False,False
2017-10-03,14.0,35.0,103.0,2200.0,1124.0,1248.0,1248.0,78.02,2017.0,10.0,4.0,0.33980582524271846,1,False,False,False,False,False,False,False,False,False
2017-02-06,14.0,50.0,132.0,3300.0,1557.0,38.57,2468.0,77.14,2017.0,2.0,1.0,0.3787878787878788,1,False,False,True,False,False,True,False,False,False
2021-01-01,12.0,250.0,754.0,18600.0,1350.0,26900.0,13450.0,420.2,2021.0,1.0,1.0,0.33156498673740054,1,False,False,True,False,False,False,True,False,False
2011-04-19,40.0,60.0,118.0,716.0,650.0,,624.0,,2011.0,4.0,2.0,0.5084745762711864,1,False,False,False,False,False,False,True,False,False
2006-09-28,90.0,75.0,196.0,278.0,425.0,,,,2006.0,9.0,3.0,0.3826530612244898,1,False,False,True,False,False,False,True,False,False
2011-01-05,40.0,35.0,116.0,585.0,740.0,,284.2,23.68,2011.0,1.0,1.0,0.3017241379310345,1,False,False,True,False,False,False,True,False,False
2020-09-01,8.0,220.0,392.0,17400.0,1500.0,20310.0,20310.0,317.4,2020.0,9.0,3.0,0.5612244897959183,1,False,False,True,False,False,True,False,False,False
2014-03-06,28.0,33.0,87.0,1020.0,719.0,,552.2,23.01,2014.0,3.0,1.0,0.3793103448275862,1,False,False,True,False,False,False,True,False,False
,12.0,18.0,200.0,4700.0,420.0,5107.0,2554.0,79.8,,,,0.09,1,False,False,True,False,False,False,True,False,False
2013-12-20,28.0,55.0,123.0,1500.0,800.0,,819.2,51.2,2013.0,12.0,4.0,0.44715447154471544,1,False,False,False,False,False,False,True,False,False
2003-03-01,130.0,,121.0,80.0,275.0,,,,2003.0,3.0,1.0,,1,False,False,True,False,False,False,True,False,False
2003-03-01,150.0,,124.0,45.0,275.0,,,,2003.0,3.0,1.0,,1,False,False,True,False,False,False,True,False,False
2016-10-30,14.0,35.0,123.0,3000.0,850.0,1858.0,1858.0,116.1,2016.0,10.0,4.0,0.2845528455284553,1,False,False,False,False,False,False,False,False,False
2017-02-07,14.0,47.0,132.0,3300.0,1354.0,22.27,1425.0,44.54,2017.0,2.0,1.0,0.3560606060606061,1,False,False,True,False,False,True,False,False,False
2010-01-10,40.0,14.0,57.0,260.0,625.0,,48.96,,2010.0,1.0,1.0,0.24561403508771928,1,False,False,True,False,False,False,True,False,False
2007-06-09,80.0,20.0,169.0,289.0,575.0,,73.6,,2007.0,6.0,2.0,0.11834319526627218,1,False,False,True,False,False,False,True,False,False
2010-04-01,40.0,23.0,100.0,486.0,450.0,,91.2,,2010.0,4.0,2.0,0.23,1,False,False,True,False,False,False,False,False,True
2013-04-01,28.0,45.0,118.0,1270.0,549.0,,421.6,17.57,2013.0,4.0,2.0,0.3813559322033898,1,False,False,True,False,False,False,True,False,False
2012-01-07,40.0,14.0,104.0,716.0,450.0,,440.0,,2012.0,1.0,1.0,0.1346153846153846,1,False,False,False,False,False,False,True,False,False
2008-06-03,40.0,20.0,57.0,260.0,500.0,,34.24,,2008.0,6.0,2.0,0.3508771929824561,1,False,False,True,False,False,False,True,False,False
,14.0,130.0,232.0,5700.0,1188.0,,5728.0,358.0,,,,0.5603448275862069,1,False,False,False,False,False,False,False,False,False
2010-12-10,40.0,204.0,529.0,3100.0,574.0,,1028.0,513.9,2010.0,12.0,4.0,0.3856332703213611,1,False,False,True,False,False,False,True,False,False
2015-03-13,28.0,33.0,,,1072.0,,903.2,28.22,2015.0,3.0,1.0,,1,False,False,True,False,False,False,True,False,False
2006-03-22,90.0,,81.0,112.0,450.0,,,,2006.0,3.0,1.0,,1,False,False,True,False,False,False,True,False,False
2015-08-18,28.0,100.0,398.0,5200.0,975.0,,2995.0,93.6,2015.0,8.0,3.0,0.25125628140703515,1,False,False,True,False,False,False,True,False,False
2008-10-01,65.0,13.0,,,640.0,,102.4,,2008.0,10.0,4.0,,1,False,True,False,False,True,False,False,False,False
2008-10-15,65.0,12.0,144.0,314.0,580.0,,44.8,,2008.0,10.0,4.0,0.08333333333333333,1,False,False,True,False,False,False,False,False,True
2003-03-01,130.0,,76.0,60.0,250.0,,,,2003.0,3.0,1.0,,1,True,False,False,False,False,False,True,False,False
2011-01-05,40.0,14.0,57.0,260.0,606.0,,38.78,,2011.0,1.0,1.0,0.24561403508771928,1,False,False,True,False,False,False,True,False,False
2015-03-13,28.0,33.0,,,1029.0,,863.2,26.98,2015.0,3.0,1.0,,1,False,False,True,False,False,False,True,False,False
,28.0,,77.0,950.0,775.0,,633.6,,,,,,1,False,False,False,False,False,False,True,False,False
2011-07-25,40.0,900.0,529.0,3100.0,574.0,,1028.0,513.9,2011.0,7.0,3.0,1.7013232514177694,1,False,False,True,False,False,False,True,False,False
2008-08-08,55.0,32.0,67.0,181.0,800.0,,64.0,,2008.0,8.0,3.0,0.47761194029850745,1,True,False,False,False,False,False,True,False,False
2004-10-11,90.0,,,,425.0,,,,2004.0,10.0,4.0,,1,False,False,True,False,False,False,False,False,True
2008-09-10,55.0,59.0,146.0,514.0,750.0,,480.0,,2008.0,9.0,3.0,0.4041095890410959,1,True,False,False,False,False,False,True,False,False
2009-05-07,65.0,20.0,85.0,180.0,519.0,,41.52,,2009.0,5.0,2.0,0.23529411764705882,1,True,False,False,False,False,False,True,False,False
2003-03-01,150.0,47.0,215.0,117.0,380.0,,,,2003.0,3.0,1.0,0.2186046511627907,1,True,False,False,False,False,False,True,False,False
2013-03-01,28.0,,56.0,690.0,750.0,,528.0,33.0,2013.0,3.0,1.0,,1,False,False,False,False,False,False,True,False,False
2016-12-12,28.0,,56.0,690.0,955.0,,791.0,49.44,2016.0,12.0,4.0,,1,False,False,False,False,False,False,True,False,False
2013-12-21,40.0,19.0,59.0,292.0,650.0,,104.0,,2013.0,12.0,4.0,0.3220338983050847,1,False,False,False,False,False,False,True,False,False
2018-04-11,14.0,50.0,103.0,2200.0,1100.0,1505.0,1505.0,94.08,2018.0,4.0,2.0,0.4854368932038835,1,False,False,False,False,False,False,False,False,False
2014-08-22,28.0,35.0,118.0,1270.0,850.0,,326.4,13.6,2014.0,8.0,3.0,0.2966101694915254,1,False,False,True,False,False,False,True,False,False
2009-03-03,65.0,60.0,240.0,505.0,600.0,,192.0,,2009.0,3.0,1.0,0.25,1,False,False,True,False,False,False,True,False,False
,28.0,375.0,352.0,4313.0,950.0,,4096.0,1024.0,,,,1.0653409090909092,1,False,False,False,False,False,False,True,False,False
2003-03-01,150.0,,81.0,36.0,200.0,,,,2003.0,3.0,1.0,,1,True,False,False,False,False,False,False,True,False
2002-11-12,150.0,,65.0,29.0,275.0,,,,2002.0,11.0,4.0,,1,False,False,True,False,False,False,True,False,False
2017-06-27,14.0,300.0,495.0,12500.0,1400.0,24580.0,12290.0,768.0,2017.0,6.0,2.0,0.6060606060606061,1,False,False,False,False,False,False,False,False,False
2012-10-09,28.0,110.0,221.0,2540.0,928.0,,1425.0,59.39,2012.0,10.0,4.0,0.497737556561086,1,False,False,True,False,False,False,True,False,False
2005-12-08,130.0,,287.0,222.0,350.0,,,,2005.0,12.0,4.0,,1,False,False,True,False,False,False,True,False,False
2019-01-07,28.0,55.0,123.0,1500.0,925.0,,1184.0,74.0,2019.0,1.0,1.0,0.44715447154471544,1,False,False,False,False,False,False,True,False,False
2019-01-29,12.0,65.0,445.0,10800.0,1005.0,11980.0,5990.0,187.2,2019.0,1.0,1.0,0.14606741573033707,1,False,False,True,False,False,False,True,False,False
2004-04-14,130.0,100.0,287.0,222.0,400.0,,,,2004.0,4.0,2.0,0.34843205574912894,1,False,False,True,False,False,False,True,False,False
2002-06-19,180.0,,,10.0,125.0,,,,2002.0,6.0,2.0,,1,False,False,False,True,False,False,False,True,False
2009-01-09,55.0,,256.0,956.0,550.0,,880.0,176.0,2009.0,1.0,1.0,,1,True,False,False,False,False,False,True,False,False
2010-04-26,40.0,150.0,334.0,2154.0,700.0,,2016.0,403.2,2010.0,4.0,2.0,0.4491017964071856,1,True,False,False,False,False,False,True,False,False
2011-11-09,40.0,20.0,80.0,10.0,416.0,,,,2011.0,11.0,4.0,0.25,1,False,False,True,False,False,False,True,False,False
2013-06-03,28.0,21.0,68.0,302.0,550.0,,,,2013.0,6.0,2.0,0.3088235294117647,1,False,False,True,False,False,True,False,False,False
2003-09-15,130.0,,,25.0,200.0,,,,2003.0,9.0,3.0,,1,False,False,False,True,False,False,False,True,False
2003-03-01,150.0,,124.0,45.0,200.0,,,,2003.0,3.0,1.0,,1,False,False,True,False,False,False,True,False,False
2011-02-22,40.0,75.0,332.0,1950.0,450.0,,432.0,36.0,2011.0,2.0,1.0,0.22590361445783133,1,False,False,True,False,False,False,True,False,False
2005-06-01,90.0,7.0,,,250.0,,,,2005.0,6.0,2.0,,1,False,True,False,False,True,False,False,False,False
2010-03-03,40.0,23.0,100.0,486.0,500.0,,52.8,,2010.0,3.0,1.0,0.23,1,False,False,True,False,False,False,True,False,False
2003-03-06,150.0,,65.0,29.0,250.0,,,,2003.0,3.0,1.0,,1,False,False,True,False,False,False,True,False,False
2008-06-01,65.0,,86.0,210.0,540.0,,20.8,,2008.0,6.0,2.0,,1,False,False,True,False,False,False,True,False,False
